,description
avtools-io,The Media Workflow Toolbox
amidev-org,Alexis Michaltsis Sofware Development
powsybl,Power System Blocks
GenieFramework,Highly productive web development with Julia
invenia,
pvlib,
AssessingSolar,
PV-Tutorials,Tutorial materials for open-source python packages for simulating and analyzing photovoltaic power systems
HTTPS-GitHub-n,allianc partner.
jupyter4edu,Jupyter for Education focuses on best practices and content for teaching with Jupyter notebooks.
OpenModelica,
open-energy-transition,Non-profit that accelerates the energy transition with open data and open source software solutions.
geeckode,open source community
Computer-Engineering-UniPA,
opusonesolutions,
PIK-ICoNe,"Dynamics, stability and resilience of complex hybrid infrastructure networks"
CIRED,Repository for the models developed in CIRED
OneDAS-Group,
nexus-main,
nuaajc-lab107,
Redstone-Tech-Reupload-Group,红石科技搬运组字幕、工具、数据集等。
MaREI-EPMG,
JuliaAtmosOceanHydro,
JuliaClimate,
brightway-lca,Open source framework for Brightway framework
cigroup-ol,
lfenergyarchitecturemodel,
baumrock,
Nault,A secure web based wallet for Nano currency
ii,inclusively integrating the world
kubernetes,Production-Grade Container Scheduling and Management
knative,"Kubernetes-based platform to build, deploy, and manage modern serverless workloads"
kubernetes-sigs,Org for Kubernetes SIG-related work
Safe-Surfer,"Protect the mental health of our young people through technology, education, and advocacy"
knative-extensions,Extensions and plugins that extend the Knative project.
FlatTrackio,Collaborate with your flatmates (available on GitLab)
humacs,
sharingio,A shareable pairing environment
apisnoop,
thisisnottheorganisationyourelookingfor,you are not looking for it
Freelunch-AI,Making 2-person startup unicorns a reality.
egnitionHamburg,Formula Student Team of TUHH. Building electric racecars since 2011 and autonomous racecars since 2016.
cla-assistant,Contributor License Agreement assistant
bloque3,"Software Development Organization focused on building modern, efficient, and scalable technological solutions."
jazzband,We are all part of this
open-energy-transition,Non-profit that accelerates the energy transition with open data and open source software solutions.
PowerGridModel,Steady-state distribution power system analysis
JuliaLang,The Julia Programming Language
numfocus,Non-profit organization promoting accessible and reproducible scientific and technical computing
modelica,Projects of the Modelica Association
PumasAI,Developing scientific leaders in drug development and clinical therapeutics
JuliaCon,The Julia Conference
JuliaGPU,GPU Computing in Julia
JuliaDiff,Differentiation Tools in Julia
JunoLab,Interesting Development Environment
QuantEcon,Open source code for quantitative economic modeling
UCIDataScienceInitiative,
JuliaComputing,
ReScience,Reproducible Science  is good. Replicated Science  is better.
conda-forge,"A community led collection of recipes, build infrastructure and distributions for the conda package manager."
JuliaString,Organization for Julia string handling packages
JuliaPlots,Data visualization in Julia
JuliaMath,Mathematics made easy in Julia
JuliaLabs,
JuliaInterop,Easy interoperability between Julia and other languages
SciML,Open source software for scientific machine learning
JuliaArrays,Custom array types (and utilities for building array types) for Julia
NieLab,"Mathematical, Computational, and Systems Biology"
osmosisfoundation,Open Source Modeling and Simulation Solutions
FluxML,The Elegant Machine Learning Stack
JuliaRegistries,
JuliaDynamics,"A Julia-based software organization for dynamical systems, nonlinear dynamics, complex systems and the complexities of the scientific life"
JuliaPDE,Methods for solving Partial Differential Equations in the Julia programming language
JuliaLinearAlgebra,A collection of linear algebra packages for the Julia Programming Language.
epirecipes,A cookbook of infectious disease transmission models
JuliaSymbolics,A fast and modern CAS for a fast and modern language
mitmath,educational materials for MIT math courses
MIT-AI-Accelerator,Official GitHub of the DAF-MIT AI Accelerator
JuliaHealth,"Using the Julia programming language to improve medicine, health care, public health, and biomedical research."
JuliaSIMD,
MIT-Adaptive-Radio-Science,
ODINN-SciML,Global climate-glacier interactions modelling with Universal Differential Equations
SWQU,
Neuroblox,
JuliaChemicalReactions,An organization focused on development of chemical reactions tools
JuliaEpi,Computational epidemiology in @JuliaLang.
PumasAI-Labs,"One powerful platform, Infinite potential."
JuliaDispatch,Stay tuned! (hehe)
DyadLang,Modern Modeling and Simulation powered by AI
JuliaGraphs,Graph modeling and analysis packages for the Julia programming language
InPhyT,"Complex Systems Modelling Group: Computational Social Science, Epidemiology and Neuroscience."
BayesianDataAnalysisJulia,"@JuliaLang implementation of concepts, methods and examples from ""Bayesian Data Analysis"" by Gelman, Carlin, Stern, Dunson, Vehtari and Rubin."
NeuronalDynamicsJulia,"@JuliaLang implementation of models and exercises from the ""Neuronal Dynamics"" book and course by Gerstner, Kistler, Naud and Paninski."
JuliaEpi,Computational epidemiology in @JuliaLang.
SALib,Sensitivity analysis library for systems modeling
arras-energy,
ScavixSoftware,
satRdays,Accessible R conferences around the world 🤗📊👩‍🏫🙋‍♀️🙋‍♂️➰🌍
HomelabGeneration,Doing all kinds of homelab related stuff.
Riodigital-de,
conda-forge,"A community led collection of recipes, build infrastructure and distributions for the conda package manager."
JuliaLang,The Julia Programming Language
JuliaStats,Statistics and Machine Learning made easy in Julia
JuliaDatabases,Various database drivers for Julia
PumasAI,Developing scientific leaders in drug development and clinical therapeutics
JuliaDiff,Differentiation Tools in Julia
JuliaSparse,Sparse matrix capabilties in the Julia Programming Language
JuliaWeb,Web technologies in the Julia Programming Language
JuliaCI,Continuous integration (CI) support for the Julia programming language
JuliaParallel,Parallel programming in Julia
JuliaGraphs,Graph modeling and analysis packages for the Julia programming language
JuliaIO,A collection of Julia packages for unified IO infrastructure
llvm,This is the LLVM organization on GitHub for the LLVM Project: a collection of modular and reusable compiler and toolchain technologies.
JuliaPackaging,Tooling for Julia's binary packages and dependencies
JuliaMath,Mathematics made easy in Julia
JuliaTime,Date and Time libraries for the Julia Language
JuliaData,"Data manipulation, storage, and I/O in Julia"
JuliaInterop,Easy interoperability between Julia and other languages
JuliaCrypto,Cryptography made easy in Julia
SciML,Open source software for scientific machine learning
JuliaArrays,Custom array types (and utilities for building array types) for Julia
JuliaCollections,"Collections, Data Structures, and Algorithms for Julia"
FluxML,The Elegant Machine Learning Stack
JuliaRegistries,
JuliaStrings,
JuliaLinearAlgebra,A collection of linear algebra packages for the Julia Programming Language.
JuliaSymbolics,A fast and modern CAS for a fast and modern language
JuliaBinaryWrappers,Autogenerated Julia packages for usage with BinaryBuilder and Pkg
JuliaActuary,Actuarial science and modeling packages.
JuliaCommunity,Organizing Julia Community Initiatives
JuliaActions,Please visit https://github.com/julia-actions
JuliaHealth,"Using the Julia programming language to improve medicine, health care, public health, and biomedical research."
JuliaTesting,Testing tools for the Julia language
JuliaVersionControl,
JuliaSIMD,
JuliaEcosystem,
JuliaConcurrent,
PumasAI-Labs,"One powerful platform, Infinite potential."
JuliaFolds2,"JuliaFolds2 is the forked successor to JuliaFolds, and hosts Julia packages for sequential and parallel fold (aka reduce) algorithms"
IgnitedAndExploded,
OpenDataMap,
BYteWareGmbH,
code-for-venezuela,
mammut-io,ML - Computational Linguistics - NLP - NLU - Chatbots
oemof-heat,Modelling energy systems with focus on heat and power-to-heat using oemof
EPSRC-DIGEST,
SciML,Open source software for scientific machine learning
casbin,Casbin authorization library and the official middlewares
casdoor,An Identity and Access Management (IAM) / Single-Sign-On (SSO) platform with beautiful web UI and the official client SDKs
SciFracX,Make fractional order computing and modeling easier than ever.
trixi-gpu,GPU acceleration for hyperbolic PDEs in Julia
chalk-lab,Hong Ge's Research Group at Cambridge University
Zenmo,
psas,Open source aerospace project out of Portland State University.
dragonflyoss,Dragonfly is an open source P2P-based file and image distribution system.
flixOpt,
JuliaEnergy,
PIK-ICoNe,"Dynamics, stability and resilience of complex hybrid infrastructure networks"
collective,Plone/Volto add-ons shared code repositories
beerjs,"visit the ""meta"" repo for info"
EpicGames,
Quora-Users,Unofficial Quora users group on GitHub
opprDev,oppr Developer Team
opprEdu,oppr Education Team
opprGroup,oppr Group
MIMBCD-UI,A Medical Imaging study for Multimodality of Breast Cancer Diagnosis on a novel User Interface.
ETIST,Equipa de Ténis do Instituto Superior Técnico
HPQC-LABS,"High Performance & Quantum Computing. We solve problems on classical & quantum computers. Areas are: Physics, Chemistry, Health Science, Medicine, Computation"
mida-project,A Medical Imaging for a Diagnostic Assistance.
BreastScreening,
sipg-isr,Signal and Image Processing Group -ISR research group
BreastScreeningAI,
FRESNA,Repository of FRESNA (FIAS Renewable Energy Systems & Network Analysis)
EpicGames,
NVIDIAGameWorks,NVIDIA Technologies for game and application developers
EddieHubCommunity,"Community of inclusive Open Source people - Collaboration 1st, Code 2nd! Join our GitHub Org 👇"
CREA-ETSIDI,"Somos una asociación de estudiantes en la ETSIDI, UPM. Nos apasiona el mundo tecnológico y la programación."
LEEM-UPM,
OpenEnergyPlatform,The Open Energy Family and Open Energy Platform
NFDI4Energy,National Research Data Infrastructure for the Interdisciplinary Energy System Research
open-pv,Building the open source website openpv.de to evaluate the solar potential of your building :sunny:
Solar4cast,
OFFIS-DIP,"Data Integration and Processing (DIP) Group, OFFIS e.V."
RAMP-project,Stochastic multi-energy load profiles
oemof,Open Energy Modelling Framework - A modular open source framework to model energy supply systems
TuringLang,Bayesian inference with probabilistic programming
NREL-Sienna,Open Source Tools for Scientific Energy Systems Analysis
pypsa-meets-earth,An open source energy system model initiative for our Earth
open-energy-transition,Non-profit that accelerates the energy transition with open data and open source software solutions.
Ouch-Metaverse-Dao,"Ouch is an upcoming sensorial metaverse project leveraging web3, AI and VR tools (OVR, haptics, etc) for creating social and dating experiences"
uclchem,"Members of the UCL Astronomy group creating, maintaining and using UCLCHEM"
PhIMaL,
QueSDP,Studying applications of semi-definite programming in queuing theory
tsinghua-TEEP,An educational program aiming to resolve the Tsien's question.
Lean-zh,
powsybl,Power System Blocks
chargebyte,
BBH-Consulting-collaboration,
numfocus,Non-profit organization promoting accessible and reproducible scientific and technical computing
OpenMined,
oahmedlab,
NeuroHackademy2024,
openego,open electricity Grid optimization
BTU-EnerEcon,BTU Chair of Energy Economics
GreenDealUkraina,"Berlin and Kyiv-based climate and energy think tank that supports Ukrainian governmental institutions, policymakers, experts, and wider society."
IBM,Open Source @ IBM
OpenModelica,
DEA-GE,We share best practice from the green transition in Denmark through government-to-government cooperation.
rnajena,
MechatronicsBlog,"Artificial intelligence, programming and embedded devices"
Energies-citoyennes-en-Pays-de-Vilaine,
JuliaLang,The Julia Programming Language
JuliaComputing,
JuliaStrings,
ESICUP,"The working group on Cutting and Packing within EURO, the Association of the European Operational Research Societies."
llvm,This is the LLVM organization on GitHub for the LLVM Project: a collection of modular and reusable compiler and toolchain technologies.
PowerGridModel,Steady-state distribution power system analysis
Infopy,Study group for functional and object oriented programming (FOP)
tuda-typst,Inofficial Typst templates for the Technical University of Darmstadt
xenia-project,Xbox 360 Emulator Research Project
codecentric,
llvm,This is the LLVM organization on GitHub for the LLVM Project: a collection of modular and reusable compiler and toolchain technologies.
curiositas-books,
Alliander,Alliander werkt aan de energie van vandaag en morgen
alliander-opensource,Open Source repositories from Alliander. Interested? Send us an e-mail!
NBility-Model,
lfenergyarchitecturemodel,
ospo-nl,"Open Source Program Office collaboration, best practices of NL parties"
PowerGridModel,Steady-state distribution power system analysis
sysmodel,System-Level Model Development Engineering Lab: Bringing Clarity to Complex Systems
EnergyModelsX,
typed-typings,"Deprecated, use @types. The collection of TypeScript definitions"
JuliaLang,The Julia Programming Language
JuliaStats,Statistics and Machine Learning made easy in Julia
JuliaSparse,Sparse matrix capabilties in the Julia Programming Language
JuliaGraphics,
JuliaIO,A collection of Julia packages for unified IO infrastructure
JuliaPackaging,Tooling for Julia's binary packages and dependencies
JuliaMath,Mathematics made easy in Julia
JuliaDocs,Documentation-related packages for Julia.
JuliaData,"Data manipulation, storage, and I/O in Julia"
JuliaRegistries,
JuliaStrings,
JuliaDebug,
JuliaTesting,Testing tools for the Julia language
rezometz,The association in charge of providing an Internet access to CentraleSupélec (Metz) students
comet-robot,
bible-sacy,Sources du site https://bible.sacy.be qui permet de consulter des numérisations effectuées par Google de la Bible de Sacy (ou de Port-Royal)
ChaosSchulInformatiker,Some very cool guys from the school class Q12
Valama,
RIOT-OS,The friendly Operating System for the Internet of Things
flojoy-ai,Joyful visual programming in Python
latenthost,
PowerGridModel,Steady-state distribution power system analysis
netz39,Magdeburger Hackerspace
FreifunkMD,
nettworks-e-V,
JuliaCommunity,Organizing Julia Community Initiatives
geem-lab,⚛️📈 Molecular Electronic Structure Group
JuliaChemicalReactions,An organization focused on development of chemical reactions tools
WebSearchMol,
HartreeFoca,A computational chemistry software based on McMurchie Davidson and Neural Networks
ENVIRO-Module,
LIVENlab,"These are the research and education repositories of the Research lab on environmental assessment for the energy transition, based at ICTA-UAB"
PIK-ICoNe,"Dynamics, stability and resilience of complex hybrid infrastructure networks"
DiscUtils,
OrganizacaoRamalho,
openego,open electricity Grid optimization
rl-institut,
ReeemProject,Role of technologies in an energy efficient economy – model based analysis policy measures and transformation pathways to a sustainable energy system
OpenEnergyPlatform,The Open Energy Family and Open Energy Platform
NFDI4Energy,National Research Data Infrastructure for the Interdisciplinary Energy System Research
protontypes,A Free Community Accelerating Open and Sustainable Technology
Autonomous-Logistics,An Organisation at StreetScooter and DPDHL
opencorridor,Democratising sustainability intelligence 🌐🌎
open-energy-transition,Non-profit that accelerates the energy transition with open data and open source software solutions.
EpicGames,
dataAt,
IDAES,Institute for the Design of Advanced Energy Systems
CCSI-Toolset,The Carbon Capture Simulation Initiative (CCSI) Toolset is a suite of computational models for carbon capture equipment and design processes.
energy-modelling-toolkit,A fully open inter-institutional energy modelling group. It serves as an umbrella organization that hosts open datasets and models.
IIT-EnergySystemModels,Analysis and design of regulatory policies for the energy transition evaluated using decision-support models and in the technical and economic analysis of gene
coala,
cire-thk,Open source projects: Team Cologne Institute for Renewable Energy of University of Applied Sciences of Cologne (TH Köln)
th-koeln-iet,
eclipse,
EIPStackGroup,Open Source EtherNet/IP implementations
eclipse-4diac,
microsoft,Open source projects and samples from Microsoft
dotnet,Home of the open source .NET platform
MicrosoftEdge,"Microsoft Edge open source projects - demos, tools, data"
MicrosoftWHATWGContributors,
NatLabRockies,
BuildingPerformanceSimulation,Community discussion and development of building performance simulation topics and tools.
InteragencyHotshotCrews,
GSH-LAN,
CIRAIG,
itesla,
OpenIPSL,An team of collaborators developing the OpenIPSL Modelica library for power system simulations and other related oss projects in power system modeling and sim.
groupoasys,
ipython,interactive computing in Python
NatLabRockies,
OST-Stud,"Wenn du das erste mal auf @OST-Stud bist, sieh dir das Repo Willkommen an. Bei Fragen, E-Mail an  fachschaft-e@ost.ch"
openhsr,Wir fördern die Open Source Community und alternative Betriebssysteme an der HSR.
UNSW-CEEM,
Tithibots,Python Bots
TrashMate,
Indian-Online-Education-Environment,
DeepRank,
EddieHubCommunity,"Community of inclusive Open Source people - Collaboration 1st, Code 2nd! Join our GitHub Org 👇"
dss-extensions,Language interfaces and extensions for an alternative implementation of EPRI's OpenDSS
RWTH-EBC,
TemoaProject,An open source energy system model
TUHH-ICS,
RoboCup-SPL,RoboCup Standard Platform League
switch-model,Optimal planning model for power systems with large shares of renewable energy
opensistemas-hub,
aereset,
cloudpipe,
CojoCompany,
Soundphy,
markdownreveal,
Bulebots,
sphinx-contrib,A collection of Sphinx extensions maintained by their respective authors. It is not an official part of Sphinx.
open-robosports,
micromouseworld,
pvlib,
agoenergy,"Agora Energiewende is a think tank that develops evidence-based and politically viable strategies to advance the goal of climate neutrality in Germany, Europe,"
RITRedteam,Various public projects from RITSEC Redteam members. ALL PROJECTS ARE PROVIDED AS IS WITH NO WARRANTY.
ritsec,"RITSEC is a student run club at Rochester Institute of Technology. For the redteam repositories, check out https://github.com/ritredteam/"
ml6team,Leading European AI organization
spec-first,
sat-clique,
wasmi-labs,Developers of the Wasmi WebAssembly interpreter and associated projects.
IDAES,Institute for the Design of Advanced Energy Systems
BieglersGroup,
Schraml,Führender Anbieter für Prozessleitsysteme und Fernwirktechnik
ropensci,Tools and R Packages for Open Science
MassAtLeeds,
npct,Building the Propensity to Cycle Tool for the UK's Department for Transport
itsleeds,
geocompr,
ATFutures,Active Transport Futures
PieceWiseProjects,
wearehx,
JuliaEnergy,
oemof,Open Energy Modelling Framework - A modular open source framework to model energy supply systems
wind-python,
DAISEE,Open design program for people who consider energy as a commons. We're going to build the 'internets of energy'.
FitTrackee,
NetbeheerNederland,Netbeheer Nederland is de brancheorganisatie van alle elektriciteit- en gasnetbeheerders van Nederland.
lf-energy,Bringing open source to the energy sector
com-pas,61850 SCL management and configuration tool
openscd,
netlogix,Digital Platform Architects
confluentinc,Real-time streams powered by Apache Kafka®
open-energy-transition,Non-profit that accelerates the energy transition with open data and open source software solutions.
PerformanceEstimation,
MaREI-EPMG,
JabRef,
HaxeFoundation,
vshaxe,Everything about the Haxe-VSCode tandem
JuliaGPU,GPU Computing in Julia
NVIDIAGameWorks,NVIDIA Technologies for game and application developers
JuliaGraphics,
JuliaGL,Julia packages for the OpenGL API and ecosystem.
JuliaGraphs,Graph modeling and analysis packages for the Julia programming language
JuliaGeometry,Computational Geometry with Julia
JuliaIO,A collection of Julia packages for unified IO infrastructure
JuliaImages,Julia packages for image processing
JuliaPlots,Data visualization in Julia
JuliaPackaging,Tooling for Julia's binary packages and dependencies
JuliaArrays,Custom array types (and utilities for building array types) for Julia
JuliaGizmos,A garage in dimension c-137
MakieOrg,Organization for the Makie plotting ecosystem
powsybl,Power System Blocks
JuliaSparse,Sparse matrix capabilties in the Julia Programming Language
RISPLab,"With RISP, no RISK. Do Planning, to prevent Killing."
modelica,Projects of the Modelica Association
JuliaGeo,"JuliaGeo is a community of researchers, engineers and others interested in working with spatial data in Julia."
EpicGames,
NVIDIAGameWorks,NVIDIA Technologies for game and application developers
JuliaLang,The Julia Programming Language
recursecenter,
JuliaQuant,
JuliaDatabases,Various database drivers for Julia
JuliaComputing,
JuliaIO,A collection of Julia packages for unified IO infrastructure
NYU-MSDSE-SWG,
JuliaML,Julia packages for Machine Learning
JuliaTime,Date and Time libraries for the Julia Language
JuliaData,"Data manipulation, storage, and I/O in Julia"
JuliaCrypto,Cryptography made easy in Julia
JuliaCloud,Cloud service interfaces for Julia
JuliaStrings,
JuliaActuary,Actuarial science and modeling packages.
JuliaLangSlack,Projects built to enable the Julia Lang community Slack workspace
JuliaActions,Please visit https://github.com/julia-actions
JuliaTesting,Testing tools for the Julia language
JuliaRNGs,
JuliaVersionControl,
JuliaFolds2,"JuliaFolds2 is the forked successor to JuliaFolds, and hosts Julia packages for sequential and parallel fold (aka reduce) algorithms"
googlers,Googlers on GitHub
MicroGridsPy,
Ubar,
lab10-coop,Sustainable blockchain solutions to co-create a zero-carbon society.
artis-eco,
Design-and-Code,"Connect, Collaborate and Comprehend."
nsec,Applied Security Competition
pnfsoftware,"Sample code, scripts and plugins for JEB Decompiler - Twitter @jebdec"
powsybl,Power System Blocks
IBM,Open Source @ IBM
OrderlyNetwork,The permissionless liquidity layer for Web3 trading
spine-tools,Open source modelling tools
vttresearch,VTT Technical Research Centre of Finland Ltd
atom-community,Brings an integrated development environment to Atom
vc-assist,"Student-run, not-for-profit organization enhancing digital educational infrastructure at Valley Christian Schools (VCS)."
vcsdclub,Valley Christian High School's Software Development Club
SalonDesDevs,Communauté française de développement
RPM-Outpost,"RPM Packages for Fedora, OpenSUSE and Mageia"
alumet-dev,"Development of the ALUMET measurement software for efficient and sustainable computing (Adaptive, Lightweight, Unified Metrics)"
JuliaHEP,Open-Source Julia projects for particle physics
PROSOZ,
artesa,
Strukturpiloten,
Alliander,Alliander werkt aan de energie van vandaag en morgen
PowerGridModel,Steady-state distribution power system analysis
JabRef,
esk8b,Opensource Elektro-Skateboard Projekt
syncpoint,
dodevops,Tools by DevOps architects for DevOps architects
EXXETA,"Exxeta challenges the traditional concept of consulting and tech. We love making an impact, with digital services powered by passion and new perspectives."
llnl,"For over 70 years, the Lawrence Livermore National Laboratory has applied science and technology to make the world a safer place."
NIFVentures,
voytekresearch,Code & projects from the Voytek lab at UC San Diego.
COGS108,Course materials for Data Science in Practice
COGS18,COGS18: Introduction to Python
fooof-tools,Parameterizing Neural Power Spectra
lisc-tools,Automated collection & analysis of scientific literature.
neurodsp-tools,Digital signal processing for neuroscience.
bycycle-tools,Cycle-by-Cycle analyses of neural oscillations.
openlists,Curated lists of Open Resources.
structuredscience,"Tools, templates, tips & tricks for organized science."
ERPscanr,Automated analysis of the ERP literature.
DataScienceInPractice,Materials for learning the introductory hands-on data science.
IntroductoryPython,Materials for learning the Python programming language.
OscillationMethods,Methodological considerations for neural oscillations.
AperiodicMethods,Investigating methods for analyzing aperiodic neural activity.
HSNPipeline,A pipeline for human single-neuron projects.
spiketools,Analysis tools for single unit data.
TimeSeriesZoo,
SPSUnipi,
pydata,
xgcm,xarray-based tools for general circulation model analysis
pyqg,
pangeo-data,A community effort for big data geoscience
zarr-developers,Contributors to the Zarr open source project.
xarray-contrib,xarray compatible projects
ocean-transport,LDEO Ocean Transport Group
earth-mover,The cloud platform for scientific data teams
cubed-dev,
PowerGridModel,Steady-state distribution power system analysis
open-energy-transition,Non-profit that accelerates the energy transition with open data and open source software solutions.
powsybl,Power System Blocks
TribeMC,
fhac-ewi,"This organization contains projects managed by students from the Master ""Energiewirtschaft und Informatik"" @FH Aachen."
SciML,Open source software for scientific machine learning
BoxLib-Codes,A collection of codes built around the BoxLib adaptive mesh refinement library
AMReX-Codes,AMReX-Codes: Block-Structured AMR Software Framework and Applications
spack,"A flexible package manager that supports multiple versions, configurations, platforms, and compilers."
AMReX-Astro,The AMReX Astrophysics Suite: adaptive mesh refinement hydrodynamics codes for astrophysical flows.
ECP-WarpX,NOTE: We moved to https://github.com/BLAST-WarpX and https://github.com/BLAST-ImpactX
AMReX-FHD,
Hi-PACE,
AMReX-Fluids,
BLAST-ImpactX,high-performance modeling of beam dynamics in particle accelerators with collective effects
BLAST-WarpX,WarpX is an advanced electromagnetic & electrostatic Particle-In-Cell code.
KuantumBS,KuantumBS: Kuantum Bilgi Sistemleri (KBSr): Quantum Information Systems: QISs
lanl-ansi,Los Alamos Advanced Network Science Initiative
MATPOWER,
python-spain,Asociación Python España
hackathongi,
GNUites,
securipy,
devnullteam,
pygrn,Som Gironins apassionats pel llenguatge de programació Python! 🐍🐍🐍
geekapalooza,
PyCampES,"El PyCamp es un evento sin fines de lucro que consiste en apoderarse de un lugar, nos juntamos a programar y divertirnos durante 4 días completos."
Andorra-Makers,
JuliaDiff,Differentiation Tools in Julia
JuliaMath,Mathematics made easy in Julia
JuliaLabs,
SciML,Open source software for scientific machine learning
JuliaLinearAlgebra,A collection of linear algebra packages for the Julia Programming Language.
JuliaBLAS,
JuliaSymbolics,A fast and modern CAS for a fast and modern language
JuliaPerf,
JuliaCommunity,Organizing Julia Community Initiatives
JuliaHealth,"Using the Julia programming language to improve medicine, health care, public health, and biomedical research."
JuliaStaging,"utilities to analyze, generate and evaluate julia code for multi-stage scenarios"
JuliaSIMD,
kubernetes,Production-Grade Container Scheduling and Management
kubernetes-sigs,Org for Kubernetes SIG-related work
energy-solution,
NREL-Sienna,Open Source Tools for Scientific Energy Systems Analysis
NLeSC,
lpoo,Repositório do Laboratório de Pesquisa Operacional e Otimização - LPOO
ufpr-opt,
JuliaSmoothOptimizers,Infrastructure and Solvers for Continuous Optimization in Julia
CiDAMO,"Grupo de Ciência de Dados, Aprendizagem de Máquina e Otimização"
jso-docs,
TulipaEnergy,Energy System Optimization Tools from TNO and eScience
patsec,
django-commons,
BoxLib-Codes,A collection of codes built around the BoxLib adaptive mesh refinement library
pynucastro,a python library for nuclear astrophysics
starkiller-astro,
AMReX-Astro,The AMReX Astrophysics Suite: adaptive mesh refinement hydrodynamics codes for astrophysical flows.
kepler-tools,"A github organization for collecting, sharing, and collaborating on tools facilitating use and analysis of the Kepler stellar evolution code."
thermocycle,
Pyomo,
ESTIASYSTEM,"Association ESTIA de robotique et mécatronique, participant à la Coupe de France de Robotique, à la Robocup et au Dassault UAV Challenge"
pvlib,
PowerGrids,
OpenModelica,
AeroPython,
catalyst-cooperative,Catalyst is a small data engineering cooperative working on electricity regulation and climate change.
FGV-Energia,Centro de Estudos em Energia da Fundação Getúlio Vargas
gridlab-d,GridLAB-D is a distribution level power system simulator designed to allow users to create and analyze smart grid technologies.
GMLC-TDC,Repository for the GMLC TDC tool suite - HELICS
EpicGames,
AIEADA,
Flash-X,All things related to Flash-X multiphysics software
Box-Tools,Forks and helper tools for block-structured datasets
CROCUS-Urban,CROCUS Project
Lab-Notebooks,Reproducibility capsules and execution environments for computational experiments
JuliaOceanWaves,
NixOS,
cvxgrp,
ODINN-SciML,Global climate-glacier interactions modelling with Universal Differential Equations
erasmus-mundus-geotech-master,"Students, professors and graduates of the Erasmus Mundus Master of Science in Geospatial Technologies."
Doshy-Org,Organization dedicated to developing free & open source projects
palma-ice,
Human-Lambdas,
treebeardtech,Scaling machine learning operations in Kubernetes
flexiblepower,FAN is open standard and implementation that connects devices with energy management services.
NatLabRockies,
mit,"For students/alumni/staff/MIT affiliates! To join, email with GitHub+Athena usernames."
JuliaLabs,
JuliaClimate,
CliMA,The next generation of climate models. Built in the open.
RoseauTechnologies,
Ingenieria-Electrica-UdeA,
citiususc,Centro Singular de Investigación en Tecnoloxías Intelixenteas da Universidade de Santiago de Compostela
magnasco,Development initiatives & technical assistance
JuliaGPU,GPU Computing in Julia
JuliaSparse,Sparse matrix capabilties in the Julia Programming Language
JuliaSmoothOptimizers,Infrastructure and Solvers for Continuous Optimization in Julia
JuliaLinearAlgebra,A collection of linear algebra packages for the Julia Programming Language.
exanauts,An eclectic collection of ECP ExaSGD project codes
MadNLP,
xmpppy,
zerotired,
crate,The Database for Real-Time Analytics and Hybrid Search
conda-forge,"A community led collection of recipes, build infrastructure and distributions for the conda package manager."
hiveeyes,"A flexible beehive monitoring system based on affordable hardware, wireless telemetry and modern software. Open source, open hardware and a friendly community."
ip-tools,Open source patent data processing software
daq-tools,"Open source data acquisition, processing and visualization software"
tunfish,A VPN infrastructure based on WireGuard.
posterkit,Your lovely poster production toolkit
media-toolbox,
panodata,"Open data, beautiful visualizations, sensible discussions."
earthobservations,
cicerops,Little programs for sweet operations.
mqtt-tools,"MQTT utilities across the board. Open source, and a friendly community."
wireviz,
pyveci,"Python, mostly."
singer-contrib,A few components adhering to the Singer specification for composable open source ETL.
tech-writing,"Discourse, GitHub, Sphinx, mostly."
kollapsfunk,"Discussing radio systems using LoRa and related technologies. Open source, open hardware, and a friendly community."
switch-model,Optimal planning model for power systems with large shares of renewable energy
blue-marble,
evcc-io,solar charging ☀️🚗
rlai-lab,
protontypes,A Free Community Accelerating Open and Sustainable Technology
LAMPSPUC,"Laboratory for research and development on mathematical programming (optimization) and statistics. Electrical and Industrial Engineering departments, PUC-Rio."
soreva,
sgs-weather-and-environmental-systems,
irasus-technologies,
gymneus,
tonbo-imaging,
powsybl,Power System Blocks
JuliaEnergy,
iiasa,International Institute for Applied Systems Analysis
Jugendhackt,
bitcoinaustria,
novid20org,
JuliaLang,The Julia Programming Language
numfocus,Non-profit organization promoting accessible and reproducible scientific and technical computing
JuliaStats,Statistics and Machine Learning made easy in Julia
JuliaOpt,(Obsolete organization; see github.com/jump-dev) Mathematical Optimization in Julia
JuliaCon,The Julia Conference
JuliaDiff,Differentiation Tools in Julia
JuliaSparse,Sparse matrix capabilties in the Julia Programming Language
JuliaWeb,Web technologies in the Julia Programming Language
JuliaCI,Continuous integration (CI) support for the Julia programming language
JuliaIO,A collection of Julia packages for unified IO infrastructure
JuliaPackaging,Tooling for Julia's binary packages and dependencies
JuliaMath,Mathematics made easy in Julia
JuliaDocs,Documentation-related packages for Julia.
JuliaTime,Date and Time libraries for the Julia Language
JuliaData,"Data manipulation, storage, and I/O in Julia"
JuliaLabs,
JuliaInterop,Easy interoperability between Julia and other languages
JuliaCloud,Cloud service interfaces for Julia
JuliaArrays,Custom array types (and utilities for building array types) for Julia
JuliaCollections,"Collections, Data Structures, and Algorithms for Julia"
JuliaRegistries,
JuliaStrings,
JuliaLinearAlgebra,A collection of linear algebra packages for the Julia Programming Language.
beacon-biosignals,
4-geeks,"We are 4 Geeks. We love AI, python and technology."
Pandas-Team,
OM4A-Training-Material,"This platform hosts the training materials for the use of the OM4A Models Toolbox, developed under Horizon Europe Energy project 101118123 – OpenMod4Africa."
BikunApp,
fwui,
IEEE-UI,
alpyca,
AMReX-Codes,AMReX-Codes: Block-Structured AMR Software Framework and Applications
seahorce-scidac,
conda-forge,"A community led collection of recipes, build infrastructure and distributions for the conda package manager."
astropy,
python-madrid,
python-spain,Asociación Python España
Pybonacci,Python y Ciencia
AeroPython,
CAChemE,CAChemE is a nonprofit organization of chemical engineers aiming to encourage the new process engineering software possibilities
OpenAstronomy,
conda-forge,"A community led collection of recipes, build infrastructure and distributions for the conda package manager."
poliastro,Astrodynamics in Python
python-astrodynamics,
PyDataMadrid,"Nos reunimos el tercer o cuarto jueves de cada mes para hablar de Python, Datos, Visualización, Inteligencia Artificial, ¡y lo que surja!"
Mercado-Social-de-Madrid,
PyCampES,"El PyCamp es un evento sin fines de lucro que consiste en apoderarse de un lugar, nos juntamos a programar y divertirnos durante 4 días completos."
python-discord-es,Comunidad de Python en Español en Discord
groupoasys,
yt-project,A toolkit for analysis and visualization of volumetric data
AMReX-Codes,AMReX-Codes: Block-Structured AMR Software Framework and Applications
ECP-WarpX,NOTE: We moved to https://github.com/BLAST-WarpX and https://github.com/BLAST-ImpactX
seahorce-scidac,
BLAST-ImpactX,high-performance modeling of beam dynamics in particle accelerators with collective effects
BLAST-WarpX,WarpX is an advanced electromagnetic & electrostatic Particle-In-Cell code.
powsybl,Power System Blocks
SolarArbiter,
ComputationalRadiationPhysics,
pngwriter,
conda-forge,"A community led collection of recipes, build infrastructure and distributions for the conda package manager."
openPMD,Open Standard for Particle-Mesh Data
eucall-software,EUCALL will build bridges between major laser and X-ray research centres
fbpic,"A spectral, quasi-3D Particle-In-Cell code, for CPU and GPU"
AMReX-Codes,AMReX-Codes: Block-Structured AMR Software Framework and Applications
gcoe-dresden,GPU Center of Excellence Dresden
spack,"A flexible package manager that supports multiple versions, configurations, platforms, and compilers."
ECP-WarpX,NOTE: We moved to https://github.com/BLAST-WarpX and https://github.com/BLAST-ImpactX
MPILander,
picmi-standard,
ideas-productivity,Software productivity and sustainability for computational science and engineering on high-performance computers
alpaka-group,Abstraction Library for Parallel Kernel Acceleration
Hi-PACE,
GEECS-BELLA,
snowmass-compf2-accbeammodel,Interest group in Theoretical Calculations and Simulation (CompF2) of the APS DPF Snowmass21 process
campa-consortium,Collaboration for Advanced Modeling of Particle Accelerators
LASY-org,
isav-workshop,
hpsfoundation,High Performance Software Foundation
BLAST-ImpactX,high-performance modeling of beam dynamics in particle accelerators with collective effects
BLAST-WarpX,WarpX is an advanced electromagnetic & electrostatic Particle-In-Cell code.
BLAST-codes,"Beam, Plasma & Accelerator Simulation Toolkit (BLAST)"
10TeV-wakefield-collider,
BLAST-AI-ML,AI/ML initiatives using the BLAST ecosystem (Beam pLasma & Accelerator Simulation Toolkit)
pals-project,An effort to create a standard to promote lattice information exchange for particle accelerators.
uo-cdux,Computing and Data Understanding at eXtreme Scale (CDUX)
conda-forge,"A community led collection of recipes, build infrastructure and distributions for the conda package manager."
xsdk-project,Organization for the Extreme-scale Scientific Software Development Kit (xSDK)
gafusion,Theory group code repository
llnl,"For over 70 years, the Lawrence Livermore National Laboratory has applied science and technology to make the world a safer place."
xsdk-project,Organization for the Extreme-scale Scientific Software Development Kit (xSDK)
spack,"A flexible package manager that supports multiple versions, configurations, platforms, and compilers."
sundials-codes,https://computing.llnl.gov/projects/sundials
coolfluid,
shinyblink,"Shiny things and blinkenlights! Icon by twitter.com/rakujira, many thanks!"
frama19,
dipko-gmbh,DIPKO – Digitale Plattform für kommunale Services
heroku,
Metalab,"Metalab is a hackspace in Vienna, Austria — an open center for people who do creative things with technology."
hackerbeach,
rails-girls-summer-of-code,
farbsucht,
interagent,Tools and docs for building and using HTTP APIs
rossconf,ROSS conft aims to convince more people to contribute to the open source projects on top of which the Ruby developer community builds.
LedOverkill,
oemof,Open Energy Modelling Framework - A modular open source framework to model energy supply systems
RoseauTechnologies,
NixOS,
opensourcedesign,Connecting open source & design! 🎨 Join our forum at https://discourse.opensourcedesign.net
modelica,Projects of the Modelica Association
sipgate,"sipgate isn’t your typical telephony provider. With 300 colleagues, we work together on extraordinary landline and telephony services just for you."
bytebus,
eager-dev,Developers of the EAGERx project
oemof,Open Energy Modelling Framework - A modular open source framework to model energy supply systems
wind-python,
open-fred,open Feed-in time series based on a Renewable Energy Database
GlobalArrays,
JuliaOpt,(Obsolete organization; see github.com/jump-dev) Mathematical Optimization in Julia
JuliaPolyhedra,Polyhedral Computation in Julia
JuliaAlgebra,Numerical Algebra
JuliaReach,Reachability Computations for Dynamical Systems in Julia
JuliaStochOpt,Stochastic Optimization in Julia
jump-dev,An organization for the JuMP modeling language and related repositories.
Pyomo,
IDAES,Institute for the Design of Advanced Energy Systems
gridlab-d,GridLAB-D is a distribution level power system simulator designed to allow users to create and analyze smart grid technologies.
switch-model,Optimal planning model for power systems with large shares of renewable energy
kubeflow,"Kubeflow is an open, community driven project to make it easy to deploy and manage an ML stack on Kubernetes"
plurigrid,building for a more agentic mesoscale 🦆
hoodiehq,"Very Fast Web Development — Friendly, Offline-First Backend for your apps"
nodeschool,Open source workshops that teach web software skills
conc-at,The web development conference in Austria
semantic-release,
greenkeeperio,"🌴 Your software, up to date, all the time."
NixOS,
BrainBuilders,plug 'n play intelligence
calliope-project,A multi-scale energy systems modelling framework
calliope-project,A multi-scale energy systems modelling framework
open-energy-transition,Non-profit that accelerates the energy transition with open data and open source software solutions.
cvxgrp,
oxfordcontrol,
oemof,Open Energy Modelling Framework - A modular open source framework to model energy supply systems
NatLabRockies,
llnl,"For over 70 years, the Lawrence Livermore National Laboratory has applied science and technology to make the world a safer place."
iiasa,International Institute for Applied Systems Analysis
oemof,Open Energy Modelling Framework - A modular open source framework to model energy supply systems
oemof,Open Energy Modelling Framework - A modular open source framework to model energy supply systems
rl-institut,
oemof-heat,Modelling energy systems with focus on heat and power-to-heat using oemof
TAMUparametric,The Pistikopoulos Research Group at Texas A&M University
powsybl,Power System Blocks
Cog-Creators,
tamuctf,
Avalice,Various Freedom Planet-related things. Not formally associated with @GalaxyTrail or its employees.
tengen-io,
open-pucs,
Pyomo,
Echelle,Silicon diffractive optics research at the University of Texas at Austin
JuliaLang,The Julia Programming Language
JuliaCon,The Julia Conference
JuliaGPU,GPU Computing in Julia
PhysikOnline-FFM,"The PhysikOnline eLearning team at Institute for theoretical Physics, Goethe University Frankfurt. Existed 2010-2020. RIP."
openjournals,"Open Journals is a collection of open source, open access journals"
JuliaParallel,Parallel programming in Julia
UniversityofCologne,
JuliaPhysics,Physics in Julia
JuliaRegistries,
JuliaHPC,High-Performance Computing in Julia
JuliaLinearAlgebra,A collection of linear algebra packages for the Julia Programming Language.
JuliaPerf,
JuliaFolds2,"JuliaFolds2 is the forked successor to JuliaFolds, and hosts Julia packages for sequential and parallel fold (aka reduce) algorithms"
PowerGrids,
IBM,Open Source @ IBM
docling-project,
sternSargentRA,
EconForge,
QuantEcon,Open source code for quantitative economic modeling
NYUEcon,
NYUDataBootcamp,
ai4energy,数智能源研究组
lanl,
MiniZinc,MiniZinc is a free and open-source constraint modeling language
discreteoptimization,Open Source Materials for Discrete Optimization on Coursera
ieee-pes-amps,Analytical Methods for Power Systems Technical Committee (AMPS) of the IEEE Power and Energy Society
lanl-ansi,Los Alamos Advanced Network Science Initiative
power-grid-lib,
open-energy-transition,Non-profit that accelerates the energy transition with open data and open source software solutions.
SEUEEARDUINO,
zaphiro-technologies,The leading Swiss deep tech company in Smart Grid solutions
thunder,
BurdaMagazinOrg,
plotly,
JuliaOpt,(Obsolete organization; see github.com/jump-dev) Mathematical Optimization in Julia
RelationalAI,
SESMG,Open source energy system modeling tool developed at Münster University of Applied Sciences
rl-institut,
OpenEnergyPlatform,The Open Energy Family and Open Energy Platform
open-modex,Model experiments of 5 open-source frameworks.
NFDI4Energy,National Research Data Infrastructure for the Interdisciplinary Energy System Research
oemof,Open Energy Modelling Framework - A modular open source framework to model energy supply systems
znes,For legal notices see http://www.uni-flensburg.de/en/legal-notice and http://www.hs-flensburg.de/impressum
pism,"An open source, parallel, high-resolution ice sheet model"
ie3-institute,Official github account of the ie3 - one of the leading German higher education research institutes in the field of energy
IIT-EnergySystemModels,Analysis and design of regulatory policies for the energy transition evaluated using decision-support models and in the technical and economic analysis of gene
GridMod,
NREL-Sienna,Open Source Tools for Scientific Energy Systems Analysis
collective,Plone/Volto add-ons shared code repositories
iwlearn,IW:LEARN is the Global Environment Facility's (GEF) International Waters Learning Exchange and Resource Network.
jazzband,We are all part of this
spine-tools,Open source modelling tools
TulipaEnergy,Energy System Optimization Tools from TNO and eScience
catalyst-cooperative,Catalyst is a small data engineering cooperative working on electricity regulation and climate change.
sandialabs,Exceptional service in the national interest.
EddieHubCommunity,"Community of inclusive Open Source people - Collaboration 1st, Code 2nd! Join our GitHub Org 👇"
KAPSARC,
speedovation,"Open source, from Speedovation with love"
samitsol,
flexiblepower,FAN is open standard and implementation that connects devices with energy management services.
powsybl,Power System Blocks
jupyter,Interactive Computing
jupyterhub,Official JupyterHub-related repositories
jupyterlab,JupyterLab: The Next Generation UI for Project Jupyter
pangeo-data,A community effort for big data geoscience
neurohackademy,
ThoriumEnergyWorld,
learning-2-learn,
hack-for-sweden,Sweden's new platform for citizen-driven innovation
digineo,
FreifunkBremen,
FRESNA,Repository of FRESNA (FIAS Renewable Energy Systems & Network Analysis)
PyPSA,Python for Power System Analysis
open-energy-transition,Non-profit that accelerates the energy transition with open data and open source software solutions.
coverallsapp,DELIVER BETTER CODE
mornedhels,
TuringLang,Bayesian inference with probabilistic programming
powsybl,Power System Blocks
automacoin,To whoever computes for science the world is revealed
cscale-io,
Gnucash,
libofx,
znes,For legal notices see http://www.uni-flensburg.de/en/legal-notice and http://www.hs-flensburg.de/impressum
Bulebots,
psygrammer,
reinforcement-learning-kr,
geultto,
betastarcraft,
kpmg-ppap,
BNM2h,
TUBerlin-project,
mutQoin,mutQoin team @Qiskit Hackaton KR
Effithon-Project,
CS285-KOR,
CS224W-KOR,
TINYML-KOR,
BeyondStepsRL,Beyond Steps RL
pvlib,
SolarPerformanceInsight,
Jugendhackt,
Chaostreff-Potsdam,
hiqs-gmbh,Your partner for the digital transformation.
gridlab-d,GridLAB-D is a distribution level power system simulator designed to allow users to create and analyze smart grid technologies.
ITsysCOM,
materialsproject,
IDAES,Institute for the Design of Advanced Energy Systems
roboterclubaachen,We build awesome robots for the Eurobot competition.
RIOT-OS,The friendly Operating System for the Internet of Things
RWTH-OS,Part of the Institute for Automation of Complex Power Systems
enlyze,The enlyze company account
open-energy-transition,Non-profit that accelerates the energy transition with open data and open source software solutions.
IBM,Open Source @ IBM
open-energy-transition,Non-profit that accelerates the energy transition with open data and open source software solutions.
ie3-institute,Official github account of the ie3 - one of the leading German higher education research institutes in the field of energy
iiasa,International Institute for Applied Systems Analysis
IAMconsortium,
openENTRANCE,"openENTRANCE develops an open, transparent & integrated modelling platform for low-carbon transition pathways in Europe, funded by the EU Horizon 2020 programme"
ncsa,National Center for Supercomputing Applications
applicationskeleton,
Parsl,"Parsl: Enabling easy parallelism on clusters, clouds and supercomputers."
iris-hep,Institute for Research and Innovation in Software for High Energy Physics
scailfin,Scalable CyberInfrastructure for Artificial Intelligence and Likelihood Free Inference
researchsoft,
funcx-faas,funcX: High Performance Function Serving for Science
illinois-ceesd,
bbThemis,
rse-council,The International Council of RSE Associations provides a formal open forum for established national and multinational RSE associations to talk and collaborate.
JuliaPlots,Data visualization in Julia
spine-tools,Open source modelling tools
TulipaEnergy,Energy System Optimization Tools from TNO and eScience
pypsa-meets-earth,An open source energy system model initiative for our Earth
SPSUnipi,
gisce,IT for Energy utilities
CLIMADA-project,Research group at ETH Zurich
gridlab-d,GridLAB-D is a distribution level power system simulator designed to allow users to create and analyze smart grid technologies.
eudoxys,"Electricity load data, analytics, forecasting, modeling, and simulation"
arras-energy,
gridlabd-tutorials,Tutorials to guide newcomers to GridLAB-D on the use of Arras Energy as a simulation tool in GitHub.
CivicTechTO,civic meetups for everyone.
datatogether,Data Together seeks to build a better future for data.
ournetworks,
jazzband,We are all part of this
fossasia,Open Technologies developed in Asia and Around the Globe
calculang,calculang is a language for calculations 🧮✍👩‍💻
pymc-devs,
matlab2tikz,
nvi-inc,
wikimedia,Wikimedia is a global movement whose mission is to bring free educational content to the world.
collective,Plone/Volto add-ons shared code repositories
opensourcedesign,Connecting open source & design! 🎨 Join our forum at https://discourse.opensourcedesign.net
archlinux,
fossasia,Open Technologies developed in Asia and Around the Globe
EpicGames,
NVIDIAGameWorks,NVIDIA Technologies for game and application developers
dwyl,Start here: https://github.com/dwyl/start-here
mozillamexico,Mozilla México
wearehx,
cyclejs-community,Cycle.js community contributions
OSWeekends,Open Source Weekends is a tech community in Madrid. We meet up one weekend each month to create and talk about open source.
sysarmymx,
devs-who-sail,a community for software developers that love sailing
archlinuxmx,Comunidad de Arch Linux México
da-edra,"This is my old GitHub profile, my new nickname is 'denisse-dev'"
PiBrewing,All things brewery automation around Pi based devices
LibrePhotos,
QSCTech,一入潮门，终生潮人
fossasia,Open Technologies developed in Asia and Around the Globe
OpenMined,
recursecenter,
skilld-labs,Skilld is an open-source community for IT services.
launchrctl,
cloud-ctl,
cocologics,
modelica,Projects of the Modelica Association
modelica-3rdparty,
impact,A Modelica package manager
OpenIPSL,An team of collaborators developing the OpenIPSL Modelica library for power system simulations and other related oss projects in power system modeling and sim.
atcomputing,The AT Computing Open Source Repositories
zavalab,The Scalable Systems Lab at UW-Madison
jmp-app,User and event management software
plapadoo,
GENeSYS-MOD,
switch-model,Optimal planning model for power systems with large shares of renewable energy
TidierOrg,Making Julia a Tidier Place for Data Analysis
geigercrowd,
projectivetech,
WebEngDUS,Web Engineering Meetup Düsseldorf
EnTiMid,
kevoree,Kevoree Project
greycat-incubator,
pynucastro,a python library for nuclear astrophysics
starkiller-astro,
AMReX-Astro,The AMReX Astrophysics Suite: adaptive mesh refinement hydrodynamics codes for astrophysical flows.
Flash-Star,Collection of scripts and analysis code useful for igniting MESA models in FLASH to study stellar explosions.
opennem,"Formerly OpenNEM, Open Electricity aims to make the wealth of public energy data more accessible"
Open-ISP,An accessible and transparent electricity system model based on the Australian Energy Market Operator’s ‘Integrated System Plan’
PIK-ICoNe,"Dynamics, stability and resilience of complex hybrid infrastructure networks"
OParl,Offener Standard zum maschinenlesbaren Zugriff auf Ratsinformationssysteme
wurstmineberg,"whitelisted, highly customized but vanilla Minecraft server"
BuergerbautStadt,
codeforberlin,OK Lab Berlin
LimeProject,
Electril-Power-System-Tools,"Open source, free tools for Electric Power Systems. Design, analysis, simulation, study."
open-energy-transition,Non-profit that accelerates the energy transition with open data and open source software solutions.
Gregor-Mendel-Institute,
gisce,IT for Energy utilities
pygrn,Som Gironins apassionats pel llenguatge de programació Python! 🐍🐍🐍
podlinker,Podcast Social Network
ampl,A modeling language for mathematical programming
mit,"For students/alumni/staff/MIT affiliates! To join, email with GitHub+Athena usernames."
montefiore-ms,"Our research concerns the modeling, analysis, optimal design and control of electric power and energy systems."
eggzec,Science & Computing.
tulp,
pypsa-meets-earth,An open source energy system model initiative for our Earth
open-energy-transition,Non-profit that accelerates the energy transition with open data and open source software solutions.
orelyx,climate policy analysis; open-source development of analysis datasets and tools
microsoft,Open source projects and samples from Microsoft
serlo,"We build technology to provide high quality education for free, all open source and without any ads."
edtr-io,"We build Edtr.io, a WYSIWYG in-line web editor written in React"
goodmap,Repositories have been moved to https://github.com/future-coop/
JuliaGeometry,Computational Geometry with Julia
JuliaML,Julia packages for Machine Learning
JuliaEarth,Geospatial data science and geostatistical modeling in Earth sciences
DeltaE,ΔE+ (Delta-E-plus) explores the synergies and trade-offs at the nexus of energy+ to support effective policy development.
NVIDIAGameWorks,NVIDIA Technologies for game and application developers
jazzband,We are all part of this
freesewing,A JavaScript library for parametric design with a focus on sewing patterns
zero-to-mastery,
One-Language,"One (onelang) is an open-source system programming language that makes it easy to build reliable, efficient, and performant software."
dev-protocol,A middleware protocol for building decentralised creator economy.
ashimine-umagon-empire,
cpeditor,Together we can build the best editor for competitive programmers.
bandism,
EddieHubCommunity,"Community of inclusive Open Source people - Collaboration 1st, Code 2nd! Join our GitHub Org 👇"
Py-Contributors,An open Source community primarily for Python.
Design-and-Code,"Connect, Collaborate and Comprehend."
Jaidevstudio,JDStudio Community for Open Source people - Collaboration with code ! Join our GitHub Org 👇
tensorchord,Cloud native AI infrastructure
llm-jp,
pohi-protocol,
korlibs,KorGE Game Engine & Korlibs Kotlin Multiplatform Libraries
EnergyModelsX,
AOS573-2017,This is a nexus of Computational Methods in Atmospheric and Oceanic Sciences.
UW-AOS,
open-energy-transition,Non-profit that accelerates the energy transition with open data and open source software solutions.
KitchenTableCoders,
recursecenter,
alumNY,This is an older github org we used to use for hackNY stuff. We now use github.com/hackny.
googlers,Googlers on GitHub
Process-Optimization-and-Control,
flexiblepower,FAN is open standard and implementation that connects devices with energy management services.
apple,
swift-server,
spack,"A flexible package manager that supports multiple versions, configurations, platforms, and compilers."
Marketcloud,"Marketcloud, ecommerce backend api as a service"
ampl,A modeling language for mathematical programming
conda-forge,"A community led collection of recipes, build infrastructure and distributions for the conda package manager."
fire2a,
OpenScienceWorkshops,
PowerGridModel,Steady-state distribution power system analysis
infrasenselabs,Engineering resilient water supply systems for smarter cities
open-energy-transition,Non-profit that accelerates the energy transition with open data and open source software solutions.
AntaresSimulatorTeam,
EpicGames,
PyPSA,Python for Power System Analysis
JuliaLang,The Julia Programming Language
JuliaWeb,Web technologies in the Julia Programming Language
mitmath,educational materials for MIT math courses
JuliaCommunity,Organizing Julia Community Initiatives
machbarschaft,
Colivery,
JuliaControl,Control Systems Design in Julia
flybywiresim,FlyByWire Simulations is a community-driven group currently focused on creating the A320 family and the A380 for MSFS.
JuliaOpt,(Obsolete organization; see github.com/jump-dev) Mathematical Optimization in Julia
JuliaStochOpt,Stochastic Optimization in Julia
exanauts,An eclectic collection of ECP ExaSGD project codes
MadNLP,
futuremarinefuels,
JuliaLang,The Julia Programming Language
JuliaSparse,Sparse matrix capabilties in the Julia Programming Language
JuliaWeb,Web technologies in the Julia Programming Language
JuliaCI,Continuous integration (CI) support for the Julia programming language
JuliaPackaging,Tooling for Julia's binary packages and dependencies
JuliaDocs,Documentation-related packages for Julia.
JuliaArrays,Custom array types (and utilities for building array types) for Julia
JuliaCollections,"Collections, Data Structures, and Algorithms for Julia"
JuliaRegistries,
JuliaLinearAlgebra,A collection of linear algebra packages for the Julia Programming Language.
julia-vscode,The Julia extension for Visual Studio Code provides rich support for the Julia programming language
Ferrite-FEM,
JuliaLogging,
codeneuro,
lightning-viz,
thunder-project,
bolt-project,
binder-project,THIS PROJECT HAS MOVED TO: https://github.com/jupyterhub/binderhub
czi-hca-comp-tools,collaborative computational tools for the human cell atlas supported by CZI
ckb-next,
gridfm,
SAP,"SAP SE, a global software company, is one of the largest vendors of ERP and other enterprise applications."
ffgtso,Public repository for kreisgt.freifunk.net
osism,The European cloud for critical infrastructures.
SovereignCloudStack,Compatible by design. Open by default.
OpenOperations,
gridlab-d,GridLAB-D is a distribution level power system simulator designed to allow users to create and analyze smart grid technologies.
commontk,CTK: The Common Toolkit
oemof,Open Energy Modelling Framework - A modular open source framework to model energy supply systems
openego,open electricity Grid optimization
znes,For legal notices see http://www.uni-flensburg.de/en/legal-notice and http://www.hs-flensburg.de/impressum
project-angus,
llnl,"For over 70 years, the Lawrence Livermore National Laboratory has applied science and technology to make the world a safer place."
mfem,"a lightweight, general, scalable C++ library for finite element methods"
xsdk-project,Organization for the Extreme-scale Scientific Software Development Kit (xSDK)
spack,"A flexible package manager that supports multiple versions, configurations, platforms, and compilers."
sundials-codes,https://computing.llnl.gov/projects/sundials
powsybl,Power System Blocks
NLRWindSystems,"The home of wind energy systems models developed, released, and maintained by the National Laboratory of the Rockies, formerly named NREL"
ScaleMicrogridSolutions,
JuliaDiff,Differentiation Tools in Julia
JuliaGraphs,Graph modeling and analysis packages for the Julia programming language
JuliaEpi,Computational epidemiology in @JuliaLang.
rte-france,
powsybl,Power System Blocks
powsybl,Power System Blocks
Pyomo,
open-energy-transition,Non-profit that accelerates the energy transition with open data and open source software solutions.
thehackerwithin,
iiasa,International Institute for Applied Systems Analysis
IAMconsortium,
astro-informatics,
open-energy-transition,Non-profit that accelerates the energy transition with open data and open source software solutions.
ULHPC,High Performance Computing @ University of Luxembourg
greeklug,Greek Association of Free Software / Open Source Software Users
iiasa,International Institute for Applied Systems Analysis
energyscope,
Renewable-Energy-Hub-Optimizer,
FEDECOM-Project,
scilifeio,
TulipaEnergy,Energy System Optimization Tools from TNO and eScience
oemof,Open Energy Modelling Framework - A modular open source framework to model energy supply systems
broadinstitute,Broad Institute of MIT and Harvard
CellProfiler,Software for quantitative analysis of biological images
piximi,"a free, open-source web-based image understanding app"
ODI-Devs,
Si-shen-GKJ,
Qinglong-GKJ,
Zhuque-GKJ,
Baih-GKJ,
Xuanw-GKJ,
God-s-Game,
CodePH-Club,
Chroma-Solutions,
ImaheGen,
SorSU-Classroom,
Imperial-Wiki,A student-led initiative at Imperial College London aimed at forming a unified institutional knowledge base. Login to our homepage for joining instructions.
resilient-transition,Open energy modeling for a climate-resilient energy transition.
oxfordcontrol,
energy2market,
NatLabRockies,
BioInf-Wuerzburg,"Department of Bioinformatics, University of Wuerzburg"
BioInf-Wuerzburg-teaching,
TBroTeam,
bioconda,
HackyHour,Code - Tools - Science - Help - Social
CCTB-UW,
cctb-it-wuerzburg,
AliTVTeam,
chloroExtractorTeam,
ime-tools,Tools needed for our work; Logo derived from https://openclipart.org/detail/19214/tools
ag-computational-bio,
microPIECE-team,
AnimalVenomics,
arunaengine,The Data Orchestration Engine
godbus,
grid-x,
LAMPSPUC,"Laboratory for research and development on mathematical programming (optimization) and statistics. Electrical and Industrial Engineering departments, PUC-Rio."
psrenergy,PSR has been a global provider of technological solutions and consulting services in the areas of electricity and natural gas (E&G) since 1987.
OttoStruve,The University of Texas at Austin Department of Astronomy Organization
SPIE-hack-day-2014,A repository for the Montreal 2014 SPIE Astronomical Telescopes and Instrumentation Hack day
igrins,
BrownDwarf,Research about astrophysics with a focus on low mass stars
Echelle,Silicon diffractive optics research at the University of Texas at Austin
NSCNA,"North Shoal Creek Neighborhood Association, in Austin TX, serves the residents living in the area bounded by MoPac, Research, Burnet, and Anderson Lane."
earthobservations,
powsybl,Power System Blocks
0w1club,XJTU 0w1 Cyber Security Club
xjtuCPES,西安交大信息物理融合实验室能源优化组核心代码开发团队
CPES-EMS,
com-lab,"COM(COMmunity user modeling) Lab, 세종대학교 데이터사이언스과 학과장님의 연구실."
forus-ai,We are Open AGI
matterpoll,
r-spark,"R extensions, tools and resources for Apache Spark"
gentoo,
Libvisual,
BetterCrypto,
gentoo-ev,
pychess,
hsluv,
svn-all-fast-export,
uriparser,uriparser is a strictly RFC 3986 compliant URI parsing and handling library written in C
cpptest,
winamp-libre,
libexpat,
git-big-picture,
experience-experiments,Source of alumni OSS projects.
open-energy-transition,Non-profit that accelerates the energy transition with open data and open source software solutions.
JuliaDynamics,"A Julia-based software organization for dynamical systems, nonlinear dynamics, complex systems and the complexities of the scientific life"
AntaresSimulatorTeam,
EnergyModelsX,
sintefore,An organization for the public available software developed by the research group
dataAt,
SInApSE-INPE,Sistemas Inteligentes Aplicados ao Setor Espacial
ardc-brazil,Atmospheric Big Data and Data Science Research Group in Brazil
fortracc,ForTracc Project
labren,Laboratório de Modelagem e Estudos de Recursos Renováveis de Energia (LABREN)
PrincetonUniversity,
JuliaDynamics,"A Julia-based software organization for dynamical systems, nonlinear dynamics, complex systems and the complexities of the scientific life"
JuliaEnergy,
lanl-ansi,Los Alamos Advanced Network Science Initiative
pytub,
IUNO-TDM,
modelica,Projects of the Modelica Association
ld4mbse,
ManimCommunity,
Alan-s-Speakeasy,Alan's Speakeasy: a relaxed atmosphere to take your Turing Test
hzspeed,
LAMPSPUC,"Laboratory for research and development on mathematical programming (optimization) and statistics. Electrical and Industrial Engineering departments, PUC-Rio."
IBM,Open Source @ IBM
invenia,
JuliaCI,Continuous integration (CI) support for the Julia programming language
JuliaTime,Date and Time libraries for the Julia Language
JuliaCloud,Cloud service interfaces for Julia
beacon-biosignals,
f3-factory,"Less hype, more meat. Providing lightweight and fast packages."
OCA,The GitHub repos for all Open Source work around Odoo
nodejitsu,
nko,
tc39,"Ecma International, Technical Committee 39 - ECMAScript"
EmpireJS,
LXJS,A not-for-profit by-the-community and for-the-community international conference about the New Worlds of JavaScript.
winstonjs,A logger for just about everything
foreversd,An elegant process monitor for anything.
http-party,Who says networking can't be fun?
gatherscript,Non-profit tech events advisement
crosscompute,"Create and Share Runnable Tools Across Your Organization: Distributed Computing for Scenario Planning, Electricity Infrastructure, Hazard Mitigation"
AmericanPublicPowerAssociation,
python-organizers,
calliope-project,A multi-scale energy systems modelling framework
HivemindTechnologies,
ForetagInc,A collective open source group.
master-co,An ecosystem of UI
arras-energy,
BC-EESC4464-SP21,
dssg,
PowerGridModel,Steady-state distribution power system analysis
open-energy-transition,Non-profit that accelerates the energy transition with open data and open source software solutions.
witch-team,
ERGO-Code,
oemof-heat,Modelling energy systems with focus on heat and power-to-heat using oemof
rte-antares-rpackage,RTE ANTARES R PACKAGE
zavalab,The Scalable Systems Lab at UW-Madison
kahypar,KaHyPar (Karlsruhe Hypergraph Partitioning) is a high-quality multilevel k-way hypergraph partitioning framework.
plasmo-dev,An organization for Plasmo and related Julia packages
esma-cu,
facebook,We are working to build community through open source technology. NB: members must have two-factor auth.
HewlettPackard,Hewlett Packard Enterprise on github; please contact github@hpe.com for access
fossasia,Open Technologies developed in Asia and Around the Globe
EpicGames,
facebookresearch,
facebookincubator,"We work hard to contribute our work back to the web, mobile, big data, & infrastructure communities. NB: members must have two-factor auth."
facebookexternal,
pytorch,
sutd-robotics,"AGVs, and UGVs, usually with ROS, sometimes otherwise!"
aruba,
OpenSUTD,An open organisation owned by the SUTD community.
wthdevelopers,What The Hack supports open source event management.
SymMotion,SUTD Capstone 2022 - Group S35
Krypto-Hashers-Community,KHC — A collective of coders and crypto geeks building open-source tools and breaking limits.
genn-team,The GeNN Development Team
arpra-project,The Arpra Project creates tools for analyzing numerical error in floating-point software.
hackutk,"The University of Tennessee, Knoxville's resident computer security organization."
php-csas,Context-Sensitive Auto-Sanitization for PHP
volhacks,VolHacks: the University of Tennessee - Knoxville's official student-organized hackathon
VolSec,"Computer Security Research Lab at the University of Tennessee, Knoxville"
uncategorizedexpense,Solving Uncategorized Transactions one firm at a time
ivoryshoulder,
valuedeliberation-tudelft,
CERC-AAI,
wedoco,
MaREI-EPMG,
gridlab-d,GridLAB-D is a distribution level power system simulator designed to allow users to create and analyze smart grid technologies.
Energy-MAC,EMAC does research to advance decarbonization pathways for the electric grid.  Our members work and study at UC Berkeley and Lawrence Berkeley National Lab.
NREL-Sienna,Open Source Tools for Scientific Energy Systems Analysis
ComS342-ISU,Course content for ComS 342: Principles of Programming languages at Iowa State during Spring 2014.
boquila,Non-profit. Tech for nature
powsybl,Power System Blocks
elemental,
clawpack,Conservation Laws Package -- Finite volume methods for hyperbolic PDEs.
libMesh,
petsc,PETSc is a suite of composable data structures and algorithms for scalable (parallel) solution of scientific applications modeled by PDEs.
hpgmg,
E3SM-Project,Repositories associated with the E3SM Project
openjournals,"Open Journals is a collection of open source, open access journals"
CUBoulder-HPCPerfAnalysis,
ESMCI,
PHASTA,
mfem,"a lightweight, general, scalable C++ library for finite element methods"
xsdk-project,Organization for the Extreme-scale Scientific Software Development Kit (xSDK)
CEED,ECP Co-Design Center for Efficient Exascale Discretizations (CEED)
TDycores-Project,
blas-lapack-rs,
jupyter4edu,Jupyter for Education focuses on best practices and content for teaching with Jupyter notebooks.
pywr,A collection of repositories related to the Pywr ngeneralised network resource allocation modelling library.
IDAES,Institute for the Design of Advanced Energy Systems
Open-Power-System-Data,
alternaDev,
LittleRolf,
Puut,
HappyCarl,
MoinApp,
PedaAutomation,
OpenEnergyTwin,
CURENT,CURENT Large Scale Testbed
cocoaheads-hh,
milchundzucker,eRecruiting Solutions and Recruitment Advertising. Creator of the BeeSite Talent Management Suite.
jaleel22,
akashchan,
spine-tools,Open source modelling tools
TradeRES,
irena-flextool,
NatLabRockies,
iitis,"Institute of Theoretical and Applied Informatics, Polish Academy of Sciences"
COST-IC1405,ICT COST Action IC1405: Reversible computation - extending horizons of computing
QPoland,
seahorce-scidac,
oemof,Open Energy Modelling Framework - A modular open source framework to model energy supply systems
oemof-heat,Modelling energy systems with focus on heat and power-to-heat using oemof
modex-flexmex,
JuliaOpt,(Obsolete organization; see github.com/jump-dev) Mathematical Optimization in Julia
LAMPSPUC,"Laboratory for research and development on mathematical programming (optimization) and statistics. Electrical and Industrial Engineering departments, PUC-Rio."
jump-dev,An organization for the JuMP modeling language and related repositories.
psrenergy,PSR has been a global provider of technological solutions and consulting services in the areas of electricity and natural gas (E&G) since 1987.
JuliaQUBO,"QUBO modelling, solvers & tools. A joint work of @psrenergy and @SECQUOIA"
Project60,A collection of CiviCRM extensions that were missing for European users
HochschuleHofStundenplanapp,
foodsharing-dev,Please see gitlab for active development of foodsharing.de - https://gitlab.com/foodsharing-dev
ie3-institute,Official github account of the ie3 - one of the leading German higher education research institutes in the field of energy
coverified,We build AI-based software applications for the public sector - to make information easily accessible and searching more efficient.
IBM,Open Source @ IBM
RMI,"RMI is a nonpartisan nonprofit transforming global energy systems through market-driven solutions to secure a clean, prosperous, zero-carbon future for all."
OpenMDAO,
oemof,Open Energy Modelling Framework - A modular open source framework to model energy supply systems
pommes-public,POMMES - a cosmos for bottom-up linear fundamental power market modeling
radical-data,"Repurposing tech for liberation + joy ✨ We are a studio 💻, educational platform 📖 & community 🪢"
rte-france,
quintel,
oemof,Open Energy Modelling Framework - A modular open source framework to model energy supply systems
quarree100,
protontypes,A Free Community Accelerating Open and Sustainable Technology
opencorridor,Democratising sustainability intelligence 🌐🌎
openCEMorg,
hermit-os,"A Rust-based, lightweight unikernel."
PowerProfile,⌨️ A usable PowerShell profile for Cloud Admins and DevSecOps.
powerframes,Expert Framework for Power Systems
flexiblepower,FAN is open standard and implementation that connects devices with energy management services.
spack,"A flexible package manager that supports multiple versions, configurations, platforms, and compilers."
rukzuk,simply powerful web design
knime,
kajona,
jenkinsci,Jenkins is an open source automation server with an unparalleled plugin ecosystem to support practically every tool as part of your delivery pipelines
Pyomo,
offgridlab,
SESMG,Open source energy system modeling tool developed at Münster University of Applied Sciences
enosi,"A community energy platform providing consumers with choice, transparency and efficiency."
ace-teknologi,"Quietly and slowly, then loudly and quickly working on changing the world."
IWUGERMANY,
rl-institut,
orkestra-energy,
ipunkt,We are closed forever.
JuliaGeo,"JuliaGeo is a community of researchers, engineers and others interested in working with spatial data in Julia."
JuliaObjects,
JuliaFunctional,
sandialabs,Exceptional service in the national interest.
Pyomo,
IDAES,Institute for the Design of Advanced Energy Systems
OpenMined,
NatLabRockies,
sandialabs,Exceptional service in the national interest.
pvlib,
conda-forge,"A community led collection of recipes, build infrastructure and distributions for the conda package manager."
openpvtools,
AssessingSolar,
PVSC48-Clipping-loss-validation,
PV-Tutorials,Tutorial materials for open-source python packages for simulating and analyzing photovoltaic power systems
EnvironmentalSystemsLab,
Frankenslot,
Urbano-io,Site and mobility analysis in Rhino & Grasshopper
Eddy3D-Dev,Airflow and Microclimate Simulations for Rhino & Grasshopper
VIP-SMUR,A Vertically Integrated Project at Georgia Tech.
SustainableUrbanSystemsLab,"Decision-making tools for sustainable urban planning, design, and architecture at Georgia Tech."
KonScience,Der Wissenschaftspodcast aus Konstanz | PGP-ID: 0x76B000F1 fingerprint: A9F8 35E2 6130 BCA2 0C98 7E14 A61B 4065 76B0 00F1
energy-modelling-toolkit,A fully open inter-institutional energy modelling group. It serves as an umbrella organization that hosts open datasets and models.
NatLabRockies,
dss-extensions,Language interfaces and extensions for an alternative implementation of EPRI's OpenDSS
cc-api,Reduce the complexity of various cloud frameworks and TEE engines
TrustAgentPlatform,Build a Robust GenAI Agent Platform for Diverse Industry Applications
collective,Plone/Volto add-ons shared code repositories
KBDI-Kirchhof-Beratung,
iiasa,International Institute for Applied Systems Analysis
exanauts,An eclectic collection of ECP ExaSGD project codes
GReX-Telescope,
open-xchange,
rte-france,
rte-antares-rpackage,RTE ANTARES R PACKAGE
cantbloom,
freifunk-mwu,"Freifunk in Mainz, Wiesbaden & Umgebung"
freifunk-hessen,
neulandcamp,
EpicGames,
NVIDIAGameWorks,NVIDIA Technologies for game and application developers
puzzle,
FreifunkMYK,Freifunk in der Mitte von Rheinland-Pfalz
ito-org,"[project abandoned] track infections, not people."
tagspaces,Take back control of your files
freifunkMUC,
IDAES,Institute for the Design of Advanced Energy Systems
CCSI2-Toolset,
CCSI-Toolset,The Carbon Capture Simulation Initiative (CCSI) Toolset is a suite of computational models for carbon capture equipment and design processes.
Geologik,
Utiligize,Asset Management for Utilities
andvari-entertainment,Norse Indie Hobby Gaming
peckapp,Bringing social calendaring and event discovery to colleges across the country
bsci,Bronfman Science Shop at Williams College
additiveai,Giving tax professionals superpowers
jenkinsci,Jenkins is an open source automation server with an unparalleled plugin ecosystem to support practically every tool as part of your delivery pipelines
Cantera,"A suite of object-oriented software tools for problems involving chemical kinetics, thermodynamics, and/or transport processes."
Niemeyer-Research-Group,
SLACKHA,SLACKHA is a Software Library for Accelerating Chemical Kinetics on Hybrid Architectures
OpenEngr,
pr-omethe-us,
SI2-PI-community,
SoftwareDevEngResearch,material for ME 599: Software Development for Engineering Research at Oregon State
wssci,Western States Section of the Combustion Institute (WSSCI)
jupyter4edu,Jupyter for Education focuses on best practices and content for teaching with Jupyter notebooks.
combustion-community,
caltech-theforce,Our research focuses on modeling the interactions between combustion processes and turbulent flows.
Power-Systems-Textbook,
JuliaAstro,
NHaml,
webkitdotnet,
psake,A build automation tool written in PowerShell.
kalispera,Hannes & Lasse Diercks creating open source software
patternsonio,
gridlab-d,GridLAB-D is a distribution level power system simulator designed to allow users to create and analyze smart grid technologies.
urbanvention,
guard,Guard is a command line tool to easily handle events on file system modifications.
ember-mobile,
letsintegrate,Let's integrate aims to support the integration process of refuges in Europe.
kul-optec,"Research group led by Panos Patrinos at KU Leuven, Department of Electrical Engineering, ESAT-STADIUS"
udw-io,
make-or-break,projects created by friends
k9mail,K-9 Mail – Open Source Email App for Android
c-base,Raumstation unter Berlin-Mitte
ethereum,
criticalmaps,
esPass,
survivalmanual,
berlin-hack-and-tell,Present your app/site/lib/robot/etc. in 5mins and then 5min conversation with the audience
walleth,The native Android Ethereum wallet
ethereum-lists,Curated Ethereum Lists
ethereum-magicians,
efdevcon,
ethberlin-hackathon,All things ETHBerlin 2018
goerli,An Ethereum Testnet community.
department-of-decentralization,"A collective of people from crypto, decentralization, and peer-to-peer communities."
komputing,Kotlin libraries shared between different projects - mainly in the web3 space.
tincubeth,reasonable privacy for Ethereum
ethdevberlin,the Ethereum office in Berlin
ethberlinzwei,
ChainAgnostic,CASA is a self-organized developer alliance advancing blockchain interoperability
omyradio,
efdevconnect,
ethb3rlin,"ETHBerlin, CIC Innovation Campus, May 24-26, 2024."
ethereumeg,Organizing diversity against commercialization in Ethereum community
WalletUnCon,
blockchainweek,
Meteroi,
OpenFPGAduino,
JavaScriptIOT,
SparkDL,
PyPSA,Python for Power System Analysis
SonarQubeCommunity,
h2o,The H2O project
spin-systems,
facet-rs,"Reflection, introspection, serialization, deserialization for Rust"
pydata,
open-modex,Model experiments of 5 open-source frameworks.
GENeSYS-MOD,
django,
JuliaLang,The Julia Programming Language
google,Google ❤️ Open Source
numfocus,Non-profit organization promoting accessible and reproducible scientific and technical computing
djangocon,"International Django conferences held in North America, Europe, Australia, and Africa."
JuliaCon,The Julia Conference
NVIDIAGameWorks,NVIDIA Technologies for game and application developers
JuliaML,Julia packages for Machine Learning
me50,
FluxML,The Elegant Machine Learning Stack
vault50,@CS50's lesson plans and sample solutions
JuliaClimate,
JuliaReinforcementLearning,A collection of tools for reinforcement learning research in Julia
JuliaEs,Translating Julia stuff into Spanish!
julia-vscode,The Julia extension for Visual Studio Code provides rich support for the Julia programming language
googlers,Googlers on GitHub
JuliaIntro,
JuliaLangSlack,Projects built to enable the Julia Lang community Slack workspace
JuliaGaming,Open source games built in the Julia Programming Language.
JuliaAcademy,The definitive source for learning all things Julia. Prepared by core Julia developers in collaboration with Julia Computing.
JuliaCommunity,Organizing Julia Community Initiatives
JuliaHealth,"Using the Julia programming language to improve medicine, health care, public health, and biomedical research."
Julia-Streamers,The official organization for the Julia Streaming community!
CA-Beaches,
UGJL,
HarvardUniversity-FoodinSociety,
JuliaSleep,Open source tools for sleep research using Julia
Julia-Blockchain,
E-118-Spring21,
packaging-con,"A conference for Developers of package management software, software packagers, and communities."
JuliaBooks,Create books with Julia
Hugging-Face-Supporter,Thank you for helping out Hugging Face!
JuliaZoid,The best place to learn the Julia programming language.
OpenSourceForStudents,The definitive Open Source Guide for Students.
google-gemini,Get started building with the Gemini API
witch-team,
jsoxford,
ampeersenergy,Gemeinsam machen wir Ihre Immobilien zukunftssicher
FormingWorlds,
ExPlanetology,Experimental Planetology (ETH Zurich)
KitesForFuture,
PIK-ICoNe,"Dynamics, stability and resilience of complex hybrid infrastructure networks"
macro-cosm,A Better Economics for a Better World.
assaultcube,
eaplab,
open-energy-transition,Non-profit that accelerates the energy transition with open data and open source software solutions.
UNSW-CEEM,
modelica,Projects of the Modelica Association
ALSETLab,"This organization hosts projects of ALSETLab, Prof. Luigi Vanfretti's research team @ RPI"
OpenIPSL,An team of collaborators developing the OpenIPSL Modelica library for power system simulations and other related oss projects in power system modeling and sim.
kaust-merge,Mechatronics & Energy Systems Research Group
FliiteCorp,
DEA-GE,We share best practice from the green transition in Denmark through government-to-government cooperation.
JainFamilyInstitute,
CenterforActiveStewardship,
RWTH-ACS,
lfenergyarchitecturemodel,
devops-wien,devops.wien Live SKS/Terraform Demo
quintel,
mbT-Solutions,
mbT-Infrastructure,
Team-VisionPilot,
madiko-gitcrew,Lebens- & Arbeitswelten mit Zukunft
greco-project,
CIRAIG,
kubernetes-sigs,Org for Kubernetes SIG-related work
iRail,Open transport data in Belgium
JuliaLang,The Julia Programming Language
JuliaGPU,GPU Computing in Julia
JuliaCI,Continuous integration (CI) support for the Julia programming language
JuliaParallel,Parallel programming in Julia
JuliaComputing,
JuliaPackaging,Tooling for Julia's binary packages and dependencies
JuliaMath,Mathematics made easy in Julia
JuliaInterop,Easy interoperability between Julia and other languages
JuliaBinaryWrappers,Autogenerated Julia packages for usage with BinaryBuilder and Pkg
JuliaPerf,
JuliaTelecom,Julia packages for Telecommunications
JuliaConcurrent,
JuliaLLVM,Working with LLVM in Julia
sehrings-landlaedchen,
Scilab-India,
Oscad,
tech4germany,We work on a more innovative government using design and technology.
Reasonance-GmbH,Making Data Reasonate
we-Travel,
e-loq,Recognizing obstacles in 3d point cloud data
OpenIPSL,An team of collaborators developing the OpenIPSL Modelica library for power system simulations and other related oss projects in power system modeling and sim.
empuxa,
raddatz-org,
eniqo-energy,
Chemios,
Skunk-Brothers,
LAMPSPUC,"Laboratory for research and development on mathematical programming (optimization) and statistics. Electrical and Industrial Engineering departments, PUC-Rio."
AlternateLife,Alternate-Life GTA RP Server Projekt
CIRAIG,
PyPSA,Python for Power System Analysis
PyPSA,Python for Power System Analysis
FoxBaja,
inspermileage,Projeto acadêmico formado por alunos do Insper que tem como objetivo desenvolver um protótipo de veículo elétrico de alta eficiência energética.
CurrySoftware,
python-spain,Asociación Python España
FariSoftware,Fari Software GmbH
MAHTEP,Modeling of Advanced Heat Transfer and Energy Problems
CIRAIG,
BugAlertDotOrg,
Al-Nafi,Al Nafi is an organization with a vision to bring world class education within the reach of everyone.
SOCIRIS,"SOCIRIS (Security Operations Center Intelligent Response & Intrusion Surveillance), An AI-Powered Intrusion Detection, Prevention & Surveillance System"
freifunk,
freifunk-gluon,"Projects around Gluon, a modular framework for creating OpenWrt-based firmwares for wireless mesh nodes."
ffac,"Aachen, Städteregion und Umgebung"
assume-framework,Agent based market model toolbox
upb-lea,Department of power electronics and electrical drives
IBM,Open Source @ IBM
DS4SD,Developer tools for IBM Deep Search
docling-project,
BieglersGroup,
pylada,
astro-informatics,
DCPROGS,Software for scientific research on ion channels
UCL-CCS,
OPTIMET,
mantidproject,
neutrons,
OpenGridMap,Open community crowdsourcing power grid data
iiasa,International Institute for Applied Systems Analysis
emlab-ucsb,The Environmental Markets Lab (emLab) is an interdisciplinary team of scientists based at the University of California Santa Barbara.
cetlab-ucsb,
open-energy-transition,Non-profit that accelerates the energy transition with open data and open source software solutions.
z-shell,Open-source society passionate about Zsh
statelyai,Visual software platform for app logic & workflows
komplio,
siege-green,EVE ONLINE - Siege Green Alliance
coin-or,Computational Infrastructure for Operations Research.
DrafProject,"Home of Demand Response Analysis Framework (DRAF), it's modules, and showcases."
switch-model,Optimal planning model for power systems with large shares of renewable energy
PowerGridModel,Steady-state distribution power system analysis
faktaoklimatu,Iniciativa veřejných infografik o změně klimatu
jCoderZ,
googlers,Googlers on GitHub
cosmo-sims,Tools for numerical cosmology
pymc-devs,
JuBiotech,
hsf-training,Training and educational material for the high energy physics community.
BNLNPPS,Website and resources of the BNL Nuclear and Particle Physics Software Group
googlers,Googlers on GitHub
vidibus,
msysgit,This organization has been superseded by https://github.com/git-for-windows
thehackerwithin,
numfocus,Non-profit organization promoting accessible and reproducible scientific and technical computing
BreakingBytes,
pvlib,
conda-forge,"A community led collection of recipes, build infrastructure and distributions for the conda package manager."
PVSC48-Clipping-loss-validation,
PV-Tutorials,Tutorial materials for open-source python packages for simulating and analyzing photovoltaic power systems
NixOS,
doritool,
rwth-acis,
learning-layers,Scaling up Technologies for Informal Learning in SME Clusters
shahriarspace,
ai4energy,数智能源研究组
IDAES,Institute for the Design of Advanced Energy Systems
SiLab-Bonn,"Silicon Lab Bonn, Detector Physics Group"
RWTH-OS,Part of the Institute for Automation of Complex Power Systems
RWTH-ACS,
hermit-os,"A Rust-based, lightweight unikernel."
rust-osdev,Operating System Development in Rust
threeten-jaxb,
unikraft,A Unikernel Development Kit. Extreme Specialization for Security and Performance.
rosenpass,
unikernelalliance,
metro-nom,Setting the pace for food and technology
smart-energy-di,
ProjectBabbage,Building things within a weekend timespan. One edition per year. On invitation.
openego,open electricity Grid optimization
JuliaLang,The Julia Programming Language
JuliaOpt,(Obsolete organization; see github.com/jump-dev) Mathematical Optimization in Julia
jump-dev,An organization for the JuMP modeling language and related repositories.
JuliaComputing,
compas,The Computational Atomic Structure group
JuliaDocs,Documentation-related packages for Julia.
JuliaAtoms,
rl-institut,
box-id,
cleanweb-uk,
productscience,
thegreenwebfoundation,The Green Web Foundation - Let's make the web green
researchops,
Greening-Digital,Sustainability for digital teams
LocPrivFogSim,
NixOS,
dn42,
hackint,IRC Network
nix-community,A project incubator that works in parallel of the @NixOS org
CCT-JunITer,We are a IT-Consultancy // Software Development Team run by TU Berlin students of various academic backgrounds
JuliaDiff,Differentiation Tools in Julia
RWTH-ACS,
VILLASframework,VILLASframework is a toolset for local and geographically distributed real-time co-simulation.
neuland,
evcc-io,solar charging ☀️🚗
IBM,Open Source @ IBM
The-AI-Alliance,
gridfm,
kubis-ai,
Zenmo,
foss4good,Free and open source software for good
jointhesong,
oemof,Open Energy Modelling Framework - A modular open source framework to model energy supply systems
openego,open electricity Grid optimization
rl-institut,
stuvusIT,stuvus IT Team - Studierendenvertretung Universität Stuttgart
FIUS,Student association of computer science
c-hack,C-Hack: Der Calwer Hackerspace
AmyAssist,
Schall-Rauch,"The ""schall&rauch"" festival"
hpcc-hcmut,"High Performance Computing Center, Ho Chi Minh City University of Technology (HCMUT), VNU HCM"
Big-Data-Club,"Big Data Club (BDC) là câu lạc bộ học thuật trực thuộc Trường Đại học Bách Khoa TP.HCM, tập hợp các bạn sinh viên yêu thích Big Data và các lĩnh vực liên quan"
architecture-building-systems,Research group at ETH Zürich with a focus on active and passive systems for the energy supply and climate control of buildings and cities.
IndEcol,Open source software and other material for industrial ecology
YaleCIE,
UNSW-CEEM,
Open-ISP,An accessible and transparent electricity system model based on the Australian Energy Market Operator’s ‘Integrated System Plan’
assume-framework,Agent based market model toolbox
JuliaCollections,"Collections, Data Structures, and Algorithms for Julia"
RelationalAI,
JuliaServices,
JuliaTesting,Testing tools for the Julia language
JuliaEcosystem,
morgansolar,
todogroup,TODO Group
freedomvote,
fsfe,Mirror of a few popular FSFE repositories. All repositories on https://git.fsfe.org
oss-review-toolkit,
com-pas,61850 SCL management and configuration tool
alliander-opensource,Open Source repositories from Alliander. Interested? Send us an e-mail!
shapeshifter,"Shapeshifter implements the Universal Smart Energy Framework for flexibility forecasting, offering, ordering, and settlement processes."
ospo-nl,"Open Source Program Office collaboration, best practices of NL parties"
Enapter,Shaping the energy systems of the future.
openhab,
PowerGridModel,Steady-state distribution power system analysis
NatLabRockies,
ibpsa,International Building Performance Simulation Association
ClimAg,"Repositories for the EPA Research Project ""ClimAg: Multifactorial causes of fodder crises in Ireland and risks due to climate change"" and other related projects"
wind-to-hydrogen-toolkit,"Tools to study the integration of offshore wind with the production, storage, and utilisation of hydrogen"
spine-tools,Open source modelling tools
WISPO-POP,
fs-geofs,
sensebox,The senseBox is a Citizen Science DIY Toolbox for schools and citizens.
sitcomlab,"Working group of the Situated Computing Lab (Institute of Geoinformatics, Muenster)"
go-gitea,Git with a cup of tea
itesla,
powsybl,Power System Blocks
quintel,
openmod-initiative,
FRESNA,Repository of FRESNA (FIAS Renewable Energy Systems & Network Analysis)
PyPSA,Python for Power System Analysis
oemof,Open Energy Modelling Framework - A modular open source framework to model energy supply systems
qojulia,Umbrella organization for Quantum Optics related projects in Julia
JuliaDynamics,"A Julia-based software organization for dynamical systems, nonlinear dynamics, complex systems and the complexities of the scientific life"
QuantumEngineeredSystems,
powsybl,Power System Blocks
wgapl,Github page of Wood Gesellschaft Applied Physics Laboratory
phytomech,Changing the way we grow plants.
JuliaOpt,(Obsolete organization; see github.com/jump-dev) Mathematical Optimization in Julia
JuliaCon,The Julia Conference
JuliaStochOpt,Stochastic Optimization in Julia
jump-dev,An organization for the JuMP modeling language and related repositories.
balmorelcommunity,
ReeemProject,Role of technologies in an energy efficient economy – model based analysis policy measures and transformation pathways to a sustainable energy system
energy-modelling-club,
etsap-TIMES,
Modelling-Team-GR,
MaREI-EPMG,
esma-cu,
times-ukraine,
paperwm,
lanl,
powsybl,Power System Blocks
JuliaLang,The Julia Programming Language
JuliaIO,A collection of Julia packages for unified IO infrastructure
JuliaTime,Date and Time libraries for the Julia Language
JuliaData,"Data manipulation, storage, and I/O in Julia"
JuliaCloud,Cloud service interfaces for Julia
beacon-biosignals,
JuliaTesting,Testing tools for the Julia language
JuliaLogging,
openjournals,"Open Journals is a collection of open source, open access journals"
data2people,
Yello-Solar-Hub,"A Yello Solar Hub revoluciona o mercado solar, oferecendo uma experiência 100% digital e sob demanda. Do cálculo do seu projeto à instalação, tudo acontece de f"
invenia,
JuliaDatabases,Various database drivers for Julia
JuliaCon,The Julia Conference
JuliaDiff,Differentiation Tools in Julia
JuliaGraphics,
JuliaWeb,Web technologies in the Julia Programming Language
openjournals,"Open Journals is a collection of open source, open access journals"
JuliaML,Julia packages for Machine Learning
JuliaString,Organization for Julia string handling packages
JuliaCrypto,Cryptography made easy in Julia
JuliaArrays,Custom array types (and utilities for building array types) for Julia
JuliaCollections,"Collections, Data Structures, and Algorithms for Julia"
FluxML,The Elegant Machine Learning Stack
JuliaTesting,Testing tools for the Julia language
JuliaLogging,
powsybl,Power System Blocks
oemof,Open Energy Modelling Framework - A modular open source framework to model energy supply systems
Inovesa,
nodeschool,Open source workshops that teach web software skills
lucpod,
nuqleartech,
promethiumjs,
JuliaComputing,
EpicGames,
saec-dresden,
AC-Fernglas,
codez-one,
WirVsVirusCovidTestProcess,
HMP-Solutions,
gremio-eci,Grêmio de Engenharia de Computação e Informação da UFRJ
UFRJ-Analytica,UFRJ's data science competition team.
cyberespaco,
powerpointers,
JuliaQUBO,"QUBO modelling, solvers & tools. A joint work of @psrenergy and @SECQUOIA"
psrenergy,PSR has been a global provider of technological solutions and consulting services in the areas of electricity and natural gas (E&G) since 1987.
JuliaQUBO,"QUBO modelling, solvers & tools. A joint work of @psrenergy and @SECQUOIA"
NREL-Sienna,Open Source Tools for Scientific Energy Systems Analysis
UNH-CORE,UNH Center for Ocean Renewable Energy
CliMA,The next generation of climate models. Built in the open.
calkit,Reproducibility = productivity
phpbrew,The PHPBrew Headquarters
SeLite,Reuse navigation scripts in Selenium IDE
BeautyInfo,Provide Beauty information
NTTU-Open,
ar2labs,Community & Collaboration
linna,PHP Tools for Web Applications.
thank-you-php,An open letter of gratitude to PHP
PayCrypto,
sunrise-php,"Simple, yet effective solutions."
alphazframework,AlphaZ is a simple yet powerful PHP MVC framework for rapid application development that is suited for small to medium scale apps and APIs.
antidot-framework,Antidot Framework and Component Development
selective-php,Collection of awesome PHP packages
free-open-source,
open-source-contributions,
lazzard,We Make Things That Do Stuff
Pharaonic,Pharaonic provides a variety of packages. Our goal is helping every developer around the world finish their project as quickly as possible and with no effort.
iii-api-platform,
PowerGridModel,Steady-state distribution power system analysis
GMLC-TDC,Repository for the GMLC TDC tool suite - HELICS
CMCRobotics,
CosmicPi,Cosmic Pi low cost cosmic ray detector project
NVIDIAGameWorks,NVIDIA Technologies for game and application developers
JuliaGraphs,Graph modeling and analysis packages for the Julia programming language
JuliaDynamics,"A Julia-based software organization for dynamical systems, nonlinear dynamics, complex systems and the complexities of the scientific life"
leanprover-community,Community-built infrastructure for the Lean (https://leanprover.github.io/) theorem prover
StatisticalRethinkingJulia,Julia versions of the 'golems' in Statistical Rethinking by Richard McElreath.
JuliaCommunity,Organizing Julia Community Initiatives
InPhyT,"Complex Systems Modelling Group: Computational Social Science, Epidemiology and Neuroscience."
JuliaHealth,"Using the Julia programming language to improve medicine, health care, public health, and biomedical research."
DoriaLab,Handmade with passion since 1905.
UniTo-SEPI,Health data science collaborative project between the University of Turin (UniTo) and the Piedmont Epidemiological Service (SEPI).
BayesianDataAnalysisJulia,"@JuliaLang implementation of concepts, methods and examples from ""Bayesian Data Analysis"" by Gelman, Carlin, Stern, Dunson, Vehtari and Rubin."
NeuronalDynamicsJulia,"@JuliaLang implementation of models and exercises from the ""Neuronal Dynamics"" book and course by Gerstner, Kistler, Naud and Paninski."
JuliaEpi,Computational epidemiology in @JuliaLang.
JuliaTrustworthyAI,Home for repositories of the Taija (Trustworthy Artifical Intelligence in Julia) project.
TidierOrg,Making Julia a Tidier Place for Data Analysis
FormalMathematicsLab,
powsybl,Power System Blocks
keedrop,Secure secrets transfer
interactiveinstitute,
sp-etx,
YanziNetworks,
MESAHub,Modules for Experiments in Stellar Astrophysics
flatironinstitute,@SimonsFoundation
scientific-computing-handbook,"Your definitive guide to implementing algorithms for scientific computing in C++, Python, and Julia"
CCA-Software-Group,Organization hosting various projects of the CCA Software Group.
AdirondaxProject,
JaxionProject,
AstroBenchmarks,
Oxbern,3D displays for science and communication.
teslauvm,An energy systems research group at the University of Vermont
PrincetonUniversity,
mfem,"a lightweight, general, scalable C++ library for finite element methods"
xsdk-project,Organization for the Extreme-scale Scientific Software Development Kit (xSDK)
ginkgo-project,Informal organization steering the development of the Ginkgo library and related software.
locuslab,Zico Kolter's Research Group
OpenLeo,OpenLeo is a collective that aims to create an opensource car electronics and software ecosystem.
F-Heat,
znc,
awesomeWM,
CvO-Theory,
magnum-af,
spine-tools,Open source modelling tools
pypsa-meets-earth,An open source energy system model initiative for our Earth
open-energy-transition,Non-profit that accelerates the energy transition with open data and open source software solutions.
RhobanProject,
JuliaLang,The Julia Programming Language
JuliaStats,Statistics and Machine Learning made easy in Julia
JuliaDatabases,Various database drivers for Julia
JuliaWeb,Web technologies in the Julia Programming Language
JuliaIO,A collection of Julia packages for unified IO infrastructure
JuliaData,"Data manipulation, storage, and I/O in Julia"
JuliaCloud,Cloud service interfaces for Julia
JuliaStrings,
JuliaServices,
JuliaLogging,
NLeSC,
JuliaDatabases,Various database drivers for Julia
cetlab-ucsb,
invenia,
LAMPSPUC,"Laboratory for research and development on mathematical programming (optimization) and statistics. Electrical and Industrial Engineering departments, PUC-Rio."
psrenergy,PSR has been a global provider of technological solutions and consulting services in the areas of electricity and natural gas (E&G) since 1987.
powsybl,Power System Blocks
MATPOWER,
KSA-Oepites-Zomergem,
EpicGames,
OCA,The GitHub repos for all Open Source work around Odoo
sragendevs,"Komunitas IT developers yang berasal dari sragen, jawa tengah."
valiot,
hpi-swa-teaching,Student projects
MaxiNet,
Exposify,"Checkout our API product for real estate plattforms, EstateSync:"
containernet,A Mininet fork that allows to use Docker containers as hosts to emulated networks.
HPI-Information-Systems-Teaching,
EstateSync,
rlai-lab,
conda-forge,"A community led collection of recipes, build infrastructure and distributions for the conda package manager."
Rackow-Schulen,Higher education company based in Berlin and Frankfurt
Energy-MAC,EMAC does research to advance decarbonization pathways for the electric grid.  Our members work and study at UC Berkeley and Lawrence Berkeley National Lab.
JuliaStats,Statistics and Machine Learning made easy in Julia
invenia,
JuliaTime,Date and Time libraries for the Julia Language
JuliaData,"Data manipulation, storage, and I/O in Julia"
JuliaCloud,Cloud service interfaces for Julia
JuliaHealth,"Using the Julia programming language to improve medicine, health care, public health, and biomedical research."
powsybl,Power System Blocks
INATECH-CIG,
LITIC-bv,
Doing-The-Math,For a Sustainable Future
DAXGRID,DAX is a specialist in software solutions tailored for utility companies involved in electricity and fiber distribution.
strnx,
cgmes,CIM profiles for TSO system development and system operation data exchanges
caseformat,Power flow case data file format
cktcsv,Unbalanced multi-phase circuit data in CSV format
powe-rs,
wgu-101,
smallbunnies,
ES-DOC,"Earth System Documentation (ES-DOC) project supplies high-quality tools & services in support of earth system documentation creation, analysis and dissemination"
cf-convention,Source code repository for CF Conventions documents at http://cf-convention.github.io
ES-DOC-INSTITUTIONAL,
NCAS-CMS,Useful tools to support NERC weather and climate research
torusa,"Tom, Ruby & Sadie"
2021-Energy-Climate-Hackathon,
IS-ENES3,Infrastructure for the European Network for Earth System Modelling
GreenScheduler,
NCAS-VISION,"VISION: Virtual Integration of Satellite and In-Situ Observation Networks, a project by NCAS: National Centre for Atmospheric Science"
railslove,"We're an agile team building new products for the web. And oh boy, we're kind of good at it. Want to work with us?"
groupoasys,
tud-energy-economics,Chair of Energy Economics at TU Dresden
agoenergy,"Agora Energiewende is a think tank that develops evidence-based and politically viable strategies to advance the goal of climate neutrality in Germany, Europe,"
ansuiuc,
ucsusa,Science for a healthy planet and safer world.
JuliaBayesianOptimization,
Boavizta,
Hugging-Face-Helping-Hand,
genai-impact,
grueneschweiz,
jungegruene,Giovani Verdi Svizzera ፨ Jeunes Vert·e·x·s Suisse ፨ Junge Grüne Schweiz ፨ jungegrüne
E3SM-Project,Repositories associated with the E3SM Project
agoenergy,"Agora Energiewende is a think tank that develops evidence-based and politically viable strategies to advance the goal of climate neutrality in Germany, Europe,"
levigo,Wir sind Hersteller leistungsstarker Software für den Plattform-unabhängigen Zugriff auf Dokumentenmanagement-Systeme.
U-QASAR,
typhon-project,Polyglot and Hybrid Persistence Architectures for Big Data Analytics
survemobility,Europe’s No 1 for intelligent shared mobility operations.
sophisticates,
ampeersenergy,Gemeinsam machen wir Ihre Immobilien zukunftssicher
ARM-DOE,
dbt-msft,dbt projects for MSFT data ecosystem. Not affiliated with Microsoft. Original creators of dbt-synapse and dbt-fabric which have been transferred to Microsoft.
ie3-institute,Official github account of the ie3 - one of the leading German higher education research institutes in the field of energy
dspace-group,Your Partner in Simulation and Validation
vincentlab,Vincent Lab
xcompact3d,High-order finite-difference suite of flow solvers on a Cartesian mesh
PyFR,
oemof,Open Energy Modelling Framework - A modular open source framework to model energy supply systems
frankarobotics,"Founded in 2016, Franka is a robotics platform company. Our products are designed and developed in Munich, and manufactured in Bavaria"
ALaDyn,
rte-france,
rte-antares-rpackage,RTE ANTARES R PACKAGE
hadar-simulator,open source python adequacy library for everyone
powsybl,Power System Blocks
Pi-Star-Lab,"Pi Star is a research lab at the Computer Science & Engineering Department, Texas A&M University"
Hybridrain,Serving the basics
NatLabRockies,
PV-Tutorials,Tutorial materials for open-source python packages for simulating and analyzing photovoltaic power systems
sc-lab,
tdcosim,PSSE + OpenDSS + DER co-simulation project
solventx,A repository for solvent extraction process design and simulation.
open-energy-transition,Non-profit that accelerates the energy transition with open data and open source software solutions.
NixOS,
AllThing,We are the AllThing. You will love us.
scirate,
OpenScienceWorkshops,
hahayes,creative group based in austin texas and melbourne australia.
SexMonad,
stupidhackathonmelbourne,
internet-high-five-machine,
ml-lab,forks of interesting repos relating to machine learning
MachineLearningUniversity,
composeconference,
DataHaskell,The home of Haskell data science
ComputingVisions,
QuantixManifold,
Quantum-AI-Blockchain,
MFPAI,
vandersilk,
BraneShop,
BetweenBooks,
rowtype-yoga,
QuantumHaskell,
FixPlanet,Supporting you to find a sustainable fixed point for the planet :)
HEPTACOM,
oemof,Open Energy Modelling Framework - A modular open source framework to model energy supply systems
corticalsim,
IEPG,
JuliaGraphs,Graph modeling and analysis packages for the Julia programming language
JuliaGaussianProcesses,
Theoretical-Neuroscience-Group,
calculix,Developers area of CalculiX Finite Element Software
rendercv,Our mission is to build the best tools for academics and engineers to write and maintain their professional CVs.
modelica,Projects of the Modelica Association
OpenModelica,
calliope-project,A multi-scale energy systems modelling framework
openmod-initiative,
renewables-ninja,"Renewable energy simulations, ninja style."
conda-forge,"A community led collection of recipes, build infrastructure and distributions for the conda package manager."
Open-Power-System-Data,
sentinel-energy,Sustainable Energy Transitions
liacs-EDA,
alohaeditor,A JavaScript library to replace contentEditable with better capability
sandstorm,sandstorm - building great web applications
neos,Neos is a Content Application Platform with a CMS and an application framework at its core.
bnw-digital,Arbeitsgruppe Digitales im Bundesverband Nachhaltige Wirtschaft
dd-harp,
AlgebraicJulia,An Ecosystem of Software Based on Generalized Algebra and Category Theory in Julia
tc39,"Ecma International, Technical Committee 39 - ECMAScript"
EpicGames,
NVIDIAGameWorks,NVIDIA Technologies for game and application developers
hyperwell,An Infrastructure for P2P Linked Data annotations.
sphere-radio,
thermocycle,
energy-modelling-toolkit,A fully open inter-institutional energy modelling group. It serves as an umbrella organization that hosts open datasets and models.
RAMP-project,Stochastic multi-energy load profiles
sopython,Python chat on Stack Overflow
NatLabRockies,
zavalab,The Scalable Systems Lab at UW-Madison
MadNLP,
WhitestormJS,3D Web framework (engine)
Shyran-Systems,"Community, Services, Consulting"
wallo-archive,modern access control
ait-energy,
redaxo,c/o Yakamara Media GmbH & Co. KG
propelorm,
stomp-php,Stomp PHP Client Maintenance
FriendsOfREDAXO,Gemeinsame REDAXO-Entwicklung!
jquery-validation,people and sources arround the jquery validation plugin project
sabre-io,
freifunk,
ie3-institute,Official github account of the ie3 - one of the leading German higher education research institutes in the field of energy
open-energy-transition,Non-profit that accelerates the energy transition with open data and open source software solutions.
ffdo,Community Dortmund im Freifunk Rheinland e.V.
bazzline,Place for free as in freedom free software components. Its an organization so every one can join :-).
MediaLibrary,
Sektion9,
time-registration,
saxony,
be-excellent-to-each-other,
elbzone,
phpugfg,
in-your-face-productions,
billoboys,
the-g-attitude,
gescheid,
pynbody,
RWTH-OS,Part of the Institute for Automation of Complex Power Systems
nak-sued-webmasters,Community of webmasters of New Apostolic Church in South Germany. Goal: CMS solution for websites of church districts.
Sybit-Education,Educational projects at Sybit GmbH to power up our youngsters - www.sybit.com
volkszaehler,Open Source Smart Metering platform
RWTH-OS,Part of the Institute for Automation of Complex Power Systems
RWTH-ACS,
pion,"The Open Source, Cross Platform Stack for Real-time Media and Data Communication."
cunicu,zeroconf • p2p • mesh • vpn
Pure-Driving-School,
mHealthBuet,
QSCTech,一入潮门，终生潮人
NLeSC,
calliope-project,A multi-scale energy systems modelling framework
simplefit,
sentinel-energy,Sustainable Energy Transitions
TulipaEnergy,Energy System Optimization Tools from TNO and eScience
MUnique,
AntaresSimulatorTeam,
virianproject,
dielibel,
lanl,
lanl-ansi,Los Alamos Advanced Network Science Initiative
Exiv2,Image metadata library and tools
GENeSYS-MOD,
LSE-EEE,
gridlab-d,GridLAB-D is a distribution level power system simulator designed to allow users to create and analyze smart grid technologies.
a-team,
remoteoss,"Remote helps with international payroll, benefits, taxes, stock options, and compliance for businesses big and small!"
Climact,Empowering you to act on climate change
open-energy-transition,Non-profit that accelerates the energy transition with open data and open source software solutions.
indibit-eu,
DARC-e-V,
puzzle,
openhab,
jungeFische,
witteveenbos,
spack,"A flexible package manager that supports multiple versions, configurations, platforms, and compilers."
openfresque,We are working to increase the visibility of collective intelligence workshops by building a digital commons.
korovod,HPC for ML
ibpsa,International Building Performance Simulation Association
OpenHybridSim,OpenHybridSim:An open source tool for Electromagnetic Transient (EMT)-Transient Stability (TS) hybrid simulation
codeformuenster,
Green-Wave,
tibeerorg,Just a test organization of @tibeer
terraformbuch,
berryit,Beratung - Automation - Schulungen
Azure,"APIs, SDKs and open source projects from Microsoft Azure"
JuliaLang,The Julia Programming Language
JuliaGPU,GPU Computing in Julia
JuliaGraphics,
JuliaCI,Continuous integration (CI) support for the Julia programming language
JuliaGeometry,Computational Geometry with Julia
JuliaIO,A collection of Julia packages for unified IO infrastructure
JuliaImages,Julia packages for image processing
JuliaPackaging,Tooling for Julia's binary packages and dependencies
JuliaMath,Mathematics made easy in Julia
JuliaArrays,Custom array types (and utilities for building array types) for Julia
JuliaGizmos,A garage in dimension c-137
JuliaCollections,"Collections, Data Structures, and Algorithms for Julia"
JuliaRegistries,
JuliaLinearAlgebra,A collection of linear algebra packages for the Julia Programming Language.
JuliaDebug,
JuliaPerf,
JuliaHealth,"Using the Julia programming language to improve medicine, health care, public health, and biomedical research."
calliope-project,A multi-scale energy systems modelling framework
openmod-initiative,
repolicy,
open-energy-transition,Non-profit that accelerates the energy transition with open data and open source software solutions.
JuliaEnergy,
gisce,IT for Energy utilities
itesla,
thehackerwithin,
SoftwareDefinedBuildings,
coin-or,Computational Infrastructure for Operations Research.
conda-forge,"A community led collection of recipes, build infrastructure and distributions for the conda package manager."
JuliaSmoothOptimizers,Infrastructure and Solvers for Continuous Optimization in Julia
JuliaOptimizationVariationalAnalysis,Tools and solvers for optimization and variational analysis problems in Julia
jso-docs,
SolverStoppingJulia,Packages related to using Stopping for iterative solvers in Julia
microsoft,Open source projects and samples from Microsoft
codelayerhq,
kinicles,
BlocksInMotion,
openborders,
CPS-IT,
aspec-german,
internationalasexualityday,
DataKind-UK,
nismod,
colouring-london,"Now under ""Colouring Cities"""
ClimateCompatibleGrowth,
MSCG,
EpicGames,
ES-Tec,
OSeMOSYS,Open-source Energy Modelling System
DeltaE,ΔE+ (Delta-E-plus) explores the synergies and trade-offs at the nexus of energy+ to support effective policy development.
gridlab-d,GridLAB-D is a distribution level power system simulator designed to allow users to create and analyze smart grid technologies.
JuliaStochOpt,Stochastic Optimization in Julia
sintefore,An organization for the public available software developed by the research group
Maritime-Robotics-Student-Society,
MaritimeRenewable,
WRSC,World Robotic Sailing Championship
powsybl,Power System Blocks
ImperialCollegeLondon,Imperial College London main code repository
FrancisCrickInstitute,
goehringlab,Polarity and Patterning Networks Lab at the Francis Crick Institute
gridfm,
f3l,
Kinovarobotics,
RoboticsDesignLab,The Robotics Design Lab
openstreetmap,
osmlab,
GIScience,🌍 HeiGIT and GIScience at Heidelberg University are engaged in research and opensource development at the interface between geography and computational science
BikeCitizens,
osmfoundation,
disastermappers-heidelberg,
Mutantcat-Working-Group,我们承诺软件安全、可靠、不强制更新！
FasterEdge,对称、可靠、安全的多场景边缘计算框架
JuliaGraphics,
oemof,Open Energy Modelling Framework - A modular open source framework to model energy supply systems
wind-python,
open-fred,open Feed-in time series based on a Renewable Energy Database
oemof-heat,Modelling energy systems with focus on heat and power-to-heat using oemof
reegis,
ScienceBasedTargets,
UniDank,Progetti del corso di Informatica L-31 ad UniPa
cheshire-cat-ai,
STEllAR-GROUP,
RDCEP,
alumNY,This is an older github org we used to use for hackNY stuff. We now use github.com/hackny.
elm-lang,Official organization for developing Elm's compiler and core tools
hack-at-uchicago,
PowerGridModel,Steady-state distribution power system analysis
pypsa-meets-earth,An open source energy system model initiative for our Earth
powsybl,Power System Blocks
MaREI-EPMG,
ls1intum,"Technical University of Munich - School of Computation, Information and Technology"
seapath,
Open-Power-System-Data,
Joulia-jl,We moved to JuliaEnergy
JuliaEnergy,
openhab,
ARM-DOE,
CxxTest,
gcovr,
Pyomo,
llvm,This is the LLVM organization on GitHub for the LLVM Project: a collection of modular and reusable compiler and toolchain technologies.
SpeedyWeather,We reinvent atmospheric modelling.
TUM-PIK-ESM,Earth System Modelling Group at TUM / Future Lab Artificial Intelligence in the Anthropocene at PIK
UARENForecasting,
pvlib,
conda-forge,"A community led collection of recipes, build infrastructure and distributions for the conda package manager."
DandI-Group,
CastroRegionalClimateGroup,
CLIMAS-UA,
openpvtools,
SolarArbiter,
SolarPerformanceInsight,
GridOptiSolutions,
flexiblepower,FAN is open standard and implementation that connects devices with energy management services.
guwenLab,构建一个基于PC + 移动端 + App + 小程序的全生态浏览体系 ，最后的目标是做一个免费 开源的古文社区
varletjs,varletjs organization
willjschmitt-codeu-2018,
UCL,To join the organisation contact UCL's Advanced Research Computing Centre via MyServices
SALib,Sensitivity analysis library for systems modeling
OSeMOSYS,Open-source Energy Modelling System
nismod,
open-energy-transition,Non-profit that accelerates the energy transition with open data and open source software solutions.
Spilett-new-technologies-GmbH,"Projekten in den Bereichen Erneuerbare Energien, Wasserstofftechnologie, Mobilität und gesellschaftlicher Wandel."
juliakorea,Julia Korea organization
GridOPTICS,
zavalab,The Scalable Systems Lab at UW-Madison
PPOE,
my-stage,
EMTech-AUTh,The Hellenic Space Dawn space mission involving a constellation of nanosatellites. This hosts FOSS developed by the Aristotle University of Thessaloniki
julia-lang-athens,"This organization is about the Julia users group based in Athens, Greece."
gafusion,Theory group code repository
Parsl,"Parsl: Enabling easy parallelism on clusters, clouds and supercomputers."
UGM-EPSLab,
JuliaOpt,(Obsolete organization; see github.com/jump-dev) Mathematical Optimization in Julia
JuliaGeo,"JuliaGeo is a community of researchers, engineers and others interested in working with spatial data in Julia."
pypsa-meets-earth,An open source energy system model initiative for our Earth
open-energy-transition,Non-profit that accelerates the energy transition with open data and open source software solutions.
CogniPilot,
tdcosim,PSSE + OpenDSS + DER co-simulation project
powsybl,Power System Blocks
acados,
pangeo-data,A community effort for big data geoscience
catalyst-cooperative,Catalyst is a small data engineering cooperative working on electricity regulation and climate change.
GWA-grid-team,Goldwind Australia grid team enterprise workspace
PowerGridModel,Steady-state distribution power system analysis
bioperl,"Free and Open Source Perl tools for bioinformatics, genomics, and life science"
PDLPorters,"PDL (""Perl Data Language"") gives standard Perl the ability to compactly store and speedily manipulate large N-dimensional data arrays"
CougarCS,CougarCS ❤️ Computer Science
SnapSyllabus,
eclectic-extractions,
Perl5-Alien,"This is the old home of alienfile + Alien::Base + Alien::Build, please see the new org: https://github.com/PerlAlien"
HoustonHackers,
oh-uhouston,
perl-grimoire,
project-renard,
EntropyOrg,
orbital-transfer,
primordial-soup,"Scraping, transformation, etc."
EntropyOrg-staging,
bluebonnet,"remote storage / VFS (rclone, freenet)"
EntropyOrg-web,
EntropyOrg-data,
UHCodeRED,
NacrePerl,
CBL-ORION,
wearehx,
project-renard-survey,Survey of software for @project-renard
ikiwiki-dakine,
orbital-transfer-survey,Survey of software for @orbital-transfer
zmughal-CPAN,CPAN modules (Perl 5/7) maintained by @zmughal
perl-actions,actions helper for Github workflows
PerlAlien,Create and use non-Perl dependencies for CPAN
PerlFFI,Libraries and tools for developing FFI bindings in Perl
zmughal-contrib,Contributions by @zmughal
DesmosomeOrg,A binding body
Perl-OpenMP,Perl and OpenMP. What could possibly go right.
perlrdf,Modules for working with RDF using Perl
Perl-GPU,"Perl, OpenGL, and other hardware acceleration libraries"
devcontrol,
geultto,
wirc-sjsu,WIRC is a group of researchers who focus on all aspects of wildfire science and management to better understand fire in California and around the world.
datadrivenenvirolab,
EEYale,
SCMStandz,Single column standartisation
amd,
ROCm,
AMD-HPC,
AMD-AI,
elyra-ai,Elyra is an open source set of AI-centric extensions to JupyterLab Notebooks. The project is hosted in incubation in the LF AI & Data Foundation.
claimed-framework,CLAIMED is a runtime and programming language agnostic Data & AI component framework abstracting away all complexity for advanced MLOps and TrustedAI.
viomedi,Medical Video Conference Services
NOWUM,
IntergatedCircuits,Embedded connectivity solutions
fhooe,
PCSL-git,
schism-dev,
nightingale-media-player,A desktop media player based of retired Songbird.
webis-de,Web Technology & Information Systems Group (Webis Group)
pan-webis-de,Technologies for the Digital Text Forensics
keepassxreboot,"Developing a community driven, offline password manager"
chatnoir-eu,ChatNoir Research Web Search Engine
Energy-Science-Center,
PIR-IDS,Research project on the analysis of the evolution of information systems and on a proposed IDS (Intrusion Detection System) design method adapted to these.
Impact-Finance,Building sustainable digital economies to support high-impact causes.
MacRuby,
ManhattanMetric,
openmichigan,
toming-energy,
XRealities,
Gradure-Inc,
btcu-pro,Blockchain Technology Community of Universities
PrimitivesLane,
WTFAcademy,Web3 Open-Source University for Developers
sherlock-audit,Decentralized exploit protection
0xevm,
ic123-xyz,互联网计算机ICP的技术文档导航
megaeth-labs,"MegaETH is real-time Ethereum, streaming transactions at lightning speed: sub-millisecond latency and over 100,000 transactions per second."
zkp-learning,
ZKMod-Lab,
bs2-labs,
mhlabCodingTeam,
ViennaTools,"Open-source, high-performance frameworks for semiconductor process emulation and simulation."
baratito,"Comprá inteligente, comprá baratito 😎"
poly-blockchain,
bigladder,Building Energy Simulation Tools
dfirtrack,
senecon,
secotrust,
twisted,
