username,classification,company,location,repos
0-k,utility,eliagroup,DEU,"gh:antaressimulatorteam/antares_simulator,gh:emlab/emlab-generation,gh:fzj-iek3-vsa/fine,gh:genxproject/genx.jl,gh:leonardgoeke/anymod.jl,gh:nrel-sienna/powersimulations.jl,gh:pypsa/pypsa"
00Sleepy,professional,xept,DEU,gh:akkudoktor-eos/eos
00abed,unknown,,,gh:akkudoktor-eos/eos
0206lili,unknown,,,gh:etsap-times/times_model
04jonas,academic,,,gh:akkudoktor-eos/eos
0luckyu,unknown,,,gh:emlab/emlab-generation
0rcus13,unknown,,,gh:akkudoktor-eos/eos
0wenwu,academic,huazhong university of science and technology,,"gh:pypsa/pypsa,gh:rwl/pypower"
0wnway,unknown,,,"gh:assume-framework/assume,gh:flexigis/flexigis"
0x3W,academic,,MNE,"gh:e2niee/pandapower,gh:energy-modelling-toolkit/dispa-set"
0x48B,industry,microsoft,USA,gh:eiagov/bluesky
0x4D5352,industry,,USA,gh:akkudoktor-eos/eos
0x62646f727465,utility,reseau de transport d'electricite,FRA,gh:antaressimulatorteam/antares_simulator
0x6e3078,unknown,,,gh:akkudoktor-eos/eos
0xAplki,financial,xave-finance,,gh:energysystemsmodellinglab/muse_os
0xf8,unknown,,,gh:temoaproject/temoa
1-leo,unknown,,,gh:akkudoktor-eos/eos
1024kilobyte,unknown,,,gh:akkudoktor-eos/eos
10mamai,unknown,,,gh:akkudoktor-eos/eos
1217720084,unknown,,,"gh:changgang/steps,gh:curent/andes,gh:e2niee/pandapower,gh:future-power-networks/simplus-grid-tool,gh:grid-parity-exchange/egret,gh:leonardgoeke/anymod.jl,gh:mbheinen/bpa-ipf-tsp,gh:niclasmattsson/supergrid,gh:nrel-sienna/powersimulations.jl,gh:sanpen/veragrid,gh:thales1330/psp,gh:youngfaithful/capacityexpansion.jl"
123aerox,unknown,,,gh:akkudoktor-eos/eos
123tanji,unknown,,,gh:openipsl/openipsl
1245130203,unknown,,,gh:akkudoktor-eos/eos
1248988570,unknown,,,"gh:energy-modelling-toolkit/dispa-set,gh:natlabrockies/rodeo"
12ak,unknown,,,gh:opencemorg/opencem
1454w66q42,unknown,,,gh:natlabrockies/paraemt_public
14sea,unknown,,,"gh:adamgreenhall/minpower,gh:pypsa/pypsa,gh:rwl/pypower,gh:sanpen/veragrid,gh:susantoj/pypower-dynamics"
151707140,unknown,,,gh:curent/andes
16Amps,unknown,,,gh:akkudoktor-eos/eos
17211226,unknown,,,gh:adgefficiency/energy-py
17638031880,unknown,,,gh:curent/andes
1765541567,unknown,,,"gh:slacgismo/tess,gh:tum-ewk/opentumflex"
18223185572,academic,east china normal university,CHN,"gh:etsap-times/times_model,gh:niclasmattsson/supergrid,gh:pypsa/pypsa"
18612321346-ship-it,unknown,,,gh:gridoptics/gridpack
1983stefan,unknown,,,gh:emlab/emlab-generation
1997030303,unknown,,,"gh:blue-marble/gridpath,gh:fabmid/open-energy-cell-simulation"
1JunGu,academic,fudan university,USA,gh:erf-model/erf
1aonan,unknown,,,"gh:oemof/oemof-solph,gh:pypsa/pypsa"
1nv4d34,professional,"furniture jakarta, pt. tobe utama indonesia",IDN,gh:akkudoktor-eos/eos
1rashiid,professional,,USA,gh:curent/andes
1sz1,unknown,,,"gh:ahalev/python-microgrid,gh:microgrids-x/microgrids.py"
2016bgeyer,industry,,USA,gh:juliaenergy/powerdynamics.jl
2025514153aashirwad-glitch,academic,sharda university,IND,gh:calliope-project/calliope
2063314288,academic,hubei university of technology,,gh:powergridmodel/power-grid-model
20bloer,unknown,,,gh:natlabrockies/hopp
22kW,unknown,,,gh:akkudoktor-eos/eos
2308087369,academic,shanghai jiao tong university,CHN,"gh:natlabrockies/reopt.jl,gh:oemof/oemof-solph,gh:pypsa/pypsa"
2390772736-ctrl,unknown,,,gh:richard-weinhold/pomato
2448778655,unknown,,,gh:curent/andes
24601,academic,cto procurement sciences,USA,"gh:e2niee/pandapower,gh:ie3-institute/powersystemdatamodel,gh:ie3-institute/simona"
278136289-eco,unknown,,,"gh:e2niee/pandapower,gh:powergridmodel/power-grid-model,gh:pypsa/pypsa"
2flea,unknown,,,gh:akkudoktor-eos/eos
2kam,unknown,,,gh:fzj-iek3-vsa/fine
32bitmicro,professional,32bitmicro,,"gh:akkudoktor-eos/eos,gh:e2niee/pandapower,gh:natlabrockies/sam,gh:oemof/oemof-solph,gh:oemof/oemof-thermal,gh:openipsl/openipsl"
33200101165,academic,zhejiang university,CHN,gh:idaholab/hybrid
35604,unknown,,,gh:richard-weinhold/pomato
3LL3RM4NN,unknown,,,gh:oemof/oemof-solph
3enny3oy,unknown,,,gh:openipsl/openipsl
3plus10i,unknown,,CHN,"gh:blue-marble/gridpath,gh:curent/andes,gh:matpower/matpower,gh:rwl/pypower,gh:sanpen/veragrid"
3tes,unknown,,DEU,gh:akkudoktor-eos/eos
404GamerNotFound,unknown,,,gh:akkudoktor-eos/eos
42Mo,unknown,,SRB,"gh:sanpen/veragrid,gh:susantoj/pypower-dynamics"
4441564944,unknown,,CZE,gh:calliope-project/calliope
4Pixel,professional,4pixel,,gh:akkudoktor-eos/eos
4aoliang,academic,zhejiang university,CHN,gh:future-power-networks/simplus-grid-tool
4f1sh3r,unknown,,DEU,gh:akkudoktor-eos/eos
4lm,industry,avtools-io,DEU,gh:oemof/oemof-solph
4zman,unknown,,,gh:akkudoktor-eos/eos
5260486,utility,,,"gh:gh:adgefficiency/energy-py-linear,gh:curent/andes"
555wolfman,unknown,,AUT,gh:akkudoktor-eos/eos
5ky9uy,unknown,,,gh:akkudoktor-eos/eos
5mad,unknown,,,gh:rwl/pypower
6512197,academic,universidad de sevilla,ESP,gh:oemof/oemof-solph
695088,unknown,,SAU,"gh:natlabrockies/h2integrate,gh:natlabrockies/hopp"
6BCC2C3896,unknown,,,gh:akkudoktor-eos/eos
7tobias,unknown,,,gh:akkudoktor-eos/eos
839651726,unknown,,CHN,"gh:changgang/steps,gh:curent/andes"
86wilder,unknown,,,gh:akkudoktor-eos/eos
910061035,unknown,,,gh:juliaenergy/powerdynamics.jl
9527-ly,unknown,,,"gh:changgang/steps,gh:curent/andes,gh:lanl-ansi/powermodels.jl"
95Benjamin,unknown,,,gh:fzj-iek3-vsa/fine
980202006,unknown,,,gh:calliope-project/calliope
989139835182,unknown,,,"gh:e2niee/pandapower,gh:oemof/oemof-solph,gh:pypsa/pypsa,gh:quintel/etmodel"
AAQ2019,unknown,,,gh:energysystemsmodellinglab/muse_os
ABla35,unknown,,,gh:roseautechnologies/roseau_load_flow
ABollinger,unknown,,,gh:emlab/emlab-generation
ACatAC,unknown,,,gh:powergridmodel/power-grid-model
ADC27,unknown,,,gh:genxproject/genx.jl
ADGEfficiency,unknown,,,"gh:adgefficiency/energy-py,gh:gh:adgefficiency/energy-py-linear"
AETEE,unknown,,,gh:openipsl/openipsl
AElatar81,unknown,,,gh:openipsl/openipsl
AH-Hammi,industry,kostal electro mobility deutschland gmbh & co. kg,DEU,gh:akkudoktor-eos/eos
AHaumer,academic,edrives & oth regensburg,DEU,gh:openipsl/openipsl
AIAitesla,professional,aplicaciones en informatica avanzada,,"gh:openipsl/openipsl,gh:powsybl/powsybl-core"
AIEADA,unknown,,,gh:erf-model/erf
AIncredible,unknown,,,gh:calliope-project/calliope
AKarimzadeh,unknown,,,"gh:openipsl/openipsl,gh:upb-lea/electricgrid.jl"
AL-255,academic,,USA,gh:rwl/pypower
ALSETLab,academic,,USA,gh:openipsl/openipsl
ALiaoXiXi,unknown,,,gh:drafproject/draf
AMDonati,academic,ecole polytechnique,FRA,gh:adgefficiency/energy-py
AMLattanzi,academic,university of california berkeley,USA,gh:erf-model/erf
AMTQ,unknown,,CHE,gh:calliope-project/calliope
APepey,utility,one solar,ESP,gh:oemof/oemof-solph
APfeFSB,unknown,,,gh:energy-modelling-toolkit/dispa-set
AR-SmartHelio,professional,smarthelio,IND,"gh:nlr-distribution-suite/erad,gh:oemof/oemof-solph"
ASHEEM-GARWA,unknown,,,gh:energy-modelling-toolkit/dispa-set
ASPIRIN007,unknown,,,gh:gmlc-dispatches/dispatches
ASamarkRoth,unknown,,,gh:genxproject/genx.jl
ATAjhut,unknown,,,gh:calliope-project/calliope
AYUSHMIT,unknown,,USA,gh:curent/andes
AadilLatif,government,national laboratory of the rockies,USA,gh:nlr-distribution-suite/erad
AaronHolm,industry,,USA,"gh:etsap-times/times_model,gh:genxproject/genx.jl,gh:grid-parity-exchange/egret,gh:juliaenergy/powerdynamics.jl,gh:natlabrockies/reeds-2.0,gh:nrel-sienna/powersimulations.jl,gh:osemosys/osemosys,gh:switch-model/switch,gh:temoaproject/temoa"
AaronHolmGPA,professional,dos/gpa/ra/an/ds,USA,gh:eiagov/bluesky
AaronPB,utility,plataforma solar de almeria - ciemat,ESP,"gh:natlabrockies/pysam,gh:pypsa/pypsa"
AayParekh,academic,graduate student at columbia university,USA,gh:genxproject/genx.jl
Ab1037,unknown,,,"gh:curent/andes,gh:lanl-ansi/powermodels.jl,gh:matpower/matpower,gh:nrel-sienna/powersimulations.jl"
Abbey-yhl,unknown,,,"gh:matpower/matpower,gh:rwl/pypower"
AbcSxyZ,unknown,,,gh:energyscope/energyscope
AbdullahAlawad,unknown,,,gh:energy-modelling-toolkit/dispa-set
Abeautifulsnow,unknown,,UKR,gh:calliope-project/calliope
AbhimanyuAryan,academic,cegid,ESP,gh:genxproject/genx.jl
AbletonX,unknown,,,"gh:curent/andes,gh:e2niee/pandapower,gh:mbheinen/bpa-ipf-tsp,gh:openipsl/openipsl,gh:pypsa/pypsa"
Abrascha,unknown,,,gh:akkudoktor-eos/eos
AceBage,unknown,,,gh:akkudoktor-eos/eos
AchilleaResearch,unknown,,USA,gh:curent/andes
Adarsh-365,academic,nitw,IND,"gh:changgang/steps,gh:curent/andes,gh:e2niee/pandapower,gh:manuvarkey/gelectrical"
AdelineG,unknown,,,gl:diw-evu/dieter_public/dieterpy
Adiram97,unknown,,,gh:erf-model/erf
Adlinke,industry,adlinke media & trump organisation,USA,gh:curent/andes
Adminius,unknown,,,gh:akkudoktor-eos/eos
Adog64,academic,rowan university,,gh:curent/andes
Adrhman,professional,kahraba4u,,gh:natlabrockies/reopt_api
Adrian8aFerrino,academic,,DEU,gh:oemof/oemof-solph
AdrianBoeger,unknown,,,gh:akkudoktor-eos/eos
AdrianDAlessandro,academic,imperial college london,GBR,"gh:energysystemsmodellinglab/muse2,gh:energysystemsmodellinglab/muse_os"
AdrianLsk,unknown,,NLD,gh:adgefficiency/energy-py
Aeishwaryab,academic,denmark technical university,DNK,gh:rwl/pypower
Afnisse,industry,hsabati,MAR,gh:akkudoktor-eos/eos
Afraz85,unknown,,,gh:oemof/oemof-solph
AgnesBelt,unknown,,,"gh:calliope-project/calliope,gh:energy-modelling-toolkit/dispa-set,gh:osemosys/osemosys,gh:sei-international/nemomod.jl"
Agustin-Medusa,unknown,,,gh:akkudoktor-eos/eos
Ahmad-Mahmoudi-coder,unknown,,,gh:eiagov/bluesky
Ahmad-Wahid,industry,seitabv,DEU,"gh:calliope-project/calliope,gh:pypsa/pypsa,gh:sanpen/veragrid"
Ahmed-Abdalrahman,utility,independent electricity system operator,CAN,"gh:matpower/matpower,gh:matpower/most"
Ahmeddiab1,academic,kyushu university,,"gh:critical-infrastructure-systems-lab/pownet,gh:e2niee/pandapower,gh:energyinnovation/eps-us,gh:iit-energysystemmodels/opentepes,gh:natlabrockies/mafrit,gh:natlabrockies/sam,gh:osemosys/osemosys"
Ahmedobayah,unknown,,,gh:emlab/emlab-generation
Ahnaf-Ahmed,industry,sesit/emh,,"gl:sesit/copper,gl:sesit/idea,gl:sesit/silver"
AhnafUVIC,unknown,,,gl:sesit/silver
Ahsnazari,unknown,,,"gh:bje-/nemo,gh:richard-weinhold/pomato"
Aidenliuyu,unknown,,,gh:akkudoktor-eos/eos
Airowdan,unknown,,,gh:akkudoktor-eos/eos
Aishwarya1602,unknown,,,"gh:matpower/matpower,gh:natlabrockies/pras,gh:pypsa/pypsa,gh:sanpen/veragrid,gh:vub-hydr/revub"
AkarshSahlot,industry,linux foundation,USA,gh:powergridmodel/power-grid-model
Al3xand3r1987,unknown,,,gh:akkudoktor-eos/eos
AlKlecks,unknown,,,gh:akkudoktor-eos/eos
AlOussama,unknown,,DEU,"gh:anl-ceeesa/unitcommitment.jl,gh:assume-framework/assume,gh:curent/andes,gh:electa-git/flexplan.jl,gh:energy-modelling-toolkit/dispa-set,gh:genxproject/genx.jl,gh:juliaenergy/powerdynamics.jl,gh:lanl-ansi/powermodels.jl,gh:natlabrockies/reeds-2.0,gh:nrel-sienna/powersimulationsdynamics.jl,gh:pypsa/pypsa,gh:youngfaithful/capacityexpansion.jl"
AlannLiu,unknown,,,gh:genxproject/genx.jl
Alanw-git,unknown,,,"gh:anl-ceeesa/unitcommitment.jl,gh:fzj-iek3-vsa/fine,gh:genxproject/genx.jl,gh:grid-parity-exchange/egret,gh:grid2op/grid2op,gh:lanl-ansi/powermodels.jl,gh:natlabrockies/rodeo,gh:psrenergy/sddpdso.jl"
Alas89,unknown,,DEU,gh:akkudoktor-eos/eos
Albert-123,unknown,,,gh:curent/andes
Albizzian,industry,,,gh:curent/andes
AleXaend,unknown,,,gh:akkudoktor-eos/eos
AleandroD,unknown,,,gh:akkudoktor-eos/eos
Alejandra-CB,unknown,,,"gh:lanl-ansi/powermodels.jl,gh:openipsl/openipsl"
AlejandroGNE,utility,,,"gh:genxproject/genx.jl,gh:natlabrockies/reeds-2.0"
AleksandraRoos,unknown,,,"gh:balmorelcommunity/balmorel,gh:etsap-times/times_model"
Alekspal96,unknown,,,gh:etsap-times/times_model
Alematiale,academic,aalborg university,DNK,gh:pielube/messpy
Alessandro-Barbieri95,unknown,,,gh:calliope-project/calliope
AlexFauduet,unknown,,,gh:antaressimulatorteam/antares_simulator
AlexJew,industry,,,gh:oemof/oemof-solph
AlexNoring,unknown,,,gh:gmlc-dispatches/dispatches
AlexanderCkm,unknown,,,gh:akkudoktor-eos/eos
AlexanderFinkbeiner,unknown,,,gh:akkudoktor-eos/eos
AlexanderHobert,academic,bergische universitat wuppertal,DEU,"gh:e2niee/pandapower,gh:oemof/oemof-solph"
AlexanderHoogsteyn,academic,ku leuven,BEL,"gh:lanl-ansi/powermodels.jl,gh:spine-tools/spineopt.jl"
AlexanderWirtz,unknown,,,"gh:quintel/etengine,gh:quintel/etmodel,gh:quintel/pyetm"
AlexandreLab,unknown,,,gh:calliope-project/calliope
AlexandruMoraru310,unknown,,,gh:genxproject/genx.jl
AlexiaChen,financial,Jin Rong Jiao Yi Yuan ,CHN,gh:akkudoktor-eos/eos
Alhadlaq,unknown,,,gh:energy-modelling-toolkit/dispa-set
Ali-Alhamaly,unknown,,SAU,"gh:mesmo-dev/mesmo,gh:pypsa/pypsa"
Aliadavid,unknown,,,"gh:e2niee/pandapower,gh:lanl-ansi/powermodels.jl,gh:mesmo-dev/mesmo"
Alim1337,unknown,,,gh:roseautechnologies/roseau_load_flow
Alireza64z,unknown,,,gh:spine-tools/spineopt.jl
AlkaiDynamics,professional,alkai morphos dynamics (morphiq),AUS,"gh:breakthrough-energy/reise.jl,gh:ie3-institute/simona"
AllanY,professional,intel apac,CHN,gh:adgefficiency/energy-py
AllenDowney,industry,pymc labs,USA,gh:natlabrockies/pysam
Alston007,unknown,,,gh:adamgreenhall/minpower
Ambuj-Choudha,academic,rwth aachen university,DEU,gh:rwl/pypower
AmeliaDeWitt,unknown,,,gh:akkudoktor-eos/eos
Aming2134,unknown,,CHN,"gh:dynawo/dynawo,gh:susantoj/pypower-dynamics"
Amir-Torbati,utility,ric energy,ESP,gh:natlabrockies/pysam
AmirHB98,unknown,,,"gh:curent/andes,gh:e2niee/pandapower,gh:pnnl/exago"
AmitGunda,unknown,,,gh:natlabrockies/reopt_api
Anasdma,unknown,,,gh:akkudoktor-eos/eos
AndreAdemollo,unknown,,,gh:pielube/messpy
AndreWohnsland,industry,,DEU,gh:akkudoktor-eos/eos
AndreasEppler,unknown,,,gh:assume-framework/assume
AndreasPatha,unknown,,,gh:ait-energy/iesopt.jl
AndreasSahlberg,industry,,,gh:onsset/onsset
AndreasWillibaldWeber,academic,"university of passau, faculty of computer science and mathematics, chair of computer engineering",DEU,gh:calliope-project/calliope
AndrejAngelovski,academic,,MKD,"gh:breakthrough-energy/reise.jl,gh:grid2op/grid2op"
Andresfelipepd,academic,,COL,gh:rwl/pypower
Andresfu27,unknown,,,gh:fzj-iek3-vsa/fine
Andresj89,unknown,,,gh:gmlc-dispatches/dispatches
Androude,industry,cinemo gmbh,DEU,gh:akkudoktor-eos/eos
AndyS3D,unknown,,,gh:akkudoktor-eos/eos
Ang3er,unknown,,,gh:akkudoktor-eos/eos
Anganthier,unknown,,,gh:akkudoktor-eos/eos
AngelikiLk,utility,national grid eso,GBR,"gh:energy-modelling-toolkit/dispa-set,gh:epgoxford/open"
Anghostdy,unknown,,DEU,gh:akkudoktor-eos/eos
Angus-Mathieson,unknown,,,gh:natlabrockies/hopp
AniaKaras,unknown,,,gh:roseautechnologies/roseau_load_flow
AnjoMan,industry,opus one solutions,CAN,"gh:lanl-ansi/powermodels.jl,gh:niclasmattsson/supergrid,gh:pencleanenergy/match-model,gh:pypsa/pypsa,gh:sanpen/veragrid"
AnkurArohi,academic,rwth aachen university,DEU,"gh:curent/andes,gh:e2niee/pandapower,gh:powergridmodel/power-grid-model,gh:powsybl/powsybl-core,gh:powsybl/powsybl-open-loadflow,gh:powsybl/pypowsybl,gh:pypsa/pypsa,gh:sanpen/veragrid,gh:sogno-platform/dpsim"
Anmirazik,academic,,MYS,"gh:genxproject/genx.jl,gh:lkruitwagen/global-fossil-fuel-supply-chain,gh:oemof/oemof-solph,gh:tulipaenergy/tulipaenergymodel.jl"
AnnaBuettner,academic,potsdam intitute for climate impact research pik-icone,,gh:juliaenergy/powerdynamics.jl
AnnaFeierling,unknown,,,gh:richard-weinhold/pomato
Anouer00,unknown,,,gh:roseautechnologies/roseau_load_flow
AnthonyB08,academic,university of massachusetts lowell,,gh:idaholab/hybrid
AntoineTeixeira,professional,cired,FRA,"gh:calliope-project/calliope,gh:iiasa/message_ix,gh:oemof/oemof-solph,gh:transition-zero/tz-osemosys"
AntonFrisk,industry,,SWE,gh:natlabrockies/hopp
AntonellaGia,unknown,,,gh:oemof/oemof-solph
Antti-L,unknown,,,"gh:etsap-times/times_model,gh:highres-model/highres-europe,gh:iee-tugraz/lego"
Aoko7,unknown,,,gh:fzj-iek3-vsa/fine
AoufNihed,academic,,DZA,"gh:e2niee/pandapower,gh:epgoxford/open,gh:matpower/matpower,gh:nrel-sienna/powersimulations.jl,gh:powsybl/powsybl-open-loadflow,gh:pypsa/pypsa,gh:rwl/pypower"
Apereval,unknown,,,gh:natlabrockies/pysam
Apexnpl,unknown,,,gh:oemof/oemof-solph
Apollo3zehn,unknown,,DEU,gh:akkudoktor-eos/eos
AppServiceProvider,unknown,,,"gh:adgefficiency/energy-py,gh:e2niee/pandapower,gh:nreca-bts/omf,gh:pypsa/pypsa"
AppleCore97,unknown,,,"gh:changgang/steps,gh:curent/andes,gh:rwl/pypower,gh:susantoj/pypower-dynamics"
AraujoH,academic,cornell university,USA,gh:sienna-platform/powersystemsinvestments.jl
Archie4575,unknown,,ATA,gh:curent/andes
ArchmageJU,unknown,,,gh:mbheinen/bpa-ipf-tsp
Ares-Hantrio,unknown,,,gh:genxproject/genx.jl
Aries-Wu,unknown,,,gh:powergridmodel/power-grid-model
ArjunReddy07,unknown,,,"gh:grid-parity-exchange/egret,gh:richard-weinhold/pomato"
ArmanYassin,unknown,,,gh:powergridmodel/power-grid-model
Armando99999999,unknown,,,gh:assume-framework/assume
ArmelloBello,unknown,,,gh:pielube/messpy
Armenat1990,unknown,,,"gh:e2niee/pandapower,gh:powergridmodel/power-grid-model,gh:pypsa/pypsa,gh:sanpen/veragrid"
Armin-Ha,unknown,,,gh:erf-model/erf
Arminz53,unknown,,,gh:akkudoktor-eos/eos
ArnabKar,academic,duke university,USA,gh:genxproject/genx.jl
Arnaud-Dorthe,professional,abak consulting,BEL,"gh:antaressimulatorteam/antares_simulator,gh:behrangshirizadeh/eoles_elecres,gh:iiasa/message_ix"
Arndt-Barop,unknown,,,gh:akkudoktor-eos/eos
Ars-Vitae,unknown,,,gh:akkudoktor-eos/eos
ArshidAli84,professional,"home energy management, machine learning",,gh:openipsl/openipsl
ArthurChuat,unknown,,,gh:energyscope/energyscope
ArthurDepledge,unknown,,,gh:assume-framework/assume
ArthurduVignau,unknown,,,gh:spf-ost/optihood
ArttuTupala,unknown,,,gh:irena-flextool/flextool
ArunSukumaranNair-eaton,unknown,,,gh:natlabrockies/reopt_api
Ashish-Kotwal,academic,institute for energy studies,USA,"gh:adgefficiency/energy-py,gh:gh:adgefficiency/energy-py-linear,gh:breakthrough-energy/reise.jl,gh:calliope-project/calliope,gh:e2niee/pandapower,gh:nrel-sienna/powersimulations.jl,gh:nrel-sienna/powersimulationsdynamics.jl,gh:oemof/oemof-solph,gh:pypsa/pypsa,gh:sei-international/nemomod.jl,gh:switch-model/switch,gh:tum-ens/urbs"
AshwinSandeep1,academic,,,gh:genxproject/genx.jl
AsiminaF,unknown,,,gh:antaressimulatorteam/antares_simulator
AsteroidArcher,unknown,,,gh:akkudoktor-eos/eos
Athlici,unknown,,DEU,gh:akkudoktor-eos/eos
AthosRR,professional,xdu,,gh:drafproject/draf
Atlas553,unknown,,DEU,gh:akkudoktor-eos/eos
AtomSolar,unknown,,,"gh:natlabrockies/pysam,gh:natlabrockies/sam"
Atturath,unknown,,,"gh:grid2op/grid2op,gh:powergridmodel/power-grid-model,gh:sanpen/veragrid"
Audrey-Hepburn,unknown,,,gh:leonardgoeke/anymod.jl
Aurel31,academic,wildfire interdisciplinary research center,USA,gh:erf-model/erf
AvisekNaug,academic,vanderbiltuniversity,USA,gh:adgefficiency/energy-py
Axelwickm,industry,,PRT,gh:adgefficiency/energy-py
AxxiD,unknown,,DEU,gh:akkudoktor-eos/eos
Aye10032,academic,"qibebt, chinese academy of science",,gh:natlabrockies/pysam
AzadSaeed,academic,colorado state university,USA,gh:idaholab/heron
AzamatIlyasov,unknown,,KAZ,"gh:e2niee/pandapower,gh:juliaenergy/powerdynamics.jl,gh:manuvarkey/gelectrical,gh:matpower/matpower,gh:nreca-bts/omf,gh:pypsa/pypsa,gh:rwl/pypower,gh:sogno-platform/dpsim"
Azier1010,unknown,,,gh:rwl/pypower
BAIZWCHI,unknown,,,gh:temoaproject/temoa
BAXMAY,unknown,,THA,gh:adgefficiency/energy-py
BAZ-C,unknown,,,gh:antaressimulatorteam/antares_simulator
BDonnot,unknown,,,"gh:chengts95/rustpower,gh:dynawo/dynawo,gh:e2niee/pandapower,gh:grid2op/chronix2grid,gh:grid2op/grid2op,gh:gridoptics/gridpack,gh:marvinler/pypownet,gh:powsybl/pypowsybl,gh:pypsa/pypsa,gh:sanpen/veragrid"
BIGKongzi,academic,shanghai jiao tong university,CHN,gh:gridoptics/gridpack
BK123BK,unknown,,,"gh:assume-framework/assume,gh:blue-marble/gridpath,gh:calliope-project/calliope,gh:changgang/steps,gh:e2niee/pandapower,gh:epri-dev/opender,gh:future-power-networks/simplus-grid-tool,gh:grid-parity-exchange/egret,gh:grid2op/grid2op,gh:iit-energysystemmodels/opentepes,gh:juliaenergy/powerdynamics.jl,gh:lanl-ansi/powermodels.jl,gh:mzy2240/esa,gh:natlabrockies/paraemt_public,gh:nlr-distribution-suite/erad,gh:nrel-sienna/powersimulationsdynamics.jl,gh:pypsa/pypsa,gh:sanpen/veragrid,gh:sogno-platform/dpsim,gh:switch-model/switch,gh:thales1330/psp,gh:upb-lea/electricgrid.jl"
BMaxV,unknown,,,"gh:calliope-project/calliope,gh:e2niee/pandapower,gh:sanpen/veragrid"
BMoehlig,unknown,,,gh:akkudoktor-eos/eos
BOT573,unknown,,,gh:oemof/oemof-solph
BPBartholomew,unknown,,USA,gh:genxproject/genx.jl
BRIK-Engenharia,unknown,,BRA,gh:natlabrockies/pysam
BRNNDR,unknown,,ITA,"gh:grid-parity-exchange/egret,gh:grid2op/grid2op,gh:pypsa/pypsa,gh:spine-tools/spineopt.jl"
BSanjani,academic,stony brook university,USA,"gh:gridfm/gridfm-graphkit,gh:natlabrockies/paraemt_public"
BSrijita,academic,rensselaer polytechnic institute,USA,gh:openipsl/openipsl
Bachibouzouk,unknown,,,"gh:oemof/oemof-solph,gh:pypsa/pypsa,gh:rl-institut/multi-vector-simulator"
Bachsau,unknown,,DEU,gh:akkudoktor-eos/eos
Bagger85,unknown,,,gh:akkudoktor-eos/eos
BainanXia,unknown,,,gh:breakthrough-energy/reise.jl
BakytzhanSuleimenov,industry,,,"gh:eiagov/bluesky,gh:osemosys/osemosys"
Balinus,academic,,,gh:natlabrockies/pras
BankTanti,unknown,,,gh:epgoxford/open
Bankaifan,professional,huk-coburg,DEU,gh:akkudoktor-eos/eos
Bart-5,unknown,,,gh:emlab/emlab-generation
Bartmann58,unknown,,,gh:akkudoktor-eos/eos
BartonChenTW,academic,"empa, swiss federal laboratories for materials science and technology",CHE,"gh:pypsa/pypsa,gh:rwl/pypower"
BastiZ0,unknown,,,gh:akkudoktor-eos/eos
Bastolo,unknown,,,gh:temoaproject/temoa
Batmanabcdefg,unknown,,FRA,"gh:juliaenergy/joulia.jl,gh:lanl-ansi/powermodels.jl,gh:nrel-sienna/powersimulations.jl,gh:youngfaithful/capacityexpansion.jl"
Batorian,academic,,DEU,gh:akkudoktor-eos/eos
BayoOlawumi,industry,ebayo,JPN,gh:highres-model/highres-europe
Bbotor,unknown,,,gh:genxproject/genx.jl
BehrouzSohrabi,unknown,,,gh:rwl/pypower
BenJamesbabala,unknown,,,gh:adgefficiency/energy-py
Bend3smo,unknown,,,gh:akkudoktor-eos/eos
BeneJoh,academic,energy information networks and systems lab,DEU,"gh:juliaenergy/powerdynamics.jl,gh:nrel-sienna/powersimulations.jl,gh:sogno-platform/dpsim"
BenedictBrosius,academic,rheinisch westfalische technische hochschule aachen,DEU,gh:zen-universe/zen-garden
Benedikt4,unknown,,,gh:oemof/oemof-solph
Bengt,unknown,,DEU,"gh:e2niee/pandapower,gh:nrel-sienna/powersimulations.jl,gh:nrel-sienna/powersimulationsdynamics.jl,gh:oemof/oemof-solph,gh:oemof/oemof-thermal,gh:powsybl/powsybl-core,gh:pypsa/pypsa,gh:rwl/pypower,gh:sanpen/veragrid,gh:tum-ens/urbs"
BengtOFFIS,unknown,,,"gh:oemof/oemof-solph,gh:pypsa/pypsa,gh:rwl/pypower,gh:sanpen/veragrid"
BenoitDelcroix,utility,hydro-quebec,CAN,gh:epgoxford/open
BenoitGuyot,unknown,,,gh:antaressimulatorteam/antares_simulator
BenoitJeanson,utility,reseau de transport d'electricite,FRA,"gh:dynawo/dynawo,gh:powergridmodel/power-grid-model,gh:powsybl/powsybl-core,gh:powsybl/pypowsybl"
BensonJia,academic,university of hong kong,,"gh:akkudoktor-eos/eos,gh:transition-zero/tz-osemosys"
BerenLuth,academic,greendecision.eu,ITA,gh:calliope-project/calliope
BergenLading,unknown,,,gh:genxproject/genx.jl
BerndCzech,unknown,,,gh:akkudoktor-eos/eos
BernhardBaumrock,professional,baumrock e.u.,AUT,gh:akkudoktor-eos/eos
BernhardWortmann,unknown,,,gh:fzj-iek3-vsa/fine
BestSonny,academic,,USA,gh:gridfm/gridfm-graphkit
Betristor,academic,peking university,CHN,"gh:anl-ceeesa/unitcommitment.jl,gh:etsap-times/times_model,gh:genxproject/genx.jl,gh:lanl-ansi/powermodels.jl,gh:leonardgoeke/anymod.jl,gh:macroenergy/macroenergy.jl,gh:nrel-sienna/powersimulations.jl,gh:nrel-sienna/powersimulationsdynamics.jl,gh:powergridmodel/power-grid-model,gh:sei-international/nemomod.jl,gh:upb-lea/electricgrid.jl,gh:youngfaithful/capacityexpansion.jl"
Bhrugeshs,industry,,DEU,"gh:oemof/oemof-solph,gh:oemof/oemof-thermal,gh:osemosys/osemosys"
BiancaMelon,unknown,,,gh:calliope-project/calliope
BiaoMao,unknown,,,gh:rwl/pypower
Bierdimpfel,unknown,,,gh:oemof/oemof-solph
BigCrunsh,unknown,,,gh:akkudoktor-eos/eos
BigdogManLuo,academic,shanghai jiaotong university,CHN,gh:curent/andes
Bill-Becker,research,national renewable energy laboratory,USA,gh:natlabrockies/reopt.jl
BinHuangScut,academic,southern methodist university,USA,"gh:curent/andes,gh:e2niee/pandapower,gh:marvinler/pypownet,gh:pypsa/pypsa,gh:rwl/pypower,gh:sanpen/veragrid"
Bingoang,academic,shanghai university,CHN,gh:rwl/pypower
BiswarupM,academic,technical university of munich,DEU,gh:openipsl/openipsl
BitDesert,unknown,,DEU,gh:akkudoktor-eos/eos
Bitygan,unknown,,,"gh:epri-dev/opendss-c,gh:mbheinen/bpa-ipf-tsp"
Bjarne-55,unknown,,,gh:akkudoktor-eos/eos
BjoernKellermann,professional,private,DEU,gh:akkudoktor-eos/eos
BjoernLaemmerzahl,unknown,,,"gh:adamgreenhall/minpower,gh:optimal2050/energyrt,gh:pypsa/pypsa"
Blake061,unknown,,,"gh:future-power-networks/simplus-grid-tool,gh:natlabrockies/paraemt_public"
BlakeKirby,unknown,,,gh:opencemorg/opencem
Blumps47,unknown,,,"gh:matpower/matpower,gh:natlabrockies/reeds-2.0,gh:natlabrockies/reopt.jl,gh:natlabrockies/sam,gh:pypsa/pypsa,gh:sanpen/veragrid"
BoWangGW,unknown,,,gh:matpower/most
BobbyB-creator,unknown,,,gh:oemof/oemof-solph
Bobbycarron,unknown,,,gh:oemof/oemof-solph
BobyMCbobs,unknown,,NZL,gh:genxproject/genx.jl
Boubat,unknown,,,gh:zen-universe/zen-garden
Boulder247,unknown,,,gh:pencleanenergy/match-model
Bramtimm,professional,alliander,NLD,gh:powergridmodel/power-grid-model
BrandILukas,industry,infineon technologies ag,,gh:akkudoktor-eos/eos
BraydenR0311,academic,construction engineering research laboratory (cerl),USA,gh:natlabrockies/reopt.jl
BreezyMcCardle,professional,esri,USA,gh:natlabrockies/pysam
BrentKylling,unknown,,,"gh:juliaenergy/powerdynamics.jl,gh:pypsa/pypsa"
Brgraul,academic,,AUT,gh:gridfm/gridfm-graphkit
BrianCultice,unknown,,,gh:eiagov/bluesky
BrianDK17,unknown,,,gh:akkudoktor-eos/eos
Brunhilde,industry,,DEU,gh:akkudoktor-eos/eos
BrunoCaimar,industry,bizpoke,BRA,gh:curent/andes
BrunoScaglione,academic,university of sao paulo (usp),BRA,"gh:akkudoktor-eos/eos,gh:pypsa/pypsa"
Brunoarcand,unknown,,,gh:etsap-times/times_model
Bryan-cg,academic,ku leuven - vito,BEL,"gh:electa-git/flexplan.jl,gh:lanl-ansi/powermodels.jl,gh:natlabrockies/reopt.jl,gh:pypsa/pypsa"
Budgeree,unknown,,,"gh:e2niee/pandapower,gh:energy-modelling-toolkit/dispa-set,gh:pypsa/pypsa"
Burdack1,unknown,,,gh:fzj-iek3-vsa/fine
BurningTrapezoid,unknown,,DEU,"gh:oemof/oemof-solph,gh:pypsa/pypsa,gh:transient-official/transient-lib"
Butubutubutu,unknown,,,gh:rwl/pypower
ByunghoonKim,unknown,,KOR,gh:antaressimulatorteam/antares_simulator
C0re568,unknown,,,gh:akkudoktor-eos/eos
CADBIMDeveloper,unknown,,LTU,gh:antaressimulatorteam/antares_simulator
CANOE-main,unknown,,,gh:temoaproject/temoa
CCEng,unknown,,,gh:emlab/emlab-generation
CGK-energy,unknown,,,gh:assume-framework/assume
CGaul,professional,cto beyobie,DEU,gh:akkudoktor-eos/eos
CHLEEsfa,unknown,,,gh:adgefficiency/energy-py
CHOMCE,unknown,,,gh:rwl/pypower
CHWservices,academic,,,gh:powergridmodel/power-grid-model
CIE-UMSS,unknown,,,"gh:energy-modelling-toolkit/dispa-set,gh:onsset/onsset"
CII3ER,unknown,,,gh:akkudoktor-eos/eos
CIODWYER,unknown,,,gh:spine-tools/spineopt.jl
CLAassistant,unknown,,,gh:iiasa/message_ix
CNC-Buddy,unknown,,,gh:akkudoktor-eos/eos
CROdominik,academic,technical university of denmark,DNK,gh:calliope-project/calliope
CSchoch,unknown,,,gh:akkudoktor-eos/eos
CURENT2,unknown,,,gh:curent/andes
CaffeinatedCod3r,unknown,,IND,gh:onsset/onsset
CairodJD,unknown,,,gh:akkudoktor-eos/eos
CalaMatti,unknown,,,gh:pielube/messpy
CallahuaraMiguel,unknown,,,gh:irena-flextool/flextool
Camilo-845,academic,universidad del magdalena,COL,gh:akkudoktor-eos/eos
Camyucan,unknown,,,"gh:blue-marble/gridpath,gh:emlab/emlab-generation,gh:fzj-iek3-vsa/fine,gh:genxproject/genx.jl,gh:gridfm/gridfm-graphkit,gh:iiasa/message_ix,gh:natlabrockies/sam,gh:prep-next/prep-shot"
CanqiYao,academic,,,"gh:anl-ceeesa/unitcommitment.jl,gh:e2niee/pandapower,gh:lanl-ansi/powermodels.jl,gh:matpower/matpower,gh:rwl/pypower"
CarAuto34,unknown,,,gh:assume-framework/assume
CarbonNeutral35,unknown,,,gh:genxproject/genx.jl
CarlRe,unknown,,,"gh:juliaenergy/powerdynamics.jl,gh:nrel-sienna/powersimulations.jl"
CarloCarcasci,unknown,,,gh:pielube/messpy
CarlosGL84,unknown,,,gh:vub-hydr/revub
Carterbouley,professional,,GBR,"gh:adgefficiency/energy-py,gh:gh:adgefficiency/energy-py-linear"
CasparJungbacker,academic,delft university of technology,NLD,gh:erf-model/erf
Cbit11,unknown,,CAN,gh:powergridmodel/power-grid-model
Cemberk,unknown,,,"gh:akkudoktor-eos/eos,gh:marvinler/pypownet"
Cerberus22,unknown,,,gh:tulipaenergy/tulipaenergymodel.jl
Cermouth,unknown,,,gh:zen-universe/zen-garden
Cesare-Caputo,unknown,,,"gh:assume-framework/assume,gh:calliope-project/calliope,gh:pypsa/pypsa"
ChaiYunzhi,unknown,,,gh:idaholab/hybrid
Chaizhaoyuan,academic,tsinghua university,CHN,"gh:genxproject/genx.jl,gh:tum-ens/urbs"
ChalkLiu,unknown,,,gh:akkudoktor-eos/eos
CharlesEdisonTripp,unknown,,USA,gh:natlabrockies/hopp
CharlieXu,unknown,,,"gh:gridoptics/gridpack,gh:sanpen/veragrid"
CharlinZheng,academic,,,"gh:marvinler/pypownet,gh:natlabrockies/paraemt_public,gh:sogno-platform/dpsim"
Charlottevm,unknown,,,"gh:quintel/etengine,gh:quintel/etmodel,gh:quintel/pyetm"
ChasingNeutrons,unknown,,,gh:genxproject/genx.jl
Chauhan-Aniket,professional,aniac,IND,gh:akkudoktor-eos/eos
ChenBeiYi,unknown,,,gh:genxproject/genx.jl
ChenYMM,academic,Zhe Jiang Da Xue ,,gh:oemof/oemof-solph
ChengMA7,academic,,CHN,"gh:chrisyeh96/sustaingym,gh:epri-dev/opender,gh:pnnl/tesp,gh:rwl/pypower"
Chengjian-Xu,unknown,,,"gh:calliope-project/calliope,gh:pypsa/pypsa"
ChengnanShi-Work,academic,katholieke universiteit leuven,BEL,gh:openipsl/openipsl
ChenguangWang-Sam,professional,alliander,NLD,gh:powergridmodel/power-grid-model
ChengweiLou,unknown,,,"gh:dss-extensions/dss_capi,gh:e2niee/pandapower,gh:genxproject/genx.jl,gh:natlabrockies/reopt.jl"
Chhatru18,unknown,,IND,gh:oemof/oemof-solph
Chhro123,unknown,,,gh:oemof/oemof-solph
ChiaraMagni21,unknown,,,gh:energy-modelling-toolkit/dispa-set
ChillkroeteTTS,unknown,,,"gh:oemof/oemof-solph,gh:pypsa/pypsa"
Chillthrower,industry,,,gh:powergridmodel/power-grid-model
Chloe-1204,unknown,,,gh:rwl/pypower
ChloeH719,unknown,,,gh:powergridmodel/power-grid-model
Chr-007,unknown,,,gh:akkudoktor-eos/eos
ChriKo97,industry,,DEU,"gh:assume-framework/assume,gh:fzj-iek3-vsa/fine"
ChrisCross1337,unknown,,,"gh:curent/andes,gh:lanl-ansi/powermodels.jl,gh:marvinler/pypownet,gh:pypsa/pypsa"
ChrisKoh83,unknown,,,gh:akkudoktor-eos/eos
ChrisRackauckas,academic,massachusetts institute of technology,USA,"gh:juliaenergy/joulia.jl,gh:lanl-ansi/powermodels.jl,gh:nrel-sienna/powersimulationsdynamics.jl"
Chrischen150,unknown,,,gh:emlab/emlab-generation
Christian-Schulz,industry,,DEU,gh:akkudoktor-eos/eos
Christian-fhs,unknown,,,gh:akkudoktor-eos/eos
ChristianHohlfeld,professional,wobak.de,DEU,gh:akkudoktor-eos/eos
ChristianLauk,unknown,,,"gh:calliope-project/calliope,gh:iiasa/message_ix"
ChristianLutz,professional,inovel systeme ag,DEU,gh:akkudoktor-eos/eos
ChristianSell,unknown,,DEU,gh:akkudoktor-eos/eos
ChristianSill,unknown,,,gh:akkudoktor-eos/eos
Christinekr,unknown,,,gh:emlab/emlab-generation
Christoph-87,unknown,,,gh:akkudoktor-eos/eos
ChristophPelsLeusden,academic,berliner hochschule fur technik,DEU,"gh:oemof/oemof-solph,gh:oemof/oemof-thermal"
ChromoX,unknown,,USA,gh:adgefficiency/energy-py
ChuyangWANG0,unknown,,,gh:roseautechnologies/roseau_load_flow
ClaireGyn,academic,national university of singapore,,gh:calliope-project/calliope
Clark1216,unknown,,SGP,gh:etsap-times/times_model
Claus1985,unknown,,,gh:akkudoktor-eos/eos
Clayt0nGamble,unknown,,,gh:genxproject/genx.jl
CloudOnWings,unknown,,,"gh:ahalev/python-microgrid,gh:arras-energy/gridlabd,gh:curent/andes,gh:dgusain1/energysim,gh:dynawo/dynawo,gh:e2niee/pandapower,gh:powergridmodel/power-grid-model,gh:powsybl/powsybl-core,gh:pypsa/pypsa,gh:sanpen/veragrid"
Cmt111,unknown,,,gh:curent/andes
CoinMasterJ,unknown,,,gh:eiagov/bluesky
ColterD,industry,systems engineer,USA,gh:akkudoktor-eos/eos
CommanderRoot,unknown,,DEU,gh:akkudoktor-eos/eos
Complexyy,unknown,,,"gh:calliope-project/calliope,gh:e2niee/pandapower,gh:matpower/matpower,gh:mesmo-dev/mesmo"
ConsolinnoEnergy,unknown,,,gh:oemof/oemof-solph
ConstantinM089,unknown,,,gh:drafproject/draf
CoolDalek,unknown,,,gh:ie3-institute/simona
CoreTex,unknown,,DEU,gh:akkudoktor-eos/eos
Corwin2000,unknown,,,"gh:curent/andes,gh:genxproject/genx.jl,gh:natlabrockies/hopp,gh:natlabrockies/wpgnn,gh:pielube/messpy,gh:rwl/pypower"
CoryVegan,unknown,,AUS,"gh:adamgreenhall/minpower,gh:e2niee/pandapower,gh:sanpen/veragrid,gh:unsw-ceem/nempy"
Crazy-Bike,academic,Hua Bei Dian Li Da Xue (north china electric power university),CHN,gh:curent/andes
CristinaMarsh,unknown,,,gh:oemof/oemof-solph
Cryptohavens,unknown,,,gh:temoaproject/temoa
CundallAus,unknown,,AUS,"gh:natlabrockies/pysam,gh:natlabrockies/sam"
CuteCandice,unknown,,,"gh:curent/andes,gh:natlabrockies/paraemt_public"
Cxm906,unknown,,,gh:curent/andes
CyrilChambe,unknown,,,gh:spine-tools/spineopt.jl
Czichy,unknown,,,gh:akkudoktor-eos/eos
D-SW-404,unknown,,,"gh:matpower/matpower,gh:rwl/pypower"
D3XX3R,unknown,,,gh:akkudoktor-eos/eos
D3f0,academic,ibm research,KEN,gh:gridfm/gridfm-graphkit
DC-Opportunities,unknown,,,gh:rwl/pypower
DEPOT-JW,unknown,,,gh:rwl/pypower
DEickholt,unknown,,,gh:oemof/oemof-solph
DFuh,unknown,,,gh:oemof/oemof-solph
DGCaprace,unknown,,,gh:erf-model/erf
DGeorgiadis,unknown,,,gh:rwl/pypower
DHersh3094,unknown,,,gh:calliope-project/calliope
DIlla5,unknown,,,gh:akkudoktor-eos/eos
DJDIAA,unknown,,,gh:temoaproject/temoa
DKMahto,unknown,,,"gh:andrewlyden/pylesa,gh:epgoxford/open,gh:epri-dev/opender,gh:grid2op/grid2op,gh:manuvarkey/gelectrical,gh:mesmo-dev/mesmo,gh:natlabrockies/reopt.jl,gh:pypsa/pypsa,gh:sanpen/veragrid"
DL7PNP,unknown,,DEU,gh:akkudoktor-eos/eos
DMRWTH,unknown,,,gh:rwl/pypower
DRzhongGLC,unknown,,,gh:rwl/pypower
DS-PGE-001,utility,power grid engineers pge oy,,gh:sogno-platform/dpsim
DZ-Shaw,unknown,,,"gh:curent/andes,gh:pypsa/pypsa"
DZ3210,unknown,,,gh:opencemorg/opencem
DaSpors,industry,scavix software ltd. & co. kg,,gh:akkudoktor-eos/eos
Daan4,professional,vattenfall,NLD,"gh:powergridmodel/power-grid-model,gh:pypsa/pypsa"
Dacrol,professional,e.on,SWE,gh:adgefficiency/energy-py
Dagiordano,unknown,,,gh:akkudoktor-eos/eos
Damiano08,academic,politecnico di milano,ITA,"gh:assume-framework/assume,gh:emlab/emlab-generation"
DamienCarbo,unknown,,,gh:energyscope/energyscope
Dan3dp,unknown,,DEU,gh:akkudoktor-eos/eos
DancerVlt69,unknown,,DEU,gh:akkudoktor-eos/eos
Danfi1983,industry,graphmasters gmbh,,gh:akkudoktor-eos/eos
Daniel329105,unknown,,,gh:natlabrockies/reopt_api
DanielFriedrich,unknown,,,"gl:diw-evu/dieter_public/dieterpy,gl:dlr-ve/esy/amiris/amiris"
DanielNavia1,unknown,,,gh:genxproject/genx.jl
DanielSkau,unknown,,,gh:akkudoktor-eos/eos
DanieleBricca,academic,sapienza university,ITA,gh:calliope-project/calliope
Danielnied,unknown,,,gh:oemof/oemof-solph
Danjil,unknown,,,gh:richard-weinhold/pomato
Danny1127,academic,,USA,"gh:etsap-times/times_model,gh:iiasa/message_ix"
Dannyboy001,unknown,,,gh:akkudoktor-eos/eos
Darchonx,academic,"the chinese university of hong kong,shenzhen",CHN,gh:richard-weinhold/pomato
DarcioMBSilva,unknown,,,"gh:gridfm/gridfm-graphkit,gh:lanl-ansi/powermodels.jl,gh:nrel-sienna/powersimulations.jl,gh:nrel-sienna/powersimulationsdynamics.jl"
DarioSlaifsteinSk,academic,,,gh:tulipaenergy/tulipaenergymodel.jl
DarkRiver83,unknown,,,gh:akkudoktor-eos/eos
DarylDevW,unknown,,,gh:roseautechnologies/roseau_load_flow
Dasein-g,unknown,,,gh:curent/andes
Data-CRT,unknown,,,gh:natlabrockies/reopt_api
DataFabricRus,unknown,,RUS,gh:derrickoswald/cimapplication
DataScienceRetreat,academic,,DEU,gh:adgefficiency/energy-py
Dave3332,academic,,,gh:arthurrinaldi/grimsel
DaveParr,industry,www.engi.ai,GBR,"gh:oemof/oemof-solph,gh:pypsa/pypsa"
DavidAmanfu,academic,,USA,gh:calliope-project/calliope
DavidEnergie,unknown,,,"gh:e2niee/pandapower,gh:juliaenergy/powerdynamics.jl,gh:openego/edisgo"
DavidKaub,professional,dfki,,gh:akkudoktor-eos/eos
DavidLikesLearning,academic,,,gh:temoaproject/temoa
DavidNemecek,unknown,,,gh:akkudoktor-eos/eos
DavidPozo,academic,jrc,,"gh:calliope-project/calliope,gh:eiagov/bluesky,gh:natlabrockies/pras,gh:nrel-sienna/powersimulations.jl,gh:spine-tools/spineopt.jl,gh:tulipaenergy/tulipaenergymodel.jl"
Davidxswang,academic,,USA,"gh:e2niee/pandapower,gh:natlabrockies/emerge,gh:natlabrockies/paraemt_public,gh:nlr-distribution-suite/erad,gh:pnnl/exago,gh:powergridmodel/power-grid-model,gh:pypsa/pypsa,gh:rwl/pypower"
Dbhardwaj99,unknown,,IND,gh:natlabrockies/reopt_api
Dbone29,unknown,,,gh:akkudoktor-eos/eos
De-Graaf,unknown,,,gh:powergridmodel/power-grid-model
De-Hav,academic,university of victoria,AUS,gh:calliope-project/calliope
DeannaChaney,unknown,,,gh:temoaproject/temoa
DengHaijian,unknown,,,"gh:calliope-project/calliope,gh:curent/andes"
DenisMir,professional,communiacs,DEU,gh:akkudoktor-eos/eos
DerDummePunkt,unknown,,DEU,gh:akkudoktor-eos/eos
DerOetzi,utility,iso gruppe,DEU,gh:akkudoktor-eos/eos
DerSimulant,unknown,,,gh:akkudoktor-eos/eos
Deran80,unknown,,,gh:akkudoktor-eos/eos
DetMoerk,unknown,,DEU,gh:akkudoktor-eos/eos
DetroitGhost,unknown,,,"gh:natlabrockies/paraemt_public,gh:sogno-platform/dpsim"
DevMallaThakuri,unknown,,,gh:microgrids-x/microgrids.py
DevilIris,industry,,,gh:akkudoktor-eos/eos
Deyghost,professional,deep-deterministic-policy-gradient,,gh:akkudoktor-eos/eos
DieSteinhose,unknown,,DEU,gh:akkudoktor-eos/eos
Digioso,unknown,,DEU,gh:akkudoktor-eos/eos
DigitalSomeone,unknown,,,gh:akkudoktor-eos/eos
Diixiaohann,unknown,,,"gh:adgefficiency/energy-py,gh:calliope-project/calliope"
DillonJ,utility,energy reform,FRA,"gh:lanl-ansi/powermodels.jl,gh:spine-tools/spineopt.jl"
Dimitrismentis,academic,world resources institute,,gh:onsset/onsset
Dimsum-art,unknown,,,gh:iit-energysystemmodels/opensduc
DiogoFreitas60,unknown,,,"gh:matpower/matpower,gh:matpower/most"
DionEngels,academic,eindhoven university of technology,NLD,gh:quintel/pyetm
Diptargha,industry,siemens,GBR,"gh:dynawo/dynawo,gh:gridoptics/gridpack,gh:natlabrockies/paraemt_public,gh:nrel-sienna/powersimulationsdynamics.jl"
Dirk-I,unknown,,,gh:akkudoktor-eos/eos
Divas1234,unknown,,,"gh:genxproject/genx.jl,gh:grid2op/grid2op,gh:temoaproject/temoa"
Divergence0,academic,tsinghua university,CHN,"gh:calliope-project/calliope,gh:future-power-networks/simplus-grid-tool,gh:temoaproject/temoa"
Dodge-Chen,unknown,,,gh:temoaproject/temoa
Dodger77,unknown,,DEU,gh:akkudoktor-eos/eos
Dogth,industry,"ao ""owen""",USA,gh:akkudoktor-eos/eos
DomJFX,unknown,,,gh:akkudoktor-eos/eos
Domidore,professional,le2p,,"gh:antaressimulatorteam/antares_simulator,gh:calliope-project/calliope,gh:grid-parity-exchange/egret"
DominikBurkert,unknown,,,gh:assume-framework/assume
DominikK0702,unknown,,,gh:akkudoktor-eos/eos
DominikTrenz,unknown,,,gh:akkudoktor-eos/eos
DonCN,unknown,,,"gh:chengts95/rustpower,gh:e2niee/pandapower,gh:openipsl/openipsl,gh:sanpen/veragrid"
DongChen06,academic,,,"gh:grid2op/grid2op,gh:gridoptics/gridpack"
DorinevanderVlies,professional,quintel intelligence,NLD,"gh:quintel/etengine,gh:quintel/etmodel,gh:quintel/pyetm"
Dr-Geng,unknown,,,gh:curent/andes
Dr-Seltsam,unknown,,,gh:akkudoktor-eos/eos
Dr4K4n,professional,balticfinance,DEU,gh:akkudoktor-eos/eos
DrCarlosCalderon,academic,newcastle university,GBR,gh:calliope-project/calliope
DrFriedrich,unknown,,,"gh:emma-model/emma,gh:epgoxford/open,gh:tulipaenergy/tulipaenergymodel.jl"
Drasek,professional,ttn rhein-sieg,DEU,gh:akkudoktor-eos/eos
Drplana,academic,universidad central marta abreu de las villas,CUB,gh:energy-modelling-toolkit/dispa-set
Duetting,unknown,,,gh:akkudoktor-eos/eos
DummkopfOfHachtenduden,unknown,,DEU,gh:akkudoktor-eos/eos
Duncan1106,unknown,,DEU,gh:akkudoktor-eos/eos
DuoFang,unknown,,,"gh:balmorelcommunity/balmorel,gh:calliope-project/calliope"
DurgaPrasd,unknown,,,gh:emlab/emlab-generation
Dustin231,unknown,,,"gh:calliope-project/calliope,gh:dgusain1/energysim"
DvZonneveld,unknown,,,gh:tulipaenergy/tulipaenergymodel.jl
Dx-Wang,unknown,,,gh:genxproject/genx.jl
Dy20020729,unknown,,,gh:pielube/messpy
Dyaopf,unknown,,,gh:curent/andes
DylanKojiCheslin,unknown,,USA,"gh:natlabrockies/coral,gh:natlabrockies/emerge,gh:natlabrockies/rodeo,gh:natlabrockies/wpgnn,gh:nlr-distribution-suite/erad"
DylanSoren,academic,scut,,gh:natlabrockies/reopt_api
E076,unknown,,,gh:natlabrockies/paraemt_public
EAYassine,unknown,,,gh:pypsa/pypsa
EGETECH2-soft,unknown,,,gh:curent/andes
EIAgov,government,energy information administration,USA,gh:eiagov/bluesky
EIAgov-clone,unknown,,,gh:eiagov/bluesky
ELMEHDAOUIAhmed,industry,,DZA,gh:roseautechnologies/roseau_load_flow
ELZOost,unknown,,,gh:spf-ost/optihood
EMSDOM,unknown,,,"gh:akkudoktor-eos/eos,gh:tum-ens/urbs"
ENM1989,unknown,,,"gh:curent/andes,gh:e2niee/pandapower,gh:pypsa/pypsa"
EPERLab,unknown,,,"gh:calliope-project/calliope,gh:osemosys/osemosys"
EPRINC-MP,utility,,,gh:temoaproject/temoa
ESDN83,unknown,,,gh:akkudoktor-eos/eos
ESyOpT,unknown,,,gh:oemof/oemof-solph
EbenenBonobo,unknown,,,gh:akkudoktor-eos/eos
EcardJimmy,industry,"ecardtech consultant co., ltd.",TWN,"gh:idaholab/heron,gh:idaholab/hybrid"
Ecoent,unknown,,USA,"gh:genxproject/genx.jl,gh:osemosys/osemosys"
Edilmo,unknown,,,gh:soheilmohseni/pymicrogridcontrol
EdithaK,academic,reiner lemoine institute,,"gh:oemof/oemof-solph,gh:openego/edisgo,gh:rl-institut/multi-vector-simulator"
Edmond-021,unknown,,,"gh:frkunz/stelmod,gh:richard-weinhold/pomato"
Edriosc,unknown,,,gh:rwl/pypower
EdwarRL,unknown,,,"gh:energy-modelling-toolkit/dispa-set,gh:iit-energysystemmodels/opentepes,gh:natlabrockies/paraemt_public,gh:spine-tools/spineopt.jl,gh:tulipaenergy/tulipaenergymodel.jl"
EdwardAngelino,industry,coes sinac,BRA,"gh:lanl-ansi/powermodels.jl,gh:natlabrockies/mafrit,gh:sanpen/veragrid"
Edwardfly,unknown,,,gh:akkudoktor-eos/eos
EeToSe,utility,,,"gh:curent/andes,gh:e2niee/pandapower,gh:grid2op/grid2op"
EinboeckFranz,unknown,,AUT,gh:akkudoktor-eos/eos
Einherjer7734,unknown,,,gh:akkudoktor-eos/eos
Elaithx,unknown,,,"gh:quintel/etengine,gh:quintel/etmodel,gh:quintel/pyetm"
ElectroscienceLab,unknown,,,gh:rwl/pypower
ElektrikAkar,unknown,,GBR,"gh:epgoxford/open,gh:gridoptics/gridpack,gh:matpower/matpower,gh:oemof/oemof-solph,gh:openipsl/openipsl,gh:pypsa/pypsa"
Elgenied,academic,,,"gh:andrewlyden/pylesa,gh:calliope-project/calliope,gh:e2niee/pandapower,gh:flexigis/flexigis,gh:fzj-iek3-vsa/fine,gh:iiasa/message_ix,gh:mesmo-dev/mesmo,gh:natlabrockies/reeds-2.0,gh:openego/edisgo,gh:pielube/messpy,gh:pypsa/pypsa,gh:spf-ost/optihood,gh:tum-ens/rivus,gh:tum-ens/urbs"
ElisNycander,unknown,,,"gh:emma-model/emma,gh:genxproject/genx.jl,gh:matpower/matpower,gh:tum-ens/urbs"
Ellariel,industry,,,gh:assume-framework/assume
Ellariel,unknown,,,gl:mosaik/mosaik
ElliotCheng100,unknown,,,gh:curent/andes
Eloah1205,unknown,,,gh:fabmid/open-energy-cell-simulation
ElodieDulis,unknown,,,gh:zen-universe/zen-garden
Elsa-623,unknown,,,gh:oemof/oemof-solph
ElsevierSoftwareX,industry,,,"gh:andrewlyden/pylesa,gh:assume-framework/assume,gh:highres-model/highres-europe,gh:hope-model-project/hope,gh:iee-tugraz/lego,gh:iit-energysystemmodels/opentepes,gh:juliaenergy/powerdynamics.jl,gh:leonardgoeke/anymod.jl,gh:richard-weinhold/pomato,gh:switch-model/switch,gh:zen-universe/zen-garden"
Elven9,academic,,TWN,gh:akkudoktor-eos/eos
EmilDimanchev,academic,princeton university,USA,"gh:genxproject/genx.jl,gh:macroenergy/macroenergy.jl"
EmileMarien,unknown,,,gh:juliaenergy/powerdynamics.jl
Emiliano-Fin,unknown,,,gh:etsap-times/times_model
Energiesysteme-Simulation,professional,th koln,,gh:genxproject/genx.jl
Energy-Access,unknown,,,gh:onsset/onsset
Energy-Innovation,unknown,,USA,gh:energyinnovation/eps-us
Energy-Science-Center,unknown,,,gh:zen-universe/zen-garden
Energy4all-ms,unknown,,,gh:akkudoktor-eos/eos
EnergyModels,research,argonne national laboratory,,gh:temoaproject/temoa
EnergyQuantResearch,professional,tudelft,NLD,"gh:adamgreenhall/minpower,gh:adgefficiency/energy-py,gh:critical-infrastructure-systems-lab/pownet,gh:grid-parity-exchange/egret,gh:grid2op/grid2op,gh:powergridmodel/power-grid-model,gh:pypsa/pypsa"
EnergyStrat-jmuhs,utility,energy strategies,,gh:genxproject/genx.jl
EnergySystemAnalysis-ETH,unknown,,CHE,gh:spine-tools/spineopt.jl
Energynautics,unknown,,,gh:akkudoktor-eos/eos
EngUH01,industry,tcn,NER,"gh:natlabrockies/paraemt_public,gh:powergridmodel/power-grid-model,gh:pypsa/pypsa"
EngineOfDarkness,unknown,,DEU,gh:akkudoktor-eos/eos
EnnaDelfen,unknown,,,gh:erf-model/erf
EnnoWbrw,unknown,,,gh:lukasbarner/hydrogenmod.jl
Enrico2802,unknown,,,gh:akkudoktor-eos/eos
Enrybertu,unknown,,,gh:calliope-project/calliope
EnterTheMaelstrom,unknown,,,gh:akkudoktor-eos/eos
EnzoBradipo,unknown,,,gh:oemof/oemof-solph
Er1cTh3R3d,unknown,,,gh:akkudoktor-eos/eos
Eric6669,unknown,,CHN,"gh:rwl/pypower,gh:sogno-platform/dpsim"
EricZnevergiveup,unknown,,,gh:etsap-times/times_model
ErikQQY,academic,zhejiang university,CHN,"gh:genxproject/genx.jl,gh:nrel-sienna/powersimulations.jl,gh:nrel-sienna/powersimulationsdynamics.jl"
ErnestoHrs,unknown,,,gh:curent/andes
EstebanScheibl,unknown,,,gh:ait-energy/iesopt.jl
EstusFlask,unknown,,,gh:openipsl/openipsl
EthanJamesLew,industry,p-1 ai,USA,gh:curent/andes
EvaWie,unknown,,,gh:oemof/oemof-solph
EvanCley,unknown,,,"gh:e2niee/pandapower,gh:rwl/pypower"
EvanDungate,unknown,,,"gh:iit-energysystemmodels/opentepes,gh:natlabrockies/pras"
EvanDungate,unknown,,,"gl:sesit/copper,gl:sesit/idea,gl:sesit/silver"
Eventification,unknown,,,gh:powergridmodel/power-grid-model
Evolvere,professional,evolve|re,,gh:openipsl/openipsl
Ewanfrostpennington,professional,arup,GBR,gh:calliope-project/calliope
ExileExodus,unknown,,,gh:adgefficiency/energy-py
F-J8,unknown,,,gh:assume-framework/assume
F-mutabazi,unknown,,,gh:natlabrockies/hopp
FBI23,professional,sovtech,ZAF,gh:akkudoktor-eos/eos
FBumann,academic,,,"gh:curent/andes,gh:flixopt/flixopt,gh:fzj-iek3-vsa/fine,gh:oemof/oemof-solph,gh:pypsa/pypsa,gh:sanpen/veragrid,gh:zen-universe/zen-garden"
FCQCarryOut,academic,,DEU,gh:akkudoktor-eos/eos
FCornielle,industry,tender & energy projects coordinator | power systems data scientist,DOM,"gh:natlabrockies/paraemt_public,gh:sanpen/veragrid"
FEDECOM-Project,unknown,,,gh:energyscope/energyscope
FFiand,professional,gams,,"gh:esmap-world-bank-group/epm,gh:etsap-times/times_model"
FHell,unknown,,,"gh:juliaenergy/powerdynamics.jl,gh:oemof/oemof-solph"
FJBeck,unknown,,,gh:opencemorg/opencem
FLomb,academic,delft university of technology,NLD,"gh:calliope-project/calliope,gh:microgridspy/microgridspy"
FMCalisto,academic,institute for systems and robotics,PRT,gh:oemof/oemof-solph
FMcil,professional,cuspai,GBR,gh:temoaproject/temoa
FSLight1996,academic,tianjin university,,gh:oemof/oemof-solph
FSSYS,professional,geotact,GBR,gh:energy-modelling-toolkit/dispa-set
FSchmidtDIW,academic,diw berlin,DEU,gh:leonardgoeke/anymod.jl
FUFUzzzzz,unknown,,,gh:oemof/oemof-solph
FZZFWBZwbz,unknown,,,gh:etsap-times/times_model
FaRunge,unknown,,,gh:akkudoktor-eos/eos
FabianBenz48,unknown,,,gh:oemof/oemof-solph
FabianHofmann,professional,open energy transition,DEU,"gh:breakthrough-energy/reise.jl,gh:pypsa/pypsa,gh:sanpen/veragrid"
FabianJoelPaulsson,unknown,,,gh:spf-ost/optihood
FabianTU,unknown,,,gh:oemof/oemof-solph
Fabio-Magnani,academic,universidade federal de pernambuco,BRA,gh:mesmo-dev/mesmo
Fabledhua,unknown,,,"gh:assume-framework/assume,gh:prep-next/prep-shot"
FadiBitar,unknown,,,gh:emlab/emlab-generation
Fahad021,industry,,CAN,"gh:slacgismo/tess,gh:tum-ewk/opentumflex"
FahrJo,unknown,,DEU,gh:akkudoktor-eos/eos
FanByteX,academic,northeastern university,,gh:gridfm/gridfm-graphkit
FarmerJooe,unknown,,CHN,gh:villasframework/node
Fasol0,unknown,,,gh:roseautechnologies/roseau_load_flow
FatMarilyn,unknown,,,"gh:e2niee/pandapower,gh:pypsa/pypsa,gh:rwl/pypower"
Faugnar,unknown,,,gh:roseautechnologies/roseau_load_flow
FayzulSaimun,unknown,,BGD,gh:akkudoktor-eos/eos
Fd-00,unknown,,,gh:curent/andes
Fe-r-oz,academic,university of massachusetts amherst,USA,"gh:ait-energy/iesopt.jl,gh:lanl-ansi/powermodels.jl,gh:nrel-sienna/powersimulations.jl"
FebinKa,academic,eth zurich,CHE,gh:calliope-project/calliope
FelipeCabelloE,unknown,,,"gh:gh:adgefficiency/energy-py-linear,gh:lkruitwagen/global-fossil-fuel-supply-chain,gh:onsset/onsset,gh:pypsa/pypsa"
FelipeMaldonado,academic,university of essex,GBR,"gh:ahalev/python-microgrid,gh:assume-framework/assume,gh:epgoxford/open,gh:juliaenergy/powerdynamics.jl,gh:rebase-energy/enflow,gh:reegis/deflex"
FelixGW,unknown,,,"gh:calliope-project/calliope,gh:oemof/oemof-solph,gh:tum-ens/urbs,gh:tum-ewk/ficus"
FelixKohlen,unknown,,DEU,gh:akkudoktor-eos/eos
FelixMau,unknown,,,gh:oemof/oemof-solph
FelixTUC,unknown,,,gl:dlr-ve/esy/amiris/amiris
Fellowhuang,unknown,,,gh:curent/andes
FermiQ,academic,science,POL,gh:erf-model/erf
Fernadoteixeira,unknown,,,"gh:natlabrockies/sam,gh:oemof/oemof-solph,gh:powergridmodel/power-grid-model"
Fernandezaginer,industry,tecnobit,ESP,"gh:natlabrockies/reopt.jl,gh:natlabrockies/sam"
Fernando3161,unknown,,,"gh:dgusain1/energysim,gh:oemof/oemof-solph"
FidoWue,unknown,,,gh:akkudoktor-eos/eos
Fightingzzy,unknown,,,"gh:chrisyeh96/sustaingym,gh:epgoxford/open,gh:soheilmohseni/pymicrogridcontrol"
Finkregh,professional,sap se,DEU,gh:akkudoktor-eos/eos
FireFly3390,industry,,,gh:akkudoktor-eos/eos
FirstGridConsulting,unknown,,,gh:nlr-distribution-suite/erad
Fishsevens,unknown,,,gh:akkudoktor-eos/eos
Fl00ri4n,unknown,,,gh:akkudoktor-eos/eos
Fl0ete,unknown,,DEU,gh:akkudoktor-eos/eos
Fl0x23,unknown,,,gh:akkudoktor-eos/eos
Fletch1142,unknown,,,"gh:calliope-project/calliope,gh:e2niee/pandapower,gh:grid2op/grid2op,gh:juliaenergy/powerdynamics.jl,gh:powsybl/powsybl-core,gh:pypsa/pypsa,gh:sanpen/veragrid"
FlexiGIS,academic,dlr institute of networked energy systems,DEU,"gh:flexigis/flexigis,gh:tum-ens/rivus"
Flinverdaasdonk,academic,,,gh:powergridmodel/power-grid-model
Flo2015,unknown,,,gh:emlab/emlab-generation
FloWzoW,unknown,,,gh:akkudoktor-eos/eos
FlokiLoki123,unknown,,,gh:akkudoktor-eos/eos
FlorianK13,academic,offis | open-pv,DEU,"gh:akkudoktor-eos/eos,gh:flexigis/flexigis,gh:tum-ens/urbs"
FlorianShepherd,professional,n8n.io,,"gh:e2niee/pandapower,gh:grid2op/grid2op,gh:lanl-ansi/powermodels.jl,gh:matpower/matpower,gh:oemof/oemof-solph"
Flos,unknown,,,gh:akkudoktor-eos/eos
FlySmack,unknown,,,gh:akkudoktor-eos/eos
FoaadTahir,unknown,,,gh:sp-etx/friendlysam
FocusMode-coder,industry,focusmode,,gh:akkudoktor-eos/eos
Fondry,unknown,,,gh:oemof/oemof-solph
FraSanvit,academic,delft university of technology,,gh:calliope-project/calliope
Francisco-ZA,academic,university of tennessee,USA,gh:curent/andes
Frank-kee,unknown,,,"gh:breakthrough-energy/reise.jl,gh:matpower/matpower,gh:mzy2240/esa,gh:powsybl/powsybl-open-loadflow"
FrankKr,academic,alliander alliander-opensource,,gh:powergridmodel/power-grid-model
FrankTutu,unknown,,GBR,gh:epgoxford/open
Frankmaaan,unknown,,,gh:akkudoktor-eos/eos
FrankyASS74,unknown,,,gh:akkudoktor-eos/eos
FranziKoert,unknown,,,gh:oemof/oemof-solph
FranziPl,unknown,,,"gh:fzj-iek3-vsa/fine,gh:oemof/oemof-solph,gh:oemof/oemof-thermal"
Freaksplace,unknown,,,gh:akkudoktor-eos/eos
FredeBu,unknown,,,gh:akkudoktor-eos/eos
FredericWantiez,unknown,,GBR,"gh:genxproject/genx.jl,gh:nrel-sienna/powersimulations.jl,gh:nrel-sienna/powersimulationsdynamics.jl,gh:pypsa/pypsa"
FreekGielis,unknown,,,gh:emlab/emlab-generation
FreibeuterOH,unknown,,,gh:akkudoktor-eos/eos
Freneato,unknown,,,gh:akkudoktor-eos/eos
Fret774,unknown,,,gh:curent/andes
Friday0815,unknown,,,gh:oemof/oemof-solph
FriedrichKls,unknown,,,gh:oemof/oemof-solph
FrozenMalibu,unknown,,,gh:akkudoktor-eos/eos
Frydesk,unknown,,,gh:antaressimulatorteam/antares_simulator
Fubi95,unknown,,,gh:akkudoktor-eos/eos
Fuish,unknown,,USA,gh:adgefficiency/energy-py
FunCyRanger,unknown,,,gh:akkudoktor-eos/eos
Fwurank,unknown,,,gh:adgefficiency/energy-py
FynnPenny,unknown,,,gh:opencemorg/opencem
G-nn-r,unknown,,,gh:akkudoktor-eos/eos
GODEEEP,government,,USA,gh:natlabrockies/pysam
GSkrt,industry,,SVN,"gh:powergridmodel/power-grid-model,gh:sanpen/veragrid"
GUI,unknown,,,gh:natlabrockies/reopt_api
GabeBolton,unknown,,,gh:curent/andes
GabrielEdogawa,research,lawrence berkeley national laboratory,USA,"gh:blue-marble/gridpath,gh:curent/andes"
GabrielSoto-INL,research,idaho national laboratory,,"gh:gmlc-dispatches/dispatches,gh:idaholab/heron"
GabrielTertelici,unknown,,,gh:tulipaenergy/tulipaenergymodel.jl
Gagan234,academic,,,gh:gridfm/gridfm-graphkit
GalPerelman,academic,,ISR,"gh:critical-infrastructure-systems-lab/pownet,gh:grid-parity-exchange/egret,gh:matpower/matpower,gh:oemof/oemof-solph,gh:pypsa/pypsa,gh:rwl/pypower,gh:sanpen/veragrid,gh:tum-ens/urbs"
Galaxis-26,unknown,,DEU,gh:akkudoktor-eos/eos
Galery2345,unknown,,,gh:akkudoktor-eos/eos
Gallenger,unknown,,,"gh:rwl/pypower,gh:susantoj/pypower-dynamics"
Gareryer,unknown,,,gh:akkudoktor-eos/eos
GargiuloM,professional,e4sma srl,ITA,"gh:etsap-times/times_model,gh:iit-energysystemmodels/opentepes"
GaryCooper23,unknown,,DEU,gh:akkudoktor-eos/eos
GassarAbdo,academic,la rochelle unive,FRA,"gh:gh:adgefficiency/energy-py-linear,gh:etsap-times/times_model,gh:flexigis/flexigis,gh:irena-flextool/flextool,gh:pypsa/pypsa,gh:tum-ewk/opentumflex"
GauthierDemonchy,unknown,,,gh:spf-ost/optihood
GauthierNEVE,unknown,,,gh:energyscope/energyscope
Gdecu,unknown,,BEL,gh:energyscope/energyscope
GeauxWeisbeck4,academic,tar heel dev studio,USA,gh:akkudoktor-eos/eos
Gebizi,unknown,,,"gh:e2niee/pandapower,gh:matpower/most"
Geilsm,unknown,,,"gh:blue-marble/gridpath,gh:calliope-project/calliope,gh:fzj-iek3-vsa/fine"
GeiserX,industry,acsdesk,ESP,"gh:calliope-project/calliope,gh:energy-modelling-toolkit/dispa-set,gh:oemof/oemof-solph,gh:powsybl/powsybl-core,gh:pypsa/pypsa"
Gen-R,academic,,DEU,gh:temoaproject/temoa
GenXProject,unknown,,,gh:genxproject/genx.jl
GengXia0406,unknown,,,gh:erf-model/erf
GeonMoo,academic,university of science and technology of china,,gh:akkudoktor-eos/eos
GeorgJung,professional,vito,BEL,gh:powergridmodel/power-grid-model
Georgia-CES,academic,georgia center for energy solutions,GEO,"gh:genxproject/genx.jl,gh:natlabrockies/reeds-2.0"
Gerd210151,unknown,,,gh:akkudoktor-eos/eos
GerhardTotschnig,unknown,,,gh:ait-energy/iesopt.jl
Gh0stExp10it,unknown,,USA,gh:akkudoktor-eos/eos
Ghoworth,academic,university of strathclyde - retired,GBR,"gh:e2niee/pandapower,gh:emlab/emlab-generation"
GhuysNicolas,unknown,,,"gh:energyscope/energyscope,gh:ipese/reho"
GiaGi998,unknown,,,gh:matpower/most
GiacomoBastianel,academic,ku leuven,BEL,"gh:genxproject/genx.jl,gh:lanl-ansi/powermodels.jl,gh:nrel-sienna/powersimulations.jl"
GiacomoCrevani,academic,,,"gh:microgridspy/microgridspy,gh:onsset/onsset"
Giannoccaro,unknown,,,gh:pielube/messpy
Giermann,unknown,,DEU,gh:akkudoktor-eos/eos
GijsVermarien,academic,,NLD,gh:tulipaenergy/tulipaenergymodel.jl
Gim07,academic,politecnico di torino,,"gh:calliope-project/calliope,gh:pielube/messpy"
GiorgioBalestrieri,utility,,,"gh:adamgreenhall/minpower,gh:bje-/nemo,gh:calliope-project/calliope,gh:e2niee/pandapower,gh:energy-modelling-toolkit/dispa-set,gh:grid-parity-exchange/egret,gh:iiasa/message_ix,gh:juliaenergy/powerdynamics.jl,gh:lanl-ansi/powermodels.jl,gh:natlabrockies/pysam,gh:natlabrockies/sam,gh:nreca-bts/omf,gh:oemof/oemof-solph,gh:openego/edisgo,gh:openego/ego,gh:osemosys/osemosys,gh:pypsa/pypsa,gh:rwl/pypower,gh:sanpen/veragrid,gh:susantoj/pypower-dynamics,gh:switch-model/switch,gh:temoaproject/temoa,gh:tum-ens/urbs,gh:unsw-ceem/nempy"
GipsyDanger68,unknown,,,gh:microgrids-x/microgrids.py
Gisbert1,unknown,,,gh:akkudoktor-eos/eos
Gisder,industry,china southern power grid company limited,CHN,"gh:e2niee/pandapower,gh:powergridmodel/power-grid-model,gh:pypsa/pypsa"
GisoBartels,professional,spotify,,gh:akkudoktor-eos/eos
GitHub30,unknown,,JPN,"gh:calliope-project/calliope,gh:genxproject/genx.jl,gh:matpower/matpower,gh:pnnl/tesp"
GitRekton,academic,,DEU,gh:upb-lea/electricgrid.jl
GiuseppeLaera,unknown,,,gh:openipsl/openipsl
GlazerMann,unknown,,,"gh:gridoptics/gridpack,gh:pnnl/tesp"
GlennCeusters,unknown,,,"gh:calliope-project/calliope,gh:grid2op/grid2op,gh:tum-ens/rivus,gh:tum-ens/urbs,gh:tum-ewk/ficus"
Gmakela1,unknown,,,"gh:natlabrockies/reopt.jl,gh:sanpen/veragrid"
GnezCyrano,unknown,,,gh:rwl/pypower
GodTGamer,unknown,,,gh:akkudoktor-eos/eos
GodfreyXHL,unknown,,,"gh:akkudoktor-eos/eos,gh:mesmo-dev/mesmo"
Goldenye020305,unknown,,,gh:akkudoktor-eos/eos
GolonChenroppi,unknown,,,gh:erf-model/erf
GonFreecsHxH,unknown,,,"gh:e2niee/pandapower,gh:grid2op/grid2op,gh:rwl/pypower,gh:sanpen/veragrid"
Gonzo578,unknown,,DEU,gh:akkudoktor-eos/eos
GordStephen,academic,imperial college london,GBR,"gh:g-pst/inertia,gh:juliaenergy/powerdynamics.jl,gh:lanl-ansi/powermodels.jl,gh:natlabrockies/pras"
Gori15,unknown,,,gh:akkudoktor-eos/eos
Gotgot59,industry,my self e-got,FRA,gh:powergridmodel/power-grid-model
GoubetClem,utility,reseau de transport d'electricite,,"gh:antaressimulatorteam/antares_simulator,gh:grid2op/chronix2grid,gh:grid2op/grid2op"
GraemeHawker,academic,university of strathclyde,GBR,gh:calliope-project/calliope
Graf-Wronski,utility,,,gh:assume-framework/assume
Gravifer,academic,tsinghua university,CHN,"gh:curent/andes,gh:nrel-sienna/powersimulations.jl"
GreenVolts,unknown,,,gh:oemof/oemof-solph
GreggoryC,unknown,,,gh:akkudoktor-eos/eos
GregorBecker,academic,friedrich-alexander-universitat erlangen-nurnberg,DEU,"gh:fzj-iek3-vsa/fine,gh:ie3-institute/powersystemdatamodel,gh:oemof/oemof-solph"
GroenteLepel,professional,alliander,NLD,gh:powergridmodel/power-grid-model
GroundhogState,academic,australian national university,AUS,gh:adgefficiency/energy-py
GruenSein,unknown,,,gh:akkudoktor-eos/eos
Grunloc,unknown,,,gh:antaressimulatorteam/antares_simulator
Gseguelg,unknown,,,"gh:e2niee/pandapower,gh:pypsa/pypsa,gh:rwl/pypower,gh:sanpen/veragrid,gh:susantoj/pypower-dynamics"
GuillaumeMaistre,utility,reseau de transport d'electricite,,gh:antaressimulatorteam/antares_simulator
GuillaumePercy,unknown,,,gh:energyscope/energyscope
Guo001,academic,northeastern university,CHN,gh:oemof/oemof-solph
Gwgrimes1,unknown,,,gh:pencleanenergy/match-model
H-KAJINO,unknown,,,gh:onsset/onsset
H-Wenzel,unknown,,,gh:fzj-iek3-vsa/fine
H3m3ra,unknown,,DEU,gh:akkudoktor-eos/eos
H4rryTheDev,financial,,GBR,gh:powergridmodel/power-grid-model
HAFI168,unknown,,,gh:akkudoktor-eos/eos
HBK171,academic,xi'an jiaotong university,,"gh:e2niee/pandapower,gh:rwl/pypower"
HEIG-VD-Building-LCA,academic,,CHE,gh:spf-ost/optihood
HH428,unknown,,CHN,"gh:curent/andes,gh:e2niee/pandapower,gh:matpower/matpower"
HHamann-SBU,unknown,,,gh:gridfm/gridfm-graphkit
HKJANI,unknown,,,gh:etsap-times/times_model
HThawley,unknown,,,"gh:calliope-project/calliope,gh:opencemorg/opencem,gh:pypsa/pypsa"
HXForever2016,unknown,,,gh:curent/andes
Hackerberg43,unknown,,,"gh:e2niee/pandapower,gh:energyscope/energyscope,gh:manuvarkey/gelectrical,gh:natlabrockies/rodeo"
HacksBugsAndRockAndRoll,unknown,,,gh:akkudoktor-eos/eos
HafizRiaz,professional,uet taxila pakistan,,"gh:e2niee/pandapower,gh:rwl/pypower"
HafnerMichael,unknown,,,gh:assume-framework/assume
HageMaster3108,unknown,,,gh:akkudoktor-eos/eos
Hahades17,unknown,,,gh:rwl/pypower
HammaAudi,unknown,,,gh:akkudoktor-eos/eos
HanKooR,professional,private,DEU,gh:akkudoktor-eos/eos
Hank0503oUo,unknown,,,gh:assume-framework/assume
Hanrong-Huang,academic,university of new south wales,,gh:natlabrockies/hopp
Hanwen-cui,unknown,,,gh:rwl/pypower
Haochi-Wu,utility,,,gh:gmlc-dispatches/dispatches
Haoyran-Wuu,unknown,,,"gh:balmorelcommunity/balmorel,gh:etsap-times/times_model,gh:iiasa/message_ix,gh:switch-model/switch"
HaoyuFang0909,unknown,,,gh:spine-tools/spineopt.jl
HaoyuanSun,unknown,,,gh:curent/andes
Harish-code,unknown,,,gh:akkudoktor-eos/eos
Harm1995,unknown,,,gh:powergridmodel/power-grid-model
HarmonicReflux,industry,,GBR,"gh:energysystemsmodellinglab/muse2,gh:energysystemsmodellinglab/muse_os"
Harry79,unknown,,,gh:akkudoktor-eos/eos
Harryvb91,unknown,,,gh:calliope-project/calliope
Harshul-18,academic,,DEU,gh:assume-framework/assume
HasiHays,academic,university of arkansas,USA,gh:ie3-institute/simona
HauFei,unknown,,,gh:akkudoktor-eos/eos
HauHe,government,danish energy agency,DNK,"gh:epgoxford/open,gh:etsap-times/times_model,gh:fzj-iek3-vsa/fine,gh:genxproject/genx.jl,gh:leonardgoeke/anymod.jl,gh:osemosys/osemosys"
HawkEy33,unknown,,,gh:akkudoktor-eos/eos
HeZaiyu,unknown,,,gh:natlabrockies/paraemt_public
Heawen,unknown,,,gh:rwl/pypower
Heebygeeby267,academic,,,gh:breakthrough-energy/reise.jl
Heiko-L,unknown,,,gh:akkudoktor-eos/eos
HeilaTechnologies,unknown,,,gh:curent/andes
Heiner92,professional,stuttgart netze,DEU,"gh:e2niee/pandapower,gh:rwl/pypower,gh:sanpen/veragrid"
HeinrichBoeing,professional,bbh consulting ag,DEU,"gh:oemof/oemof-solph,gh:osemosys/osemosys"
Helarga,unknown,,,"gh:energymodelsx/energymodelsbase.jl,gh:openipsl/openipsl"
Hello-World-Py,unknown,,,gh:curent/andes
Hempel-x,unknown,,,gh:oemof/oemof-solph
Hempstead,unknown,,,gh:matpower/matpower
HendrikWulfert,unknown,,,gh:assume-framework/assume
Henning1982,unknown,,,gh:akkudoktor-eos/eos
HenningBeyer,academic,leipzig university,DEU,"gh:adamgreenhall/minpower,gh:curent/andes,gh:e2niee/pandapower,gh:pypsa/pypsa"
Henryutd2021,unknown,,,gh:spine-tools/spineopt.jl
Hexuan085,unknown,,,gh:genxproject/genx.jl
Higgs040912,professional,Dong Nan Da Xue ,CHN,"gh:blue-marble/gridpath,gh:calliope-project/calliope,gh:pypsa/pypsa"
HilbertRonAnju,academic,xi'an jiaotong university,CHN,gh:richard-weinhold/pomato
Hillbort,unknown,,,"gh:curent/andes,gh:grid2op/grid2op,gh:nlr-distribution-suite/erad,gh:pypsa/pypsa,gh:sanpen/veragrid"
HimaliT09,unknown,,,"gh:e2niee/pandapower,gh:irena-flextool/flextool,gh:pypsa/pypsa"
HisenZhang,academic,,USA,gh:openipsl/openipsl
Hobbbbes,unknown,,,gh:villasframework/node
Hoffis-Welt,professional,privat,DEU,gh:akkudoktor-eos/eos
Hofsmo,academic,sintef energy research,NOR,"gh:lanl-ansi/powermodels.jl,gh:matpower/matpower,gh:nrel-sienna/powersimulationsdynamics.jl,gh:sanpen/veragrid,gh:susantoj/pypower-dynamics"
Hofyyy,unknown,,,gh:akkudoktor-eos/eos
Holy-Ravioli,unknown,,,gh:fzj-iek3-vsa/fine
Homer79618,unknown,,,gh:akkudoktor-eos/eos
HongRi0716,unknown,,,"gh:curent/andes,gh:natlabrockies/emerge,gh:rwl/pypower"
Hoomanzoh79,industry,treata company,IRN,gh:akkudoktor-eos/eos
Hoppe-J,unknown,,,"gh:fzj-iek3-vsa/fine,gh:lvorspel/digripy"
HortonsHelpers,industry,shaleshake technologies,USA,"gh:bje-/nemo,gh:etsap-times/times_model,gh:natlabrockies/pysam"
Housam00,unknown,,,"gh:calliope-project/calliope,gh:e2niee/pandapower,gh:grid2op/grid2op,gh:gridoptics/gridpack,gh:marvinler/pypownet,gh:nreca-bts/omf,gh:nrel-sienna/powersimulations.jl,gh:openego/edisgo,gh:sanpen/veragrid"
HowardNTUST,academic,Tai Wan Xing Xiao Yan Jiu ,TWN,gh:adgefficiency/energy-py
Hruodperht,unknown,,,gh:akkudoktor-eos/eos
Hsuth1996,academic,tianjin university,CHN,gh:mesmo-dev/mesmo
Hu-Hust,academic,huazhong university of science and technology,CHN,gh:assume-framework/assume
HuangJQ-root,unknown,,,"gh:energy-modelling-toolkit/dispa-set,gh:natlabrockies/sam"
Huanxin-Liao,unknown,,,gh:curent/andes
HubertStone,unknown,,,"gh:curent/andes,gh:future-power-networks/simplus-grid-tool"
HuberyHan,unknown,,,gh:adgefficiency/energy-py
Huberyky,unknown,,,gh:emlab/emlab-generation
Huebeni,unknown,,,gh:akkudoktor-eos/eos
Huge,unknown,,,"gh:energyscope/energyscope,gh:flexigis/flexigis,gh:sanpen/veragrid"
HugoHamburger,unknown,,,gh:antaressimulatorteam/antares_simulator
HugoKulesza,unknown,,,"gh:antaressimulatorteam/antares_simulator,gh:powsybl/powsybl-core,gh:powsybl/powsybl-open-loadflow,gh:powsybl/pypowsybl"
HussainAther,industry,,,gh:calliope-project/calliope
Hussein-Mahfouz,academic,university of leeds,,gh:calliope-project/calliope
Hyralc,unknown,,,gh:antaressimulatorteam/antares_simulator
Hze7,unknown,,,"gh:natlabrockies/emerge,gh:rwl/pypower"
IAmMarcelJung,unknown,,DEU,gh:akkudoktor-eos/eos
IAmirKhani,academic,,,gh:calliope-project/calliope
ID-Akash,unknown,,,gh:natlabrockies/paraemt_public
IGomand,unknown,,,gh:energy-modelling-toolkit/dispa-set
ILoveSpeccy,unknown,,DEU,gh:akkudoktor-eos/eos
IMLOwl,unknown,,,gh:akkudoktor-eos/eos
IRENABatteryProject,unknown,,,gh:onsset/onsset
IainDM,unknown,,,"gh:assume-framework/assume,gh:energymodelsx/energymodelsbase.jl,gh:sei-international/nemomod.jl"
Iakl,academic,upc,ESP,gh:rwl/pypower
IanBeitenhaus,industry,"systematic solutions, inc",USA,gh:tulipaenergy/tulipaenergymodel.jl
IanQS,academic,university of washington,,gh:adgefficiency/energy-py
IanniMuliterno,academic,,,gh:adgefficiency/energy-py
Ibraheemolasupogit,academic,nhs england,GBR,gh:powergridmodel/power-grid-model
Icosa2050,professional,frommherz,CHE,gh:akkudoktor-eos/eos
IgnacioRubioScola,professional,inti-conicet,ARG,"gh:natlabrockies/pysam,gh:natlabrockies/sam,gh:nrel-sienna/powersimulationsdynamics.jl"
IgnoreWarnings,unknown,,,gh:villasframework/node
IgorrrEgorrr,unknown,,,gh:juliaenergy/powerdynamics.jl
Ihaveaname-069,unknown,,,gh:oemof/oemof-solph
Illito,unknown,,,gh:breakthrough-energy/reise.jl
Immanuel79,unknown,,,gh:irena-flextool/flextool
Immi000,unknown,,,gh:akkudoktor-eos/eos
ImperialCollegeLondon,academic,,GBR,gh:energysystemsmodellinglab/muse_os
Imperialpiggy,unknown,,,"gh:e2niee/pandapower,gh:pypsa/pypsa,gh:rwl/pypower"
IndieMinimalist,academic,,,gh:akkudoktor-eos/eos
InfiiiinitY,academic,zf friedrichshafen ag,DEU,gh:akkudoktor-eos/eos
InfraredReactivePACN,unknown,,,gh:akkudoktor-eos/eos
Ingenium23,unknown,,,gh:upb-lea/electricgrid.jl
IngridJSJ,unknown,,,"gh:calliope-project/calliope,gh:tum-ens/urbs"
InterEnergy,unknown,,,"gh:rwl/pypower,gh:susantoj/pypower-dynamics"
Investigator13th,unknown,,,gh:assume-framework/assume
Irelia-king,unknown,,,gh:microgrids-x/microgrids.py
IrenaDk,unknown,,,gh:powergridmodel/power-grid-model
Irieo,academic,technical university of berlin,DEU,"gh:btu-enerecon/em.power-invest,gh:pencleanenergy/match-model,gh:pypsa/pypsa"
IronCobra-Judy,unknown,,,"gh:adamgreenhall/minpower,gh:ames-market/psst,gh:blue-marble/gridpath,gh:changgang/steps,gh:curent/andes,gh:e2niee/pandapower,gh:epgoxford/open,gh:grid-parity-exchange/egret,gh:lanl-ansi/powermodels.jl,gh:matpower/most,gh:mbheinen/bpa-ipf-tsp,gh:natlabrockies/mafrit,gh:nrel-sienna/powersimulations.jl,gh:osemosys/osemosys,gh:pnnl/tesp,gh:sanpen/veragrid,gh:switch-model/switch,gh:tum-ens/urbs"
Irvise,industry,,ESP,"gh:curent/andes,gh:e2niee/pandapower,gh:manuvarkey/gelectrical,gh:matpower/matpower,gh:natlabrockies/sam,gh:powsybl/powsybl-core,gh:temoaproject/temoa"
Isabelle-Wittmann,unknown,,,gh:gridfm/gridfm-graphkit
IsabelleFSNunes,industry,,,"gh:natlabrockies/pysam,gh:natlabrockies/sam"
IsaiMaganTNO,unknown,,,gh:tulipaenergy/tulipaenergymodel.jl
Isengo1989,industry,shopware ag,DEU,gh:akkudoktor-eos/eos
Ishanki,unknown,,,gh:epgoxford/open
IsolatedSage,academic,huazhong university of science and technology,CHN,gh:etsap-times/times_model
Istaroth,industry,maera gmbh,,gh:akkudoktor-eos/eos
Itayazolay,unknown,,,"gh:matpower/most,gh:rwl/pypower"
Itzmu3taz,unknown,,,gh:akkudoktor-eos/eos
Ivo-Y,unknown,,,gh:epgoxford/open
IzzieChiang,unknown,,,"gh:e2niee/pandapower,gh:prep-next/prep-shot,gh:richard-weinhold/pomato"
J-DT,unknown,,,"gh:e2niee/pandapower,gh:powergridmodel/power-grid-model,gh:sanpen/veragrid"
J-K-Peng,unknown,,,gh:curent/andes
J-Linville,professional,arcfield,USA,gh:epgoxford/open
J9nn3s,unknown,,,gh:akkudoktor-eos/eos
JBFFS1,unknown,,,gh:erf-model/erf
JBroihan,professional,gams-dev,DEU,"gh:esmap-world-bank-group/epm,gh:etsap-times/times_model"
JCRichstein,unknown,,,"gh:ancillaryservicesacquisitionmodel/asam,gh:emlab/emlab-generation,gh:tum-ens/urbs"
JDPS,academic,,,gh:akkudoktor-eos/eos
JEZHDK,unknown,,,"gh:calliope-project/calliope,gh:e2niee/pandapower,gh:manuvarkey/gelectrical,gh:rwl/pypower,gh:sanpen/veragrid"
JFK20,unknown,,DEU,gh:oemof/oemof-solph
JGrootBramel,professional,th-koln,DEU,gh:akkudoktor-eos/eos
JIANG002,unknown,,,gh:genxproject/genx.jl
JINGhihihi,unknown,,,gh:matpower/most
JKNTNU,unknown,,,"gh:balmorelcommunity/balmorel,gh:lanl-ansi/powermodels.jl,gh:pypsa/pypsa,gh:switch-model/switch"
JLiu1717,unknown,,,gh:natlabrockies/paraemt_public
JMJ-rte,unknown,,,gh:antaressimulatorteam/antares_simulator
JOTYtao,industry,,,gh:fzj-iek3-vsa/fine
JPFff,unknown,,,gh:calliope-project/calliope
JPMHarding,unknown,,,"gh:openipsl/openipsl,gh:rwl/pypower,gh:sanpen/veragrid"
JPMartinezClaeys,academic,,USA,gh:eiagov/bluesky
JPRichtmann,academic,technische universitat wien,AUT,gh:openipsl/openipsl
JSchmie,professional,,DEU,"gh:akkudoktor-eos/eos,gh:assume-framework/assume"
JStiller,industry,avocadostore,DEU,gh:akkudoktor-eos/eos
JTS22,unknown,,,"gh:sogno-platform/dpsim,gh:villasframework/node"
JTZ83,unknown,,,gh:gridoptics/gridpack
JTreske,unknown,,,gh:akkudoktor-eos/eos
JY11001,unknown,,,gh:genxproject/genx.jl
JYPDWhite,unknown,,,gh:akkudoktor-eos/eos
JZL,academic,princeton,,"gh:genxproject/genx.jl,gh:macroenergy/macroenergy.jl"
JZX1527435659,academic,anhui university,CHN,"gh:grid-parity-exchange/egret,gh:oemof/oemof-solph"
JaKehrl,unknown,,,gh:spine-tools/spineopt.jl
JaccoR,utility,jr energy & it,NLD,gh:powergridmodel/power-grid-model
JackaChou,academic,taiyuan university of technology,,"gh:etsap-times/times_model,gh:lanl-ansi/powermodels.jl"
Jackqmitchell,unknown,,,gh:genxproject/genx.jl
Jackson2z,industry,,,"gh:adgefficiency/energy-py,gh:fzj-iek3-vsa/fine"
JacobMannhardt,unknown,,,gh:zen-universe/zen-garden
Jaekiechan,unknown,,,gh:rwl/pypower
Jaffe11,industry,national energy technology lab,,gh:gmlc-dispatches/dispatches
JakeNunemaker,research,national renewable energy laboratory,USA,gh:natlabrockies/coral
Jalubl,unknown,,,"gh:e2niee/pandapower,gh:oemof/oemof-solph,gh:pypsa/pypsa"
James-Price,unknown,,,gh:highres-model/highres-europe
James4Ever0,financial,,,"gh:blue-marble/gridpath,gh:calliope-project/calliope,gh:changgang/steps,gh:curent/andes,gh:e2niee/pandapower,gh:etsap-times/times_model,gh:fraukewiese/renpass,gh:genxproject/genx.jl,gh:grid-parity-exchange/egret,gh:grid2op/grid2op,gh:idaholab/hybrid,gh:iiasa/message_ix,gh:nreca-bts/omf,gh:nrel-sienna/powersimulations.jl,gh:oemof/oemof-solph,gh:openipsl/openipsl,gh:pypsa/pypsa,gh:sogno-platform/dpsim,gh:susantoj/pypower-dynamics"
JamesParrott,unknown,,GBR,gh:antaressimulatorteam/antares_simulator
Jamster0815,unknown,,AUT,gh:akkudoktor-eos/eos
Jan-X,unknown,,DEU,gh:akkudoktor-eos/eos
Jan-van-der-Hoek,professional,,DEU,"gh:etsap-times/times_model,gh:fzj-iek3-vsa/fine,gh:sei-international/nemomod.jl"
JanbooGo,unknown,,,gh:temoaproject/temoa
JandyYoung,unknown,,,"gh:adgefficiency/energy-py,gh:blue-marble/gridpath,gh:mesmo-dev/mesmo,gh:oemof/oemof-solph,gh:pypsa/pypsa"
Jane-m02,unknown,,,gh:roseautechnologies/roseau_load_flow
JaneAoki,academic,east china normal university,CHN,gh:adgefficiency/energy-py
Janeyyt,unknown,,,gh:natlabrockies/reopt_api
Janie115,professional,environment and climate change canada,,"gh:blue-marble/gridpath,gh:genxproject/genx.jl"
JannesSP,academic,friedrich schiller university jena,DEU,gh:akkudoktor-eos/eos
JarlPed,industry,afry,NOR,"gh:balmorelcommunity/balmorel,gh:e2niee/pandapower,gh:natlabrockies/sam,gh:openipsl/openipsl,gh:powergama/powergama,gh:pypsa/pypsa,gh:rheia-framework/rheia"
Jascha20,unknown,,,gh:akkudoktor-eos/eos
JasonMarechal25,industry,pharenumerique,FRA,gh:antaressimulatorteam/antares_simulator
JasonUKPIA,unknown,,,gh:etsap-times/times_model
JasperVeldman,unknown,,,gh:emlab/emlab-generation
JassemKh,unknown,,,gh:oemof/oemof-solph
JaviBonilla,professional,ciemat,ESP,gh:natlabrockies/pysam
JavkhlanEnkhbold,industry,dalai labs,,"gh:genxproject/genx.jl,gh:pypsa/pypsa"
Jaxom99,industry,,FRA,gh:antaressimulatorteam/antares_simulator
JayHuLBL,research,lawrence berkeley national laboratory,USA,gh:natlabrockies/reopt_api
Jayasurya-Vardhan,industry,,,"gh:oemof/oemof-solph,gh:pypsa/pypsa"
Jbalkan,industry,fluidstack,USA,gh:breakthrough-energy/reise.jl
JcHuang1996,unknown,,,gh:temoaproject/temoa
JeanLew01,academic,johns hopkins university,USA,"gh:juliaenergy/powerdynamics.jl,gh:matpower/matpower,gh:nrel-sienna/powersimulationsdynamics.jl"
JeanWi,academic,eth zurich,,"gh:uu-er/adopt-net0,gh:zen-universe/zen-garden"
JeffBezanson,academic,massachusetts institute of technology,USA,gh:juliaenergy/powerdynamics.jl
JeffCarpenter,unknown,,CAN,"gh:anl-ceeesa/unitcommitment.jl,gh:breakthrough-energy/reise.jl,gh:curent/andes,gh:e2niee/pandapower,gh:electa-git/flexplan.jl,gh:grid-parity-exchange/egret,gh:grid2op/grid2op,gh:juliaenergy/powerdynamics.jl,gh:lanl-ansi/powermodels.jl,gh:matpower/matpower,gh:mzy2240/esa,gh:natlabrockies/emerge,gh:nlr-distribution-suite/erad,gh:nreca-bts/omf,gh:openipsl/openipsl,gh:pypsa/pypsa,gh:rwl/pypower,gh:sanpen/veragrid,gh:sogno-platform/dpsim,gh:sogno-platform/pymfm,gh:susantoj/pypower-dynamics,gh:switch-model/switch,gh:unsw-ceem/nempy"
Jeffery-Kong,unknown,,,gh:upb-lea/electricgrid.jl
Jeffmackinnon,professional,jmkengineering,CAN,"gh:e2niee/pandapower,gh:nreca-bts/omf,gh:pypsa/pypsa,gh:rwl/pypower"
JeffreyLaederach,financial,,,gh:natlabrockies/reopt_api
JenniferQu2020,unknown,,,gh:emlab/emlab-generation
JenniferYuan1128,unknown,,,gh:marvinler/pypownet
JeongtaekLim,professional,keti,KOR,gh:natlabrockies/pysam
JerDommisse,unknown,,,gh:energyscope/energyscope
JerelynCo,unknown,,JPN,"gh:adgefficiency/energy-py,gh:pypsa/pypsa"
JeremyChuaWX,unknown,,SGP,gh:akkudoktor-eos/eos
JeroenGar,academic,ku leuven - fwo,BEL,gh:electa-git/flexplan.jl
Jerome824,unknown,,,gh:genxproject/genx.jl
Jerry-Jinfeng-Guo,professional,alliander,NLD,"gh:powergridmodel/power-grid-model,gh:sanpen/veragrid"
Jerry-Xcq,academic,tongji university,CHN,gh:eiagov/bluesky
Jesse-W-Cohen,unknown,,,gh:genxproject/genx.jl
Jesse-soft,unknown,,,gh:adamgreenhall/minpower
JesseAngrist,unknown,,,gh:genxproject/genx.jl
JesseJenkins,academic,princeton university,USA,"gh:genxproject/genx.jl,gh:macroenergy/macroenergy.jl,gh:nrel-sienna/powersystemsinvestments.jl"
JeyRunner,unknown,,DEU,gh:akkudoktor-eos/eos
JiabinShen,unknown,,,"gh:adamgreenhall/minpower,gh:pypsa/pypsa,gh:rwl/pypower,gh:sanpen/veragrid,gh:susantoj/pypower-dynamics"
JiahuiGong,unknown,,,"gh:ahalev/python-microgrid,gh:e2niee/pandapower,gh:microgrids-x/microgrids.py"
Jialisteg,academic,universidad de chile,,gh:oemof/oemof-solph
JianhuaGong97,academic,,,gh:rwl/pypower
JiaxinWang-thu,academic,tsinghua university,CHN,"gh:curent/andes,gh:e2niee/pandapower,gh:future-power-networks/simplus-grid-tool,gh:matpower/matpower,gh:rwl/pypower"
Jiayikung,academic,new york university,USA,gh:genxproject/genx.jl
JieFeng-cse,academic,ucsd,USA,"gh:curent/andes,gh:e2niee/pandapower"
Jimmy-INL,research,,,"gh:balmorelcommunity/balmorel,gh:calliope-project/calliope,gh:genxproject/genx.jl,gh:grid2op/grid2op,gh:idaholab/heron,gh:idaholab/hybrid,gh:iiasa/message_ix,gh:natlabrockies/pras,gh:osemosys/osemosys,gh:pypsa/pypsa,gh:sogno-platform/dpsim,gh:youngfaithful/capacityexpansion.jl"
JimmyChen277,unknown,,,gh:calliope-project/calliope
Jin-Jun-Mei,unknown,,,"gh:energysystemsmodellinglab/muse_os,gh:osemosys/osemosys"
JinningZhang,unknown,,,"gh:calliope-project/calliope,gh:energy-modelling-toolkit/dispa-set,gh:genxproject/genx.jl,gh:microgridspy/microgridspy,gh:natlabrockies/h2integrate,gh:natlabrockies/reeds-2.0,gh:natlabrockies/sam,gh:pielube/messpy"
JinyuGuan,unknown,,,gh:rwl/pypower
JitpanuM,unknown,,,gh:villasframework/node
JiuBanA1,unknown,,CHN,"gh:irena-flextool/flextool,gh:spine-tools/spineopt.jl"
JiuShaBa-77,unknown,,,"gh:matpower/matpower,gh:rwl/pypower"
Jiuhaoqiu,unknown,,,"gh:balmorelcommunity/balmorel,gh:behrangshirizadeh/eoles_elecres,gh:curent/andes,gh:energy-modelling-toolkit/dispa-set,gh:frkunz/stelmod,gh:osemosys/osemosys,gh:pypsa/pypsa,gh:temoaproject/temoa"
JiweiTian,unknown,,,"gh:curent/andes,gh:grid2op/grid2op,gh:marvinler/pypownet"
JoC-C,unknown,,,gh:genxproject/genx.jl
JoKoo619,unknown,,CHN,"gh:calliope-project/calliope,gh:oemof/oemof-solph,gh:pypsa/pypsa,gh:temoaproject/temoa,gh:tum-ens/urbs"
JoachimS-source,unknown,,,gh:akkudoktor-eos/eos
JoanaLisboa2019,professional,none of your business,USA,gh:emlab/emlab-generation
JoaoLuizSalomao,unknown,,,gh:mesmo-dev/mesmo
JochenC,academic,delft university of technology,NLD,"gh:grid2op/grid2op,gh:juliaenergy/powerdynamics.jl"
JoeCoo7,industry,microtale,DEU,gh:akkudoktor-eos/eos
Joel-max-s,unknown,,,gh:akkudoktor-eos/eos
JoelLinn,unknown,,DEU,gh:akkudoktor-eos/eos
Joezhaonn,unknown,,,"gh:e2niee/pandapower,gh:juliaenergy/powerdynamics.jl"
JohanElmis,industry,keepit,SWE,gh:akkudoktor-eos/eos
JohannesBehrens,unknown,,,gh:fzj-iek3-vsa/fine
JohannesMerz,professional,bojagi eye-square,DEU,gh:akkudoktor-eos/eos
JohannesWeinbrecht,unknown,,,"gh:curent/andes,gh:oemof/oemof-solph,gh:pypsa/pypsa"
Johannf78,unknown,,,gh:akkudoktor-eos/eos
JohnSebastianHussey,unknown,,,gh:pencleanenergy/match-model
Johnrtheisen,unknown,,,gh:rwl/pypower
JonViktor,unknown,,,gh:natlabrockies/pysam
Jonas-fzj,unknown,,,gh:fzj-iek3-vsa/fine
JonasBreuling,academic,university of stuttgart,DEU,gh:curent/andes
JonasGroeger,professional,codecentric ( codecentric),DEU,gh:akkudoktor-eos/eos
JonasSejr,unknown,,,gh:epgoxford/open
JonasToth,unknown,,DEU,"gh:adgefficiency/energy-py,gh:gh:adgefficiency/energy-py-linear"
Jonasvdbo,professional,alliander-opensource,NLD,"gh:e2niee/pandapower,gh:powergridmodel/power-grid-model"
JonatanOlsen,unknown,,,gh:richard-weinhold/pomato
JonikaRathi,unknown,,,gh:genxproject/genx.jl
JonnyHsia-lab,academic,,,"gh:dss-extensions/dss_capi,gh:e2niee/pandapower,gh:powergridmodel/power-grid-model,gh:pypsa/pypsa,gh:sanpen/veragrid,gh:switch-model/switch"
Jonnyb36,unknown,,GBR,"gh:gh:adgefficiency/energy-py-linear,gh:e2niee/pandapower,gh:oemof/oemof-solph,gh:pypsa/pypsa,gh:sanpen/veragrid"
JoseDevApps,unknown,,,gh:oemof/oemof-solph
JoseLuisRaMen,academic,university of reading,,"gh:calliope-project/calliope,gh:pypsa/pypsa"
Josef-Hlink,unknown,,NLD,gh:adgefficiency/energy-py
JosepFanals,professional,eroots analytics,,"gh:curent/andes,gh:dynawo/dynawo,gh:natlabrockies/paraemt_public,gh:nrel-sienna/powersimulationsdynamics.jl,gh:pypsa/pypsa,gh:sanpen/veragrid,gh:sogno-platform/dpsim,gh:susantoj/pypower-dynamics"
JosepRoselloMartinez,unknown,,,gh:energyscope/energyscope
JosephTgp,unknown,,,gh:akkudoktor-eos/eos
Josephz96,unknown,,,gl:dlr-ve/esy/amiris/amiris
JoshEichman,unknown,,,gh:natlabrockies/rodeo
JoshuaC3,unknown,,,"gh:calliope-project/calliope,gh:e2niee/pandapower,gh:oemof/oemof-solph,gh:openego/ego,gh:tum-ens/urbs"
JosifFP,academic,ney york independent system operator (nyiso),USA,"gh:lanl-ansi/powermodels.jl,gh:lanl-ansi/powermodelsannex.jl,gh:matpower/matpower,gh:natlabrockies/pras,gh:openipsl/openipsl"
Jovansam,unknown,,,gh:juliaenergy/joulia.jl
Jubeyer,academic,the university of texas at dallas,USA,gh:natlabrockies/reopt_api
JuliaDocsForks,unknown,,,gh:juliaenergy/powerdynamics.jl
JuliaRegistrator,unknown,,,"gh:energymodelsx/energymodelsbase.jl,gh:lanl-ansi/powermodels.jl,gh:lanl-ansi/powermodelsannex.jl,gh:natlabrockies/reopt.jl,gh:nrel-sienna/powersimulations.jl,gh:spine-tools/spineopt.jl,gh:tulipaenergy/tulipaenergymodel.jl,gh:youngfaithful/capacityexpansion.jl"
JuliaTagBot,unknown,,,"gh:ait-energy/iesopt.jl,gh:anl-ceeesa/unitcommitment.jl,gh:electa-git/flexplan.jl,gh:energymodelsx/energymodelsbase.jl,gh:genxproject/genx.jl,gh:juliaenergy/joulia.jl,gh:juliaenergy/powerdynamics.jl,gh:lanl-ansi/powermodels.jl,gh:lanl-ansi/powermodelsannex.jl,gh:leonardgoeke/anymod.jl,gh:macroenergy/macroenergy.jl,gh:nrel-sienna/powersimulations.jl,gh:nrel-sienna/powersimulationsdynamics.jl,gh:spine-tools/spineopt.jl,gh:tulipaenergy/tulipaenergymodel.jl,gh:upb-lea/electricgrid.jl,gh:youngfaithful/capacityexpansion.jl"
JulianBarinton,academic,reiner lemoine institute,,"gh:oemof/oemof-solph,gh:rl-institut/multi-vector-simulator,gh:tum-ens/urbs"
Juliette-Gerbaux,unknown,,,gh:antaressimulatorteam/antares_simulator
Julius-Groth,unknown,,,gh:oemof/oemof-solph
JuliusFrontzek,unknown,,,"gh:dynawo/dynawo,gh:openipsl/openipsl"
Julz707,unknown,,,gh:akkudoktor-eos/eos
JunejaAmmy,unknown,,,gh:curent/andes
JunjieYU-UoM,academic,,,gh:iiasa/message_ix
JunkangSong,unknown,,,"gh:akkudoktor-eos/eos,gh:mesmo-dev/mesmo,gh:tum-ens/urbs"
JunyanHuang,academic,university of virginia,USA,gh:rwl/pypower
JunyungDavidKim,unknown,,,gh:idaholab/hybrid
JunyungKim,research,idaho national laboratory,USA,gh:idaholab/hybrid
JustinStarreveld,academic,,NLD,gh:calliope-project/calliope
JustinasJas,unknown,,,gh:spine-tools/spineopt.jl
JustusvLiebig,unknown,,,gh:gmlc-dispatches/dispatches
Jxx1018933131,unknown,,,"gh:energy-modelling-toolkit/dispa-set,gh:grid2op/grid2op"
K486D2,unknown,,,"gh:arras-energy/gridlabd,gh:gridoptics/gridpack,gh:powergridmodel/power-grid-model,gh:sogno-platform/dpsim,gh:thales1330/psp"
KGrdn,unknown,,,"gh:powergridmodel/power-grid-model,gh:pypsa/pypsa"
KInGATiLLa,industry,,MNG,gh:akkudoktor-eos/eos
KKuramae2,industry,"panasonic corporation, electric works company",,gh:akkudoktor-eos/eos
KLM24,unknown,,,gh:energy-modelling-toolkit/dispa-set
KOIKAZE903,unknown,,,"gh:calliope-project/calliope,gh:fzj-iek3-vsa/fine,gh:oemof/oemof-solph,gh:oemof/oemof-thermal,gh:pielube/messpy,gh:spf-ost/optihood,gh:tum-ewk/ficus"
KOSHIMP,unknown,,,gh:energysystemsmodellinglab/muse_os
KQEFEM,academic,,ESP,gh:pielube/messpy
KSchoenleber,unknown,,,"gh:tum-ens/rivus,gh:tum-ens/urbs"
KaaNee,unknown,,CHN,gh:akkudoktor-eos/eos
KadaverJoe,unknown,,,gh:akkudoktor-eos/eos
KaeiD1,academic,tu freiberg,,gh:akkudoktor-eos/eos
KaffeDiem,industry,,DNK,gh:assume-framework/assume
Kai-gege,unknown,,CHN,"gh:calliope-project/calliope,gh:e2niee/pandapower,gh:marvinler/pypownet,gh:pypsa/pypsa,gh:richard-weinhold/pomato,gh:rl-institut/multi-vector-simulator"
KaiHawaiiii,industry,,,gh:akkudoktor-eos/eos
Kaisan-Li,unknown,,,"gh:etsap-times/times_model,gh:genxproject/genx.jl,gh:hope-model-project/hope"
KaiyiXIE23,unknown,,,gh:gridoptics/gridpack
KajunGambo,unknown,,,"gh:dynawo/dynawo,gh:natlabrockies/pysam,gh:natlabrockies/sam,gh:pypsa/pypsa,gh:sanpen/veragrid"
Kaminarikitten,unknown,,,gh:curent/andes
Kang-S,academic,hohai university,CHN,"gh:matpower/matpower,gh:mbheinen/bpa-ipf-tsp,gh:susantoj/pypower-dynamics"
Kanixkar,unknown,,,gh:natlabrockies/reopt_api
KapilDuwadi,research,pacific northwest national laboratory,,"gh:natlabrockies/emerge,gh:nlr-distribution-suite/erad"
Karinamatoreynaud,unknown,,,gh:gridoptics/gridpack
KarmaCobra,unknown,,AUT,gh:akkudoktor-eos/eos
Kasra-Aliyon,unknown,,,gh:gmlc-dispatches/dispatches
Kaufi206,unknown,,,gh:akkudoktor-eos/eos
Kaveri3012,unknown,,,gh:emlab/emlab-generation
Kaviyarsan2004,unknown,,,gh:genxproject/genx.jl
KayyagariBMcD,professional,burns and mcdonnell,,"gh:curent/andes,gh:manuvarkey/gelectrical,gh:powergridmodel/power-grid-model,gh:pypsa/pypsa,gh:sanpen/veragrid"
KeVteL,unknown,,,gh:villasframework/node
KeaganHRankin,academic,university of toronto,,gh:temoaproject/temoa
Kecheng-Chen,unknown,,,gh:calliope-project/calliope
KedarnathNEVS,professional,nevsab,,gh:natlabrockies/reopt_api
Kei-K23,industry,"obs co.,ltd",MMR,gh:akkudoktor-eos/eos
Keir-Steegstra,unknown,,,gh:matpower/most
KeirSimmons,academic,amazon,JPN,gh:adgefficiency/energy-py
Kelsey-Z,academic,shanghai jiao tong university,CHN,gh:genxproject/genx.jl
KenanaoSithole,unknown,,,gh:richard-weinhold/pomato
KentuckyOEP,unknown,,USA,gh:temoaproject/temoa
KernelPanic91,unknown,,,gh:akkudoktor-eos/eos
KerstinWunder,unknown,,,gh:fzj-iek3-vsa/fine
KeunJuSong,academic,"sogang university, nicelab",KOR,"gh:grid2op/grid2op,gh:gridfm/gridfm-graphkit,gh:lanl-ansi/powermodels.jl"
Keuya,unknown,,,gl:dlr-ve/esy/amiris/amiris
Kevan2077,academic,australian national university,AUS,"gh:bje-/nemo,gh:calliope-project/calliope,gh:natlabrockies/h2integrate,gh:osemosys/osemosys,gh:pypsa/pypsa,gh:rheia-framework/rheia,gh:tulipaenergy/tulipaenergymodel.jl"
KevinRamsunder,professional,dataminr,USA,"gh:oemof/oemof-solph,gh:powsybl/powsybl-core,gh:pypsa/pypsa"
KevinWang676,academic,,,gh:adgefficiency/energy-py
KhaldonAhmed,unknown,,,"gh:pypsa/pypsa,gh:upb-lea/electricgrid.jl"
KhaledAleikish,unknown,,,"gh:curent/andes,gh:juliaenergy/powerdynamics.jl,gh:lanl-ansi/powermodels.jl,gh:thales1330/psp"
Khanyisa-Ngejane,industry,netzero ai,,"gh:gridoptics/gridpack,gh:natlabrockies/emerge,gh:natlabrockies/h2integrate,gh:natlabrockies/hopp,gh:natlabrockies/hybridbosse,gh:natlabrockies/mafrit,gh:natlabrockies/paraemt_public,gh:natlabrockies/pras,gh:natlabrockies/reeds-2.0,gh:natlabrockies/rodeo,gh:natlabrockies/sam,gh:natlabrockies/wpgnn,gh:nrel-sienna/powersimulations.jl,gh:nrel-sienna/powersimulationsdynamics.jl,gh:pypsa/pypsa,gh:rheia-framework/rheia"
Kianaafz,unknown,,,gh:emlab/emlab-generation
KiaraGrouwstra,unknown,,NLD,"gh:powergridmodel/power-grid-model,gh:powsybl/powsybl-open-loadflow,gh:pypsa/pypsa"
Kikk79,unknown,,,gh:akkudoktor-eos/eos
Kimchangheon,industry,fau,DEU,"gh:e2niee/pandapower,gh:grid2op/grid2op"
King3R,unknown,,DEU,gh:akkudoktor-eos/eos
Kingsoman,academic,,GBR,gh:akkudoktor-eos/eos
Kiplesund,unknown,,,gh:spine-tools/spineopt.jl
KirchhoffVCR,unknown,,,"gh:dynawo/dynawo,gh:natlabrockies/mafrit"
KirinZZF,academic,lancaster university,GBR,gh:andrewlyden/pylesa
Kkevin100,unknown,,,gh:curent/andes
Kladdkaka,industry,swisslog logistics automation,SWE,gh:genxproject/genx.jl
Kleebaue,unknown,,,gh:irena-flextool/flextool
KleinSpeedy,academic,,,gh:akkudoktor-eos/eos
KmBase,unknown,,,"gh:energy-modelling-toolkit/dispa-set,gh:powergama/powergama"
Koco1994,unknown,,,"gh:future-power-networks/simplus-grid-tool,gh:upb-lea/electricgrid.jl"
KodiakMoon,unknown,,,gh:natlabrockies/reopt_api
KoenvanB,unknown,,,"gh:quintel/etengine,gh:quintel/etmodel,gh:quintel/pyetm"
Kolbi,unknown,,,gh:akkudoktor-eos/eos
KoljaWindeler,industry,sennheiser electronic gmbh & co. kg,DEU,gh:akkudoktor-eos/eos
KommissarNuschel,unknown,,,gh:akkudoktor-eos/eos
KonicaMulani,unknown,,,gh:gmlc-dispatches/dispatches
KonnySue,unknown,,,gh:oemof/oemof-solph
Konsebast,unknown,,,gh:oemof/oemof-solph
KooroshTechie,academic,,,"gh:oemof/oemof-solph,gh:oemof/oemof-thermal"
KosovareLatifaj,unknown,,,gh:energy-modelling-toolkit/dispa-set
KotZer,unknown,,,"gh:adamgreenhall/minpower,gh:calliope-project/calliope,gh:tum-ens/urbs"
Koulio,unknown,,,gh:derrickoswald/cimapplication
KrausStefan,unknown,,,gh:fzj-iek3-vsa/fine
KriNiTi,unknown,,,"gl:dlr-ve/esy/amiris/amiris,gl:dlr-ve/esy/remix/framework,gl:fame-framework/fame-core"
KrisPoncelet,unknown,,,"gh:emlab/emlab-generation,gh:spine-tools/spineopt.jl"
KrishNLP,unknown,,,gh:adgefficiency/energy-py
KristijanFaust-OET,professional,open energy transition,,"gh:calliope-project/calliope,gh:pypsa/pypsa"
KristofPhillips95,unknown,,,gh:spine-tools/spineopt.jl
KristofferC,professional,juliacomputing,SWE,"gh:juliaenergy/powerdynamics.jl,gh:lanl-ansi/powermodels.jl"
Krokkodilli,unknown,,,gh:openipsl/openipsl
Krulle86,unknown,,DEU,gh:akkudoktor-eos/eos
KryptoBilko,unknown,,DEU,gh:akkudoktor-eos/eos
Kubuqi-Wu,unknown,,,"gh:calliope-project/calliope,gh:microgridspy/microgridspy,gh:temoaproject/temoa,gh:tum-ens/urbs"
Kugelfang666,unknown,,,gh:akkudoktor-eos/eos
Kumist2021,unknown,,,gh:akkudoktor-eos/eos
Kumskaka,unknown,,,gh:akkudoktor-eos/eos
Kuzu0,unknown,,,"gh:blue-marble/gridpath,gh:e2niee/pandapower,gh:lanl-ansi/powermodelsannex.jl,gh:natlabrockies/pras"
Kyona776,unknown,,,gh:akkudoktor-eos/eos
L-l633,unknown,,,gh:opencemorg/opencem
L0rz,unknown,,,gh:akkudoktor-eos/eos
LCW0729,unknown,,,gh:oemof/oemof-solph
LDNAHEN,unknown,,,gh:akkudoktor-eos/eos
LEEBreo,unknown,,,"gh:bje-/nemo,gh:grid2op/grid2op,gh:nlr-distribution-suite/erad,gh:pypsa/pypsa,gh:richard-weinhold/pomato"
LETUSFLYLPF,unknown,,TWN,"gh:ahalev/python-microgrid,gh:grid2op/grid2op,gh:microgrids-x/microgrids.py,gh:microgridspy/microgridspy"
LF2L,industry,,FRA,gh:epgoxford/open
LFPower,academic,university of houston,,gh:breakthrough-energy/reise.jl
LG886,unknown,,,gh:natlabrockies/reopt_api
LGD-Fr,unknown,,FRA,gh:rwl/pypower
LIVENlab,academic,,ESP,gh:calliope-project/calliope
LKimmer,unknown,,,gl:dlr-ve/esy/amiris/amiris
LKnulp,unknown,,DEU,gh:akkudoktor-eos/eos
LL0pez20,industry,lafae-ufrj,BRA,"gh:e2niee/pandapower,gh:rwl/pypower"
LLoneliness,professional,ncepu,CHN,"gh:genxproject/genx.jl,gh:grid-parity-exchange/egret,gh:matpower/matpower"
LMbakop,financial,,,"gh:balmorelcommunity/balmorel,gh:curent/andes,gh:mesmo-dev/mesmo,gh:osemosys/osemosys"
LMerbecks,industry,,,gh:akkudoktor-eos/eos
LNshuti,industry,data engineer,USA,gh:mesmo-dev/mesmo
LOENS2,industry,grob-werke gmbh & co. kg,DEU,gh:akkudoktor-eos/eos
LParkhill,unknown,,,gh:natlabrockies/reopt_api
LRydin,professional,nmbu,NOR,"gh:e2niee/pandapower,gh:juliaenergy/powerdynamics.jl,gh:pypsa/pypsa,gh:quintel/etmodel"
LSchmidtEn,unknown,,,gh:zen-universe/zen-garden
LSchmidtEng,unknown,,,gh:zen-universe/zen-garden
LY-123456,unknown,,,gh:rwl/pypower
LY-must-win,unknown,,,gh:natlabrockies/paraemt_public
LanXinShao,unknown,,,gh:oemof/oemof-solph
Lana535,unknown,,,gh:fzj-iek3-vsa/fine
LancelotGitech,unknown,,,gh:curent/andes
LarFri,academic,,DEU,gh:powergridmodel/power-grid-model
LarsHadidi,unknown,,DEU,gh:fzj-iek3-vsa/fine
Lasall,unknown,,DEU,gh:akkudoktor-eos/eos
LatentDream,industry,unity technologies,,gh:leonardgoeke/anymod.jl
LauraBrafine,unknown,,,gh:tulipaenergy/tulipaenergymodel.jl
Laurynas-Jagutis,unknown,,,gh:powergridmodel/power-grid-model
LavermanJJ,unknown,,DEU,gh:akkudoktor-eos/eos
Lazgar,industry,asfinag maut service gmbh,AUT,gh:akkudoktor-eos/eos
LeSpocky,industry,,DEU,gh:akkudoktor-eos/eos
LeZhengThu,academic,north china electric power university,,"gh:curent/andes,gh:pypsa/pypsa"
LeandervdBijl,unknown,,,gh:powergridmodel/power-grid-model
Learwzr,unknown,,,gh:rwl/pypower
LeeDEfrost,academic,,CHN,gh:curent/andes
LeeFischer,unknown,,,gh:rwl/pypower
Leinad1776,unknown,,,gh:openipsl/openipsl
LembkeM,unknown,,DEU,gh:akkudoktor-eos/eos
LennartMorlock,unknown,,,"gh:energysystemsmodellinglab/muse_os,gh:tum-ens/urbs"
LenxyOne,unknown,,,gh:akkudoktor-eos/eos
LeoEVEILLARD,unknown,,FRA,gh:antaressimulatorteam/antares_simulator
LeoSchmider,academic,,ESP,gh:openipsl/openipsl
Leon6,unknown,,,gh:oemof/oemof-solph
LeonardWilleke,unknown,,,gh:assume-framework/assume
LeonardWilleke,unknown,,,gl:dlr-ve/esy/amiris/amiris
LeoniePlaga,unknown,,,gh:spine-tools/spineopt.jl
LeqingXu1997,unknown,,,"gh:andrewlyden/pylesa,gh:fzj-iek3-vsa/fine"
Lesly-C,unknown,,,gh:iit-energysystemmodels/openmaster
LessGoudarzi,professional,synthesize leverage,,gh:eiagov/bluesky
Lethbridge-Optimization-Research-Group,unknown,,,gh:lanl-ansi/powermodelsannex.jl
Leticia-maria,academic,"juliachemicalreactions, hartreefoca",USA,"gh:juliaenergy/powerdynamics.jl,gh:lanl-ansi/powermodels.jl,gh:natlabrockies/pras,gh:nrel-sienna/powersimulations.jl,gh:nrel-sienna/powersimulationsdynamics.jl"
LetzteSchicht,unknown,,,gh:akkudoktor-eos/eos
Leupi,unknown,,DEU,gh:akkudoktor-eos/eos
LevenkinY,academic,tsinghua university,CHN,gh:calliope-project/calliope
Lex318,unknown,,DEU,gh:akkudoktor-eos/eos
LexNetAT,professional,none,AUT,gh:akkudoktor-eos/eos
LexPascal,academic,institute of environmental science and technology (icta-uab),ESP,"gh:calliope-project/calliope,gh:rebase-energy/enflow"
Lexilex75,unknown,,,gh:akkudoktor-eos/eos
Lhsxxlll,unknown,,,gh:irena-flextool/flextool
LichtblickLab,unknown,,,gh:akkudoktor-eos/eos
Lien182,academic,paderborn university,DEU,gh:akkudoktor-eos/eos
Lilili0304,unknown,,,gh:g-pst/inertia
Lima-Lima,academic,technische universitat munchen,DEU,gh:juliaenergy/powerdynamics.jl
Limit0010,unknown,,,gh:natlabrockies/mafrit
LimitMo,unknown,,,gh:rwl/pypower
Lin-INL,unknown,,,gh:idaholab/hybrid
Lingkangjin,academic,"marche polytechnic university, department of industrial engineering and mathematical sciences",ITA,"gh:calliope-project/calliope,gh:pypsa/pypsa"
Lingyan90,unknown,,,"gh:genxproject/genx.jl,gh:gmlc-dispatches/dispatches"
Lishangqiang666,unknown,,,"gh:pypsa/pypsa,gh:susantoj/pypower-dynamics"
LiuZhengyu,unknown,,,"gh:rwl/pypower,gh:sanpen/veragrid"
Liuqianjie,unknown,,,gh:natlabrockies/reopt_api
LogonXIX,research,idaho national laboratory,,gh:idaholab/hybrid
Loisel,unknown,,,gh:calliope-project/calliope
Lokkij,unknown,,,gh:tulipaenergy/tulipaenergymodel.jl
LoneWolf-83,unknown,,,gh:akkudoktor-eos/eos
LongMa-G,unknown,,,"gh:manuvarkey/gelectrical,gh:natlabrockies/emerge"
Longquan-Li,unknown,,,gh:calliope-project/calliope
Lonightar,unknown,,CHN,gh:rwl/pypower
Loony2392,professional,loony-tech,DEU,gh:akkudoktor-eos/eos
LordMike,unknown,,DNK,gh:akkudoktor-eos/eos
LordZeroCool,unknown,,,gh:akkudoktor-eos/eos
Lotus68,unknown,,,"gh:etsap-times/times_model,gh:iiasa/message_ix,gh:optimal2050/energyrt,gh:osemosys/osemosys,gh:rheia-framework/rheia"
LouisBirkner,unknown,,,gh:villasframework/node
LouisFliche,unknown,,,gh:spine-tools/spineopt.jl
LouisMerc,unknown,,,gh:energyscope/energyscope
LsquaredFlows,unknown,,,gh:akkudoktor-eos/eos
LuKei,industry,robert bosch gmbh,,gh:akkudoktor-eos/eos
LuMaOv,unknown,,,gh:fzj-iek3-vsa/fine
LucK1Y,academic,,,gh:zen-universe/zen-garden
LucaNicoliYT88,unknown,,,"gh:adgefficiency/energy-py,gh:gh:adgefficiency/energy-py-linear,gh:assume-framework/assume,gh:pielube/messpy,gh:pypsa/pypsa"
LucaPerbellini,unknown,,,gh:gridfm/gridfm-graphkit
LucaTony,unknown,,,gh:derrickoswald/cimapplication
LucasDesport,unknown,,,gh:etsap-times/times_model
LucasGOWRamalho,industry,dti tecnologia,BRA,gh:akkudoktor-eos/eos
LucieRC,unknown,,,gl:dlr-ve/esy/amiris/amiris
LucieRC,unknown,,,"gh:antaressimulatorteam/antares_simulator,gh:emlab/emlab-generation,gh:osemosys/osemosys,gh:switch-model/switch"
LuckyLukeSkywalker,unknown,,,gh:akkudoktor-eos/eos
Ludee,academic,reiner lemoine institute,DEU,"gh:calliope-project/calliope,gh:critical-infrastructure-systems-lab/pownet,gh:eiagov/bluesky,gh:etsap-times/times_model,gh:fzj-iek3-vsa/fine,gh:microgridspy/microgridspy,gh:oemof/oemof-solph,gh:openego/edisgo,gh:openego/ego,gh:pypsa/pypsa,gh:rl-institut/multi-vector-simulator"
Lugerya,unknown,,,gh:rwl/pypower
Luis-on99,unknown,,,gh:rwl/pypower
LuixLore,academic,technische universitat berlin,DEU,"gh:oemof/oemof-solph,gh:oemof/oemof-thermal"
Lukas-Kunz,unknown,,,gh:zen-universe/zen-garden
LukasBarner,unknown,,,gh:lukasbarner/hydrogenmod.jl
LukasHHU,unknown,,,gh:assume-framework/assume
LukasPGehring,unknown,,,gh:zen-universe/zen-garden
Luminite9,unknown,,,"gh:anl-ceeesa/unitcommitment.jl,gh:rwl/pypower"
LunaVoid,unknown,,,gh:akkudoktor-eos/eos
Luo931,unknown,,,"gh:emlab/emlab-generation,gh:pypsa/pypsa,gh:switch-model/switch"
LuoXu-THU,academic,princeton university,USA,gh:genxproject/genx.jl
LuoYongjian111,unknown,,,"gh:dss-extensions/dss_capi,gh:electa-git/flexplan.jl,gh:grid-parity-exchange/egret,gh:manuvarkey/gelectrical,gh:powsybl/powsybl-open-loadflow,gh:roseautechnologies/roseau_load_flow"
Lutonin,unknown,,,gh:susantoj/pypower-dynamics
Ly0n,professional,open energy transition,DEU,"gh:adamgreenhall/minpower,gh:adgefficiency/energy-py,gh:gh:adgefficiency/energy-py-linear,gh:ahalev/python-microgrid,gh:ait-energy/iesopt.jl,gh:akkudoktor-eos/eos,gh:andrewlyden/pylesa,gh:antaressimulatorteam/antares_simulator,gh:arras-energy/gridlabd,gh:assume-framework/assume,gh:balmorelcommunity/balmorel,gh:behrangshirizadeh/eoles_elecres,gh:bje-/nemo,gh:blue-marble/gridpath,gh:breakthrough-energy/reise.jl,gh:calliope-project/calliope,gh:chrisyeh96/sustaingym,gh:critical-infrastructure-systems-lab/pownet,gh:curent/andes,gh:derrickoswald/cimapplication,gh:drafproject/draf,gh:dynawo/dynawo,gh:e2niee/pandapower,gh:e3-/resolve,gh:eiagov/bluesky,gh:electa-git/flexplan.jl,gh:energy-modelling-toolkit/dispa-set,gh:energyinnovation/eps-us,gh:energyscope/energyscope,gh:energysystemsmodellinglab/muse2,gh:energysystemsmodellinglab/muse_os,gh:epgoxford/open,gh:epri-dev/opender,gh:esmap-world-bank-group/epm,gh:etsap-times/times_model,gh:flexigis/flexigis,gh:flixopt/flixopt,gh:fzj-iek3-vsa/fine,gh:genxproject/genx.jl,gh:gmlc-dispatches/dispatches,gh:grid-parity-exchange/egret,gh:grid2op/grid2op,gh:gridfm/gridfm-graphkit,gh:gridoptics/gridpack,gh:hope-model-project/hope,gh:idaholab/heron,gh:idaholab/hybrid,gh:ie3-institute/powersystemdatamodel,gh:ie3-institute/simona,gh:iee-tugraz/lego,gh:iiasa/message_ix,gh:iit-energysystemmodels/opensduc,gh:iit-energysystemmodels/opentepes,gh:ipese/reho,gh:juliaenergy/joulia.jl,gh:juliaenergy/powerdynamics.jl,gh:lanl-ansi/powermodels.jl,gh:leonardgoeke/anymod.jl,gh:lkruitwagen/global-fossil-fuel-supply-chain,gh:lukasbarner/hydrogenmod.jl,gh:macroenergy/macroenergy.jl,gh:manuvarkey/gelectrical,gh:marvinler/pypownet,gh:matpower/matpower,gh:mesmo-dev/mesmo,gh:microgrids-x/microgrids.py,gh:microgridspy/microgridspy,gh:mzy2240/esa,gh:natlabrockies/emerge,gh:natlabrockies/h2integrate,gh:natlabrockies/hopp,gh:natlabrockies/pras,gh:natlabrockies/pysam,gh:natlabrockies/reeds-2.0,gh:natlabrockies/reopt.jl,gh:natlabrockies/sam,gh:nlr-distribution-suite/erad,gh:nreca-bts/omf,gh:nrel-sienna/powersimulations.jl,gh:nrel-sienna/powersimulationsdynamics.jl,gh:nrel-sienna/powersystemsinvestments.jl,gh:oemof/oemof-solph,gh:oemof/oemof-thermal,gh:onsset/onsset,gh:openego/edisgo,gh:openipsl/openipsl,gh:optimal2050/energyrt,gh:osemosys/osemosys,gh:pencleanenergy/match-model,gh:pielube/messpy,gh:pnnl/exago,gh:powergridmodel/power-grid-model,gh:powsybl/powsybl-core,gh:powsybl/powsybl-open-loadflow,gh:powsybl/pypowsybl,gh:prayas-energy/rumi,gh:prep-next/prep-shot,gh:pypsa/pypsa,gh:quintel/etengine,gh:quintel/etmodel,gh:rebase-energy/enflow,gh:reegis/deflex,gh:rheia-framework/rheia,gh:richard-weinhold/pomato,gh:rl-institut/multi-vector-simulator,gh:roseautechnologies/roseau_load_flow,gh:rwl/pypower,gh:sanpen/veragrid,gh:sei-international/nemomod.jl,gh:slacgismo/tess,gh:sogno-platform/dpsim,gh:spf-ost/optihood,gh:spine-tools/spineopt.jl,gh:switch-model/switch,gh:temoaproject/temoa,gh:thales1330/psp,gh:transition-zero/tz-osemosys,gh:tulipaenergy/tulipaenergymodel.jl,gh:tum-ens/rivus,gh:tum-ens/urbs,gh:unsw-ceem/nempy,gh:upb-lea/electricgrid.jl,gh:villasframework/node,gh:vub-hydr/revub,gh:youngfaithful/capacityexpansion.jl"
Ly0n,unknown,,,"gl:diw-evu/dieter_public/dieterpy,gl:dlr-ve/esy/amiris/amiris,gl:energyincities/python-ehub,gl:fame-framework/fame-core,gl:mosaik/mosaik,gl:smartgridtoolbox/smartgridtoolbox"
LynseyNoD,unknown,,,gh:andrewlyden/pylesa
Lyve1981,unknown,,,gh:akkudoktor-eos/eos
LyyTickleEntropy,unknown,,,gh:energyinnovation/eps-us
M-D-Murphy,unknown,,,gh:drafproject/draf
M0-Adnan,unknown,,,gh:genxproject/genx.jl
M270704,unknown,,,gh:etsap-times/times_model
M2Miage-rahmanii,unknown,,,gh:roseautechnologies/roseau_load_flow
MAHTEP,academic,polytechnic institute of turin,ITA,gh:temoaproject/temoa
MAS4TE,unknown,,,gh:assume-framework/assume
MAZamarripa,academic,,USA,gh:gmlc-dispatches/dispatches
MCGA2050,utility,,,"gh:curent/andes,gh:matpower/matpower,gh:mzy2240/esa,gh:rwl/pypower"
MConfuse,unknown,,DEU,gh:akkudoktor-eos/eos
MD-Zayed-Al-Sajed,academic,,,gh:erf-model/erf
MDoquet,unknown,,,gh:antaressimulatorteam/antares_simulator
MDunitz,unknown,,,gh:natlabrockies/pysam
MGindi,unknown,,,gh:tum-ewk/ficus
MGlauer,academic,otto-von-guericke-university magdeburg,,"gh:oemof/oemof-solph,gh:openego/ego"
MJ-AS,unknown,,,gh:akkudoktor-eos/eos
MKopt2019,academic,,,"gh:anl-ceeesa/unitcommitment.jl,gh:e2niee/pandapower,gh:matpower/matpower,gh:rwl/pypower"
MMajidi137,academic,sma,DEU,"gh:e2niee/pandapower,gh:lanl-ansi/powermodels.jl,gh:lanl-ansi/powermodelsannex.jl,gh:youngfaithful/capacityexpansion.jl"
MN-237,unknown,,,gh:akkudoktor-eos/eos
MOKRAB-ACHOUR,academic,university of bejaia,DZA,gh:susantoj/pypower-dynamics
MOrtner,unknown,,DEU,gh:akkudoktor-eos/eos
MPavicevic,research,argonne national laboratory,USA,"gh:critical-infrastructure-systems-lab/pownet,gh:energy-modelling-toolkit/dispa-set"
MRE-Code-Hub,industry,,,"gh:matpower/matpower,gh:natlabrockies/sam,gh:rwl/pypower"
MRossol,professional,crossnokaye,USA,"gh:natlabrockies/h2integrate,gh:natlabrockies/hopp,gh:natlabrockies/pysam,gh:natlabrockies/sam"
MV564,academic,iiunam,MEX,"gh:dynawo/dynawo,gh:openipsl/openipsl,gh:pnnl/exago"
MWang335,unknown,,,gh:upb-lea/electricgrid.jl
MaCe82,professional,redoehl.info,DEU,gh:akkudoktor-eos/eos
MaGering,academic,reiner lemoine institute,DEU,"gh:oemof/oemof-solph,gh:oemof/oemof-thermal,gh:rl-institut/multi-vector-simulator"
MaGermadnik,unknown,,,gh:akkudoktor-eos/eos
MaKla89,unknown,,,"gh:curent/andes,gh:ie3-institute/simona"
MaMcheema804,unknown,,,gh:natlabrockies/paraemt_public
MaREI-EPMG,unknown,,IRL,gh:etsap-times/times_model
MaZe3D,unknown,,SGP,gh:akkudoktor-eos/eos
Mac199,unknown,,,gh:curent/andes
MacchiatoMo,unknown,,,"gh:chrisyeh96/sustaingym,gh:e2niee/pandapower,gh:grid2op/grid2op,gh:matpower/matpower,gh:pypsa/pypsa,gh:rwl/pypower"
MadDogKeLevRa,unknown,,,gh:akkudoktor-eos/eos
MadMG,industry,tac gmbh,AUT,gh:akkudoktor-eos/eos
Maddimax,professional,qt-creator,DEU,gh:akkudoktor-eos/eos
Madhura_y,unknown,,,gl:dlr-ve/esy/remix/framework
Maggiexmq,academic,,,"gh:ancillaryservicesacquisitionmodel/asam,gh:drafproject/draf,gh:richard-weinhold/pomato"
MagicalWig34653,academic,,DEU,gh:akkudoktor-eos/eos
Magke,unknown,,,gh:akkudoktor-eos/eos
Mags97,unknown,,,gh:natlabrockies/paraemt_public
MagunRa,unknown,,,gh:akkudoktor-eos/eos
Maik1985,unknown,,,gh:akkudoktor-eos/eos
Mailisyorlik,academic,carbon direct,DEU,"gh:anl-ceeesa/unitcommitment.jl,gh:assume-framework/assume,gh:blue-marble/gridpath,gh:calliope-project/calliope,gh:critical-infrastructure-systems-lab/pownet,gh:energyinnovation/eps-us,gh:flexigis/flexigis,gh:genxproject/genx.jl,gh:grid-parity-exchange/egret,gh:leonardgoeke/anymod.jl,gh:macroenergy/macroenergy.jl,gh:natlabrockies/pras,gh:natlabrockies/pysam,gh:natlabrockies/reeds-2.0,gh:natlabrockies/reopt.jl,gh:niclasmattsson/supergrid,gh:nrel-sienna/powersimulations.jl,gh:nrel-sienna/powersystemsinvestments.jl,gh:osemosys/osemosys,gh:pencleanenergy/match-model,gh:pypsa/pypsa,gh:spine-tools/spineopt.jl,gh:switch-model/switch"
Majonima,unknown,,,gh:natlabrockies/reopt.jl
Makman2,unknown,,,"gh:akkudoktor-eos/eos,gh:curent/andes,gh:juliaenergy/powerdynamics.jl,gh:lanl-ansi/powermodels.jl,gh:nrel-sienna/powersimulations.jl"
MaltePetersen42,unknown,,,gh:oemof/oemof-solph
MaluNoPeleke,unknown,,DEU,gh:akkudoktor-eos/eos
ManOntheWindows,unknown,,,"gh:e2niee/pandapower,gh:oemof/oemof-solph,gh:richard-weinhold/pomato,gh:spine-tools/spineopt.jl"
ManWithA1000Names,unknown,,,"gh:juliaenergy/powerdynamics.jl,gh:nrel-sienna/powersimulationsdynamics.jl"
Manartech,unknown,,,gh:openipsl/openipsl
ManfredHerrmann,unknown,,,gh:akkudoktor-eos/eos
Mangaliso-M,unknown,,,gh:gridfm/gridfm-graphkit
Mangips,unknown,,,gh:energy-modelling-toolkit/dispa-set
Manish-Khanra,academic,fraunhofer institute for systems and innovation research isi,,gh:assume-framework/assume
Manni1000,unknown,,,gh:akkudoktor-eos/eos
Mansyursyah,industry,showroom indonesia,IDN,gh:akkudoktor-eos/eos
ManuelNvro,unknown,,,"gh:openipsl/openipsl,gh:sanpen/veragrid"
MarcDGitHub,unknown,,,"gh:behrangshirizadeh/eoles_elecres,gh:leonardgoeke/anymod.jl"
MarcFu,unknown,,,gh:akkudoktor-eos/eos
MarcTomasCruz,unknown,,,gh:akkudoktor-eos/eos
MarcoGiacomo,unknown,,,gh:natlabrockies/pysam
MarcoNavia,professional,"residence universitaire du sart tilman, chemin du trefle,b13",BEL,gh:energy-modelling-toolkit/dispa-set
MarcusHolly,unknown,,,gh:gmlc-dispatches/dispatches
MarechalJason,unknown,,,gh:antaressimulatorteam/antares_simulator
Mareeke,unknown,,,gh:akkudoktor-eos/eos
Mareldi,academic,stanford university,,gh:eiagov/bluesky
MariaIRubio,industry,,DEU,gh:gridoptics/gridpack
Marianne-Zeyringer,unknown,,,gh:highres-model/highres-europe
MarijaCve,unknown,,,"gh:calliope-project/calliope,gh:pypsa/pypsa"
MariusRumpf,unknown,,DEU,gh:akkudoktor-eos/eos
MarkSchmitt,industry,mercedes-benz tech innovation gmbh,DEU,gh:akkudoktor-eos/eos
Markus-de-Koster,academic,th koln,,"gh:calliope-project/calliope,gh:powergridmodel/power-grid-model"
MarkusKgit,industry,,DEU,"gh:akkudoktor-eos/eos,gh:e2niee/pandapower,gh:sanpen/veragrid"
Marllanita76,industry,man energy solutions,PHL,gh:akkudoktor-eos/eos
MartaVanin,academic,ku leuven - esat/electa,BEL,"gh:anl-ceeesa/unitcommitment.jl,gh:electa-git/flexplan.jl,gh:epri-dev/opender,gh:grid2op/grid2op,gh:juliaenergy/powerdynamics.jl,gh:lanl-ansi/powermodels.jl,gh:leonardgoeke/anymod.jl,gh:nrel-sienna/powersimulations.jl,gh:nrel-sienna/powersimulationsdynamics.jl,gh:powergridmodel/power-grid-model,gh:sanpen/veragrid"
Martin-Stach,professional,volkswagen-ag-sdc-hannover,DEU,gh:akkudoktor-eos/eos
Martin123453,unknown,,,gh:natlabrockies/paraemt_public
MartinBelthle,unknown,,,"gh:antaressimulatorteam/antares_simulator,gh:powsybl/pypowsybl"
MartinDienert,unknown,,DEU,gh:akkudoktor-eos/eos
MartinMelikMerkumians,unknown,,,gh:rwl/pypower
MartinRobinius,unknown,,,gh:fzj-iek3-vsa/fine
Martina4VJ,academic,xi'an jiaotong university,,gh:richard-weinhold/pomato
MartinsAwojide,unknown,,,gh:genxproject/genx.jl
MartyLTC,unknown,,,gh:erf-model/erf
MarvinLer,unknown,,,"gh:marvinler/pypownet,gh:rwl/pypower"
MarvinMeyer,unknown,,,gh:upb-lea/electricgrid.jl
Marwolaeth,government,rspectre communications agency,RUS,gh:juliaenergy/powerdynamics.jl
MasonBowen,unknown,,,gh:natlabrockies/pysam
Master144,unknown,,,gh:eiagov/bluesky
Mastomaki,industry,,FIN,gh:spine-tools/spineopt.jl
MathAdventurer,unknown,,,"gh:e2niee/pandapower,gh:lanl-ansi/powermodels.jl,gh:pypsa/pypsa,gh:rwl/pypower,gh:sanpen/veragrid"
Mathias157,academic,technical university of denmark,DNK,"gh:antaressimulatorteam/antares_simulator,gh:balmorelcommunity/balmorel,gh:spine-tools/spineopt.jl"
MathieuBrugeron,unknown,,,gh:roseautechnologies/roseau_load_flow
Mathnovchina,unknown,,,gh:energyscope/energyscope
Matrixeigs,academic,xi'an jiaotong university,CHN,"gh:curent/andes,gh:e2niee/pandapower,gh:matpower/matpower,gh:nrel-sienna/powersimulationsdynamics.jl"
Matt-Shields,unknown,,,gh:natlabrockies/coral
MattKotsenas,industry,microsoft,,gh:genxproject/genx.jl
MattPaine1,unknown,,,gh:epgoxford/open
MatteoMazzonelli,academic,ibm research,CHE,gh:gridfm/gridfm-graphkit
Matthew-Boyd,academic,national institute of standards and technology,,"gh:natlabrockies/h2integrate,gh:natlabrockies/hopp,gh:natlabrockies/pysam,gh:natlabrockies/sam"
MatthewSteen,research,national renewable energy laboratory,USA,gh:oemof/oemof-solph
Matthouzer,unknown,,PRT,gh:roseautechnologies/roseau_load_flow
MatzeBu,unknown,,,gh:akkudoktor-eos/eos
Mauricinho,unknown,,,"gh:calliope-project/calliope,gh:pypsa/pypsa"
MauricioSalazare,professional,enexis,NLD,"gh:grid2op/grid2op,gh:lanl-ansi/powermodels.jl,gh:powergridmodel/power-grid-model"
MauroLuzzatto,academic,epidemic sound,SWE,gh:calliope-project/calliope
Max-Kerpel,unknown,,,"gh:quintel/etengine,gh:quintel/etmodel,gh:quintel/pyetm"
MaxEngelke,unknown,,,gh:akkudoktor-eos/eos
MaxLindig,unknown,,,gh:akkudoktor-eos/eos
MaxRBosch,unknown,,,gh:emlab/emlab-generation
MaxSteen03,unknown,,,gh:zen-universe/zen-garden
MaxW1337,professional,gsh-lan e.v.,DEU,gh:akkudoktor-eos/eos
Maxhi77,unknown,,,gh:oemof/oemof-solph
MaxiJernej,unknown,,,gh:akkudoktor-eos/eos
MaxiKingXXL,unknown,,,gh:akkudoktor-eos/eos
MaximalCrazy,unknown,,DEU,gh:akkudoktor-eos/eos
MaximeBaudette,government,lawrence berkeley national laboratory,USA,gh:openipsl/openipsl
MaximilianJanetschek,unknown,,DEU,gh:akkudoktor-eos/eos
MaxwellDemonLin,academic,university of manchester,GBR,"gh:dynawo/dynawo,gh:juliaenergy/powerdynamics.jl,gh:nrel-sienna/powersimulationsdynamics.jl"
MaykThewessen,utility,treehouse energy,NLD,"gh:ancillaryservicesacquisitionmodel/asam,gh:calliope-project/calliope,gh:energy-modelling-toolkit/dispa-set,gh:oemof/oemof-solph,gh:pypsa/pypsa,gh:quintel/etmodel,gh:rebase-energy/enflow,gh:sanpen/veragrid"
Mazzol,unknown,,,gh:idaholab/hybrid
MdeMan74,unknown,,,gh:mesmo-dev/mesmo
MeMichael151,unknown,,,gh:akkudoktor-eos/eos
Medha208,unknown,,,gh:openipsl/openipsl
MedinavonLevetzow,unknown,,,gh:oemof/oemof-solph
MeiyeW,unknown,,,"gh:critical-infrastructure-systems-lab/pownet,gh:energy-modelling-toolkit/dispa-set"
Mendeln00,unknown,,,gh:akkudoktor-eos/eos
MerakChu,unknown,,,"gh:e2niee/pandapower,gh:matpower/matpower,gh:rwl/pypower"
MercuryYang,unknown,,,gh:matpower/most
MetLab-HKUST,academic,hong kong university of science and technology,HKG,gh:erf-model/erf
Mflyer-sys,unknown,,,gh:spine-tools/spineopt.jl
Mhelhareef,academic,alexandria university,EGY,gh:idaholab/hybrid
MiMaKes,unknown,,,gh:akkudoktor-eos/eos
Mia-XU,unknown,,,gh:adgefficiency/energy-py
MiaoXiYun,unknown,,,"gh:e2niee/pandapower,gh:rwl/pypower"
Micha-HGW,unknown,,,gh:akkudoktor-eos/eos
MichaMans,academic,rwth aachen university,DEU,gh:oemof/oemof-solph
Michael-Ringstrasse,unknown,,,gh:akkudoktor-eos/eos
Michael-ljn,academic,university of new south wales,AUS,"gh:adgefficiency/energy-py,gh:iiasa/message_ix,gh:pypsa/pypsa"
MichaelO-Connor,unknown,,,"gh:natlabrockies/pysam,gh:natlabrockies/sam"
Mickychen00,unknown,,,"gh:caaficus/bewhere-model,gh:calliope-project/calliope,gh:iiasa/message_ix,gh:pypsa/pypsa,gh:tum-ens/urbs"
MiguelLoureiro98,academic,,,"gh:drafproject/draf,gh:pypsa/pypsa"
MikaelAmelin,academic,kth royal institute of technology,SWE,gh:spine-tools/spineopt.jl
Mikalls,unknown,,,gh:richard-weinhold/pomato
MikeBild,industry,mike bild,DEU,gh:akkudoktor-eos/eos
MikeHunter76,unknown,,,gh:akkudoktor-eos/eos
MikeLimaSierra,unknown,,DEU,gh:akkudoktor-eos/eos
Mikykim,unknown,,,gh:andrewlyden/pylesa
Milas22,unknown,,,gh:akkudoktor-eos/eos
Milos-RTEi,industry,redstork solutions,SRB,gh:antaressimulatorteam/antares_simulator
MinHyeok-Kang,unknown,,,gh:rwl/pypower
MingzhiZhang,unknown,,,"gh:gh:adgefficiency/energy-py-linear,gh:anl-ceeesa/unitcommitment.jl,gh:blue-marble/gridpath,gh:curent/andes,gh:electa-git/flexplan.jl,gh:energy-modelling-toolkit/dispa-set,gh:epgoxford/open,gh:epri-dev/opender,gh:grid-parity-exchange/egret,gh:grid2op/grid2op,gh:juliaenergy/joulia.jl,gh:juliaenergy/powerdynamics.jl,gh:lanl-ansi/powermodels.jl,gh:leonardgoeke/anymod.jl,gh:marvinler/pypownet,gh:matpower/matpower,gh:mzy2240/esa,gh:natlabrockies/pras,gh:nlr-distribution-suite/erad,gh:nrel-sienna/powersimulations.jl,gh:oemof/oemof-solph,gh:openego/edisgo,gh:openego/ego,gh:pnnl/tesp,gh:pypsa/pypsa,gh:richard-weinhold/pomato,gh:rwl/pypower,gh:sanpen/veragrid"
Minkoley,unknown,,,gh:akkudoktor-eos/eos
MinxiongUtk,unknown,,,"gh:curent/andes,gh:natlabrockies/paraemt_public,gh:powergridmodel/power-grid-model"
MionZS,academic,ufpr,,"gh:mesmo-dev/mesmo,gh:mzy2240/esa"
Miraculix666,unknown,,,gh:akkudoktor-eos/eos
MircoTirloni,unknown,,,gh:natlabrockies/pysam
Misspilferer,unknown,,,"gh:assume-framework/assume,gh:e2niee/pandapower,gh:grid2op/grid2op,gh:pypsa/pypsa,gh:sanpen/veragrid,gh:soheilmohseni/pymicrogridcontrol"
Missydaydayup,unknown,,,"gh:akkudoktor-eos/eos,gh:mesmo-dev/mesmo"
Mkateko30,unknown,,,gh:akkudoktor-eos/eos
Mobbhans,unknown,,,gh:epgoxford/open
MobivdL,unknown,,,gh:tulipaenergy/tulipaenergymodel.jl
Mobot1c,unknown,,,gh:calliope-project/calliope
ModdyLP,industry,,DEU,gh:assume-framework/assume
ModelicaNexus,unknown,,,gh:openipsl/openipsl
MoezGH,unknown,,,gh:akkudoktor-eos/eos
MohElabbas,unknown,,,"gh:iit-energysystemmodels/opentepes,gh:onsset/onsset"
Mohamad-Mirzaei,academic,north carolina state university,USA,gh:temoaproject/temoa
MohamedAbuella,utility,https://github.com/mhdella,USA,"gh:adamgreenhall/minpower,gh:matpower/matpower"
MohamedNumair,academic,energyville/ ku leuven,BEL,"gh:chengts95/rustpower,gh:curent/andes,gh:e2niee/pandapower,gh:manuvarkey/gelectrical,gh:nrel-sienna/powersimulationsdynamics.jl,gh:nrel-sienna/powersystemsinvestments.jl,gh:sanpen/veragrid,gh:upb-lea/electricgrid.jl"
Mohamedmassaoudi,unknown,,,gh:curent/andes
MohammedKhrishi,industry,,USA,"gh:assume-framework/assume,gh:pypsa/pypsa"
Mohan-Lin,academic,hangzhou dianzi university; the hong kong polytechnic university,HKG,gh:curent/andes
MohdLotfi,unknown,,,gh:fzj-iek3-vsa/fine
MohseenTajik,academic,,IRN,gh:akkudoktor-eos/eos
Mohsen-Kalantar,unknown,,,"gh:e2niee/pandapower,gh:iit-energysystemmodels/opentepes,gh:lanl-ansi/powermodels.jl,gh:pypsa/pypsa,gh:rwl/pypower"
Moorviper,unknown,,DEU,gh:akkudoktor-eos/eos
MorningStarTM,professional,,LKA,gh:powergridmodel/power-grid-model
MortezaSh79,academic,niroo research institute,IRN,"gh:critical-infrastructure-systems-lab/pownet,gh:lanl-ansi/powermodels.jl,gh:pypsa/pypsa,gh:rwl/pypower"
MoryNajafi,unknown,,,"gh:curent/andes,gh:dynawo/dynawo,gh:e2niee/pandapower,gh:future-power-networks/simplus-grid-tool,gh:matpower/matpower,gh:natlabrockies/paraemt_public,gh:nrel-sienna/powersimulations.jl,gh:nrel-sienna/powersimulationsdynamics.jl,gh:powergridmodel/power-grid-model,gh:sogno-platform/dpsim,gh:villasframework/node"
Mosa94,academic,universita degli studi di genova,ITA,"gh:grid2op/chronix2grid,gh:matpower/matpower,gh:spine-tools/spineopt.jl"
MostafaELFEEL,academic,faculty of engineering ain shams university,,gh:akkudoktor-eos/eos
Mousa-Zerai,academic,university of edinburgh,GBR,"gh:e2niee/pandapower,gh:epgoxford/open,gh:flexigis/flexigis,gh:pypsa/pypsa"
Mozs666,unknown,,,gh:richard-weinhold/pomato
MrDotJ,academic,,,"gh:curent/andes,gh:e2niee/pandapower,gh:matpower/matpower,gh:pypsa/pypsa"
MrGoro,unknown,,DEU,gh:akkudoktor-eos/eos
MrLifestyle,unknown,,,gh:akkudoktor-eos/eos
MrMino,academic,nokia,POL,gh:assume-framework/assume
MrNobody334,unknown,,,gh:akkudoktor-eos/eos
Mrxia7757,academic,Hua Bei Dian Li Da Xue ,CHN,gh:genxproject/genx.jl
Mu-hello,professional,Hua Zhong Ke Ji Da Xue ,,"gh:calliope-project/calliope,gh:oemof/oemof-solph,gh:pypsa/pypsa"
MubiTec,unknown,,,gh:akkudoktor-eos/eos
Mulcek04,unknown,,,gh:oemof/oemof-solph
Musonda2day,unknown,,,"gh:antaressimulatorteam/antares_simulator,gh:e2niee/pandapower"
MxBlock,unknown,,,gh:akkudoktor-eos/eos
MxNbrt,industry,,,gh:akkudoktor-eos/eos
N0vlCe,unknown,,,gh:curent/andes
N3bukadnezar,unknown,,,gh:akkudoktor-eos/eos
NAYA001,unknown,,,gh:mbheinen/bpa-ipf-tsp
NBhatt25,academic,massachusetts institute of technology,USA,gh:genxproject/genx.jl
NEnglisch,unknown,,,gh:spine-tools/spineopt.jl
NG-ineer,academic,,DEU,gh:akkudoktor-eos/eos
NGL04,unknown,,,"gh:ie3-institute/powersystemdatamodel,gh:ie3-institute/simona"
NLaws,industry,,,"gh:genxproject/genx.jl,gh:natlabrockies/reopt.jl"
NLee-NREL,unknown,,,gh:calliope-project/calliope
NLeureka,unknown,,CHN,"gh:blue-marble/gridpath,gh:calliope-project/calliope,gh:critical-infrastructure-systems-lab/pownet,gh:energy-modelling-toolkit/dispa-set,gh:genxproject/genx.jl,gh:lanl-ansi/powermodels.jl,gh:natlabrockies/sam,gh:nrel-sienna/powersimulations.jl,gh:nrel-sienna/powersimulationsdynamics.jl,gh:osemosys/osemosys,gh:prep-next/prep-shot,gh:tum-ens/urbs,gh:vub-hydr/revub"
NMHH,unknown,,,gh:emlab/emlab-generation
NMcgrath,unknown,,,gh:energyinnovation/eps-us
NMoksnes,academic,,,"gh:onsset/onsset,gh:osemosys/osemosys"
NOCOEnergy,unknown,,GBR,gh:epgoxford/open
NREL-Sienna-clone,unknown,,,gh:sienna-platform/powersystemsinvestments.jl
NREL-clone,unknown,,,"gh:natlabrockies/coral,gh:natlabrockies/emerge,gh:natlabrockies/gear-scoup,gh:natlabrockies/h2integrate,gh:natlabrockies/hopp,gh:natlabrockies/hybridbosse,gh:natlabrockies/mafrit,gh:natlabrockies/paraemt_public,gh:natlabrockies/pras,gh:natlabrockies/pysam,gh:natlabrockies/reeds-2.0,gh:natlabrockies/reopt.jl,gh:natlabrockies/rodeo,gh:natlabrockies/sam,gh:natlabrockies/wpgnn,gh:nlr-distribution-suite/erad"
NRGnerd,unknown,,,gh:akkudoktor-eos/eos
NXUMWY,unknown,,,gh:energy-modelling-toolkit/dispa-set
Nabiil10,unknown,,,gh:roseautechnologies/roseau_load_flow
Nacadamia,professional,hensoldt ag,DEU,gh:akkudoktor-eos/eos
Nachtraven,industry,,BEL,gh:energyscope/energyscope
NadineLe,unknown,,,gh:rwl/pypower
Nailuj1,unknown,,,gh:akkudoktor-eos/eos
NaoPross,academic,,CHE,gh:powergridmodel/power-grid-model
Nareld,professional,neepu,,"gh:genxproject/genx.jl,gh:matpower/matpower,gh:oemof/oemof-solph,gh:rheia-framework/rheia"
Narmoril,academic,,DEU,gh:akkudoktor-eos/eos
Nasarski,unknown,,,gh:akkudoktor-eos/eos
Nasdero,unknown,,,gh:akkudoktor-eos/eos
NathWolf,academic,inria utfsm,,"gh:pielube/messpy,gh:powsybl/powsybl-open-loadflow"
NathandeMatos99,unknown,,,"gl:sesit/copper,gl:sesit/silver"
NathanielShields,unknown,,,gh:genxproject/genx.jl
NavidHaghdadi,academic,university of new south wales,AUS,gh:opencemorg/opencem
Navjot-Kaur-DA,unknown,,,gh:natlabrockies/pysam
NavpreetDevpuri,unknown,,,gh:natlabrockies/pysam
NavyZhao1978,unknown,,,gh:villasframework/node
Necardriver,unknown,,,gh:akkudoktor-eos/eos
Negnamazi,unknown,,,"gh:calliope-project/calliope,gh:pypsa/pypsa"
NekoYellow,academic,,,gh:curent/andes
NellyThae,unknown,,,gh:oemof/oemof-solph
NenadSteric,unknown,,,gh:akkudoktor-eos/eos
NeutrinoZeng,academic,south china university of technology,CHN,gh:antaressimulatorteam/antares_simulator
NiDingRte,unknown,,,gh:openipsl/openipsl
NicholasYe,utility,hitachi energy,SWE,"gh:curent/andes,gh:e2niee/pandapower,gh:natlabrockies/paraemt_public,gh:powergridmodel/power-grid-model,gh:pypsa/pypsa"
Nick-Maurer,academic,massachusetts institute of technology,USA,gh:genxproject/genx.jl
Nick777-Pixel,unknown,,,gh:akkudoktor-eos/eos
NickDGreg,unknown,,CHE,gh:calliope-project/calliope
NicoRenaud,academic,netherlands escience center,NLD,gh:powergridmodel/power-grid-model
NicolaL1,unknown,,,gh:zen-universe/zen-garden
NicolasGoeddel,professional,open*i,DEU,gh:akkudoktor-eos/eos
NicolasSalmieriScalian,unknown,,,gh:antaressimulatorteam/antares_simulator
Nidarshan619,professional,home,,gh:powergridmodel/power-grid-model
NieZhicong,unknown,,,"gh:critical-infrastructure-systems-lab/pownet,gh:rwl/pypower"
NiklasDenter,unknown,,,gh:calliope-project/calliope
NilsLudwig,unknown,,,gh:fzj-iek3-vsa/fine
Nistp,industry,,USA,gh:curent/andes
NoFrust,unknown,,,gh:akkudoktor-eos/eos
NoZTurn,unknown,,CHN,gh:pypsa/pypsa
Noecv,unknown,,,gh:roseautechnologies/roseau_load_flow
Noosys,unknown,,,"gh:adgefficiency/energy-py,gh:marvinler/pypownet"
NormannK,unknown,,,gh:akkudoktor-eos/eos
NorthLincoln,academic,nanjing university,CHN,"gh:lanl-ansi/powermodels.jl,gh:matpower/matpower,gh:rwl/pypower"
NupeAI,unknown,,,gh:eiagov/bluesky
Nyameri,industry,empowermentforwidows.org,KEN,gh:genxproject/genx.jl
OBee-One,unknown,,,gh:akkudoktor-eos/eos
OCISLY-ds,academic,,FRA,gh:akkudoktor-eos/eos
OESNES,utility,electric power research institute,,"gh:natlabrockies/emerge,gh:natlabrockies/reeds-2.0,gh:nlr-distribution-suite/erad,gh:rebase-energy/enflow"
ORNLJD,unknown,,,"gh:anl-ceeesa/unitcommitment.jl,gh:mesmo-dev/mesmo,gh:openipsl/openipsl"
Oarowolo11,academic,,NLD,"gh:natlabrockies/paraemt_public,gh:nrel-sienna/powersimulationsdynamics.jl"
OberMarco,unknown,,,"gh:gridfm/gridfm-graphkit,gh:rebase-energy/enflow"
Oberlandix,unknown,,,gh:akkudoktor-eos/eos
Octopus425,unknown,,,gh:erf-model/erf
Odi55555,unknown,,DEU,gh:akkudoktor-eos/eos
OfficialCodexplosive,professional,forschungszentrum julich,DEU,gh:fzj-iek3-vsa/fine
Ogaday,unknown,,,"gh:adgefficiency/energy-py,gh:oemof/oemof-solph"
OksanaRazladova,academic,,DEU,gh:oemof/oemof-solph
OladejoAkinniyi,unknown,,,gh:temoaproject/temoa
OldFlashiii,unknown,,,gh:lanl-ansi/powermodelsannex.jl
Ole089,unknown,,,gh:assume-framework/assume
Olexandr88,unknown,,UKR,gh:natlabrockies/hopp
OliOssi,unknown,,,gh:akkudoktor-eos/eos
Oliman70,unknown,,,gh:akkudoktor-eos/eos
OliverLinsel,unknown,,,gh:spine-tools/spineopt.jl
OliverSchw,unknown,,,gh:upb-lea/electricgrid.jl
OlivierPlantet,unknown,,,"gh:e2niee/pandapower,gh:pypsa/pypsa,gh:rwl/pypower"
Omar-Usmani,utility,tno,,"gh:spine-tools/spineopt.jl,gh:tulipaenergy/tulipaenergymodel.jl"
Omni-Engineering,industry,omni-engineering,,gh:genxproject/genx.jl
Ongin,unknown,,DEU,"gh:oemof/oemof-solph,gh:osemosys/osemosys"
Openhuman2,unknown,,,gh:akkudoktor-eos/eos
OptimalNothing90,unknown,,,gh:akkudoktor-eos/eos
OptimusT,unknown,,,"gh:e2niee/pandapower,gh:matpower/matpower,gh:rwl/pypower,gh:sanpen/veragrid"
Orestos,unknown,,,gh:akkudoktor-eos/eos
Orfmann,unknown,,,gh:akkudoktor-eos/eos
Orienfish,academic,"university of california, merced",USA,gh:e3-/resolve
OriolRaventos,unknown,,,"gh:pypsa/pypsa,gh:rwl/pypower"
Orko79,unknown,,DEU,gh:akkudoktor-eos/eos
OsakiTetsuya,unknown,,,"gh:gh:adgefficiency/energy-py-linear,gh:etsap-times/times_model"
Osamah-Almushreqi,unknown,,,gh:oemof/oemof-solph
OsiAlh,unknown,,,gh:assume-framework/assume
OskarVagero,academic,university of oslo,NOR,gh:highres-model/highres-europe
Oussema-ben-h,unknown,,,gh:villasframework/node
Ouyang-maxzx,unknown,,,"gh:ancillaryservicesacquisitionmodel/asam,gh:e2niee/pandapower,gh:frkunz/stelmod,gh:grid2op/grid2op,gh:mesmo-dev/mesmo,gh:richard-weinhold/pomato"
Owen-By,unknown,,,gh:fzj-iek3-vsa/fine
PBehr,unknown,,BHS,gh:akkudoktor-eos/eos
PCBhagwat,unknown,,,gh:emlab/emlab-generation
PFMcGonagle,unknown,,,gh:pencleanenergy/match-model
PGDataHome,unknown,,,gh:energysystemsmodellinglab/muse_os
PIC-Lab,academic,,,"gh:natlabrockies/paraemt_public,gh:sanpen/veragrid"
POLIMI2021,unknown,,,gh:onsset/onsset
PPlessiez,unknown,,,gh:antaressimulatorteam/antares_simulator
PRemmen,professional,heatbeat,DEU,gh:oemof/oemof-solph
PSeros,unknown,,,gh:fzj-iek3-vsa/fine
PSi86,unknown,,,gh:akkudoktor-eos/eos
PV1IT1,unknown,,,gh:emlab/emlab-generation
PYEONYOONKOOK,industry,"cubedm co., ltd.",,gh:energyinnovation/eps-us
Paauls,unknown,,,gh:zen-universe/zen-garden
Pablohn26,industry,,,"gh:akkudoktor-eos/eos,gh:pypsa/pypsa,gh:sanpen/veragrid"
Paeloy,unknown,,,gh:energyscope/energyscope
PainAshura,academic,chongqing university of posts and telecommunications,CHN,gh:derrickoswald/cimapplication
PanZhanhua,unknown,,,"gh:adamgreenhall/minpower,gh:anl-ceeesa/unitcommitment.jl,gh:antaressimulatorteam/antares_simulator,gh:grid-parity-exchange/egret,gh:lanl-ansi/powermodels.jl,gh:nrel-sienna/powersimulations.jl,gh:richard-weinhold/pomato,gh:unsw-ceem/nempy"
Panda-Shawn,academic,national university of singapore,SGP,"gh:e2niee/pandapower,gh:grid2op/grid2op,gh:matpower/matpower,gh:rwl/pypower"
Panshoda,unknown,,,gh:roseautechnologies/roseau_load_flow
Paperbird-Bei,unknown,,,"gh:ahalev/python-microgrid,gh:e2niee/pandapower,gh:marvinler/pypownet,gh:oemof/oemof-solph,gh:pypsa/pypsa"
Paquito86,unknown,,ESP,gh:idaholab/hybrid
Parth-Vachhani,academic,,,gh:oemof/oemof-solph
ParticularlyPythonicBS,professional,temoaproject,USA,"gh:eiagov/bluesky,gh:temoaproject/temoa"
Paseka-hub,unknown,,,gh:andrewlyden/pylesa
PasquinoFI,professional,enyr and cebase,ITA,gh:pielube/messpy
Patrick-Fischer-EU,academic,,DEU,gh:rwl/pypower
Patrick-Power-Saver,unknown,,,"gh:rwl/pypower,gh:sanpen/veragrid,gh:tum-ens/urbs"
PatrickGoettsch,academic,tuhh ics,DEU,gh:akkudoktor-eos/eos
PatwaUmang,unknown,,,gh:temoaproject/temoa
PaulMichiels01,unknown,,,gh:energyscope/energyscope
PaulSchulz,professional,mawsonlakes.org,AUS,"gh:matpower/matpower,gh:powergridmodel/power-grid-model"
PaulTalbot-INL,government,idaho national laboratory,USA,"gh:gmlc-dispatches/dispatches,gh:idaholab/heron,gh:idaholab/hybrid"
Pavanchandra22,unknown,,,gh:natlabrockies/reopt_api
PavelDergachev,unknown,,,"gh:nrel-sienna/powersimulations.jl,gh:nrel-sienna/powersimulationsdynamics.jl,gh:spine-tools/spineopt.jl,gh:tulipaenergy/tulipaenergymodel.jl"
Payne1992,unknown,,,gh:curent/andes
Peak-Energy,utility,,USA,gh:genxproject/genx.jl
Pent,industry,,,gh:natlabrockies/emerge
Peque,unknown,,ESP,"gh:natlabrockies/pysam,gh:natlabrockies/sam"
PerVenn,professional,vtt,FIN,gh:spine-tools/spineopt.jl
Pers1mm0n,unknown,,,gh:rwl/pypower
PeteHassio,unknown,,,gh:akkudoktor-eos/eos
PeterCalifano,academic,politecnico di milano - dart lab,ITA,gh:andrewlyden/pylesa
Petr365,unknown,,,"gh:antaressimulatorteam/antares_simulator,gh:calliope-project/calliope,gh:spine-tools/spineopt.jl"
Phantom8877000,unknown,,,gh:akkudoktor-eos/eos
PhilJaro,unknown,,,gh:akkudoktor-eos/eos
Philipp-Gradl,unknown,,,gh:oemof/oemof-solph
Philipp01105,industry,,DEU,gh:akkudoktor-eos/eos
PhilippBordne,unknown,,,gh:andrewlyden/pylesa
PhilippJa,unknown,,,gh:oemof/oemof-solph
PhilippSchmelter,academic,ie3-institute,,"gh:ie3-institute/powersystemdatamodel,gh:ie3-institute/simona"
Philly-B,unknown,,DEU,gh:akkudoktor-eos/eos
Photographix,unknown,,,gh:akkudoktor-eos/eos
Pingping1997,academic,tu wien,AUT,"gh:etsap-times/times_model,gh:genxproject/genx.jl,gh:iee-tugraz/lego,gh:iiasa/message_ix,gh:iit-energysystemmodels/opensduc,gh:iit-energysystemmodels/opentepes,gh:inwe-boku/medea,gh:lanl-ansi/powermodels.jl,gh:leonardgoeke/anymod.jl,gh:macroenergy/macroenergy.jl,gh:natlabrockies/reeds-2.0,gh:nrel-sienna/powersimulations.jl,gh:oemof/oemof-solph,gh:pypsa/pypsa,gh:spine-tools/spineopt.jl,gh:tulipaenergy/tulipaenergymodel.jl,gh:youngfaithful/capacityexpansion.jl,gh:zen-universe/zen-garden"
PirminHndlg,unknown,,,gh:akkudoktor-eos/eos
Plunry,unknown,,,gh:akkudoktor-eos/eos
Plusero,professional,alliander,NLD,"gh:matpower/matpower,gh:powergridmodel/power-grid-model,gh:pypsa/pypsa,gh:rwl/pypower"
PoorBoltzmann,unknown,,,gh:akkudoktor-eos/eos
Popoboxxo,unknown,,DEU,gh:akkudoktor-eos/eos
Posiitron,unknown,,,gh:akkudoktor-eos/eos
PoulinAlain,unknown,,,gh:gridfm/gridfm-graphkit
PouyaJigsaw,unknown,,CAN,gh:curent/andes
PowerSun,professional,nari,,gh:natlabrockies/paraemt_public
PowerSym,unknown,,,"gh:mbheinen/bpa-ipf-tsp,gh:nreca-bts/omf,gh:thales1330/psp"
PowerXLab,unknown,,,"gh:changgang/steps,gh:curent/andes,gh:mbheinen/bpa-ipf-tsp,gh:mzy2240/esa"
PowerXTools,unknown,,,"gh:changgang/steps,gh:mbheinen/bpa-ipf-tsp"
Pprkut-Coding,unknown,,FRA,"gh:calliope-project/calliope,gh:tum-ens/urbs"
PrabhudevKP,unknown,,,gh:akkudoktor-eos/eos
Pranav0897,unknown,,USA,gh:rwl/pypower
Prashantgrid,unknown,,,"gh:e2niee/pandapower,gh:mesmo-dev/mesmo"
PrathamLalwani,unknown,,,gh:erf-model/erf
Prince5867,academic,,,gh:gridfm/gridfm-graphkit
Prismearch,unknown,,,gh:antaressimulatorteam/antares_simulator
PriyeshGosai,industry,pas automation | innovate for impact,GBR,"gh:ancillaryservicesacquisitionmodel/asam,gh:andrewlyden/pylesa,gh:assume-framework/assume,gh:energysystemsmodellinglab/muse_os,gh:grid2op/grid2op,gh:kiedanski/pymarket,gh:matpower/most,gh:pypsa/pypsa,gh:rebase-energy/enflow,gh:richard-weinhold/pomato,gh:sogno-platform/pymfm"
Prvnkmr130,unknown,,,"gh:energy-modelling-toolkit/dispa-set,gh:nrel-sienna/powersimulations.jl,gh:spine-tools/spineopt.jl"
Puneetha-Ramachandra,industry,,,gh:villasframework/node
PyWarnFixerRepos,unknown,,,gh:calliope-project/calliope
Pyosch,academic,,DEU,"gh:adgefficiency/energy-py,gh:curent/andes,gh:leonardgoeke/anymod.jl,gh:oemof/oemof-solph,gh:oemof/oemof-thermal"
Python3pkg,unknown,,,"gh:rwl/pypower,gh:sanpen/veragrid,gh:susantoj/pypower-dynamics"
Q8Mona,academic,"university college london, university of london",GBR,gh:etsap-times/times_model
QHXCoder2017,academic,university of chang'an,CHN,gh:akkudoktor-eos/eos
QY-Shi,unknown,,,"gh:changgang/steps,gh:chengts95/rustpower,gh:future-power-networks/simplus-grid-tool,gh:natlabrockies/paraemt_public"
Qdigital,industry,quantum blockchain ai,,gh:natlabrockies/reopt_api
Qiuchumo,academic,hunan university,CHN,gh:natlabrockies/paraemt_public
Qixin913,unknown,,,"gh:matpower/matpower,gh:pencleanenergy/match-model"
QuentinPletinckx,unknown,,,gh:calliope-project/calliope
Quinlan-mldl,academic,beijing jiaotong university,CHN,"gh:adgefficiency/energy-py,gh:critical-infrastructure-systems-lab/pownet,gh:grid2op/grid2op,gh:mesmo-dev/mesmo,gh:pypsa/pypsa"
R-Rosenow,unknown,,,gh:akkudoktor-eos/eos
R33B,unknown,,,gh:oemof/oemof-solph
R4mcy,unknown,,,gh:oemof/oemof-solph
RBetoGT,unknown,,,"gh:akkudoktor-eos/eos,gh:natlabrockies/h2integrate,gh:natlabrockies/pysam,gh:natlabrockies/reeds-2.0,gh:natlabrockies/reopt.jl,gh:natlabrockies/sam,gh:nlr-distribution-suite/erad"
RD-OTH,unknown,,,gh:oemof/oemof-solph
RFARREY,unknown,,,"gh:adgefficiency/energy-py,gh:epgoxford/open,gh:fzj-iek3-vsa/fine"
RGrabichler,unknown,,,gh:akkudoktor-eos/eos
RHammond2,research,national renewable energy laboratory,USA,"gh:natlabrockies/coral,gh:natlabrockies/h2integrate,gh:natlabrockies/hopp"
RJ-Tepsco,unknown,,,gh:etsap-times/times_model
RJ9353,unknown,,,gh:openipsl/openipsl
RKP64,unknown,,,gh:akkudoktor-eos/eos
RL4Grid,unknown,,,gh:openipsl/openipsl
RMI,industry,,USA,"gh:natlabrockies/h2integrate,gh:natlabrockies/pras,gh:natlabrockies/pysam,gh:natlabrockies/reeds-2.0,gh:natlabrockies/reopt.jl,gh:natlabrockies/sam,gh:nrel-sienna/powersimulations.jl,gh:nrel-sienna/powersimulationsdynamics.jl,gh:nrel-sienna/powersystemsinvestments.jl"
RPBatchelor,unknown,,,"gh:bje-/nemo,gh:genxproject/genx.jl,gh:natlabrockies/pysam,gh:optimal2050/energyrt"
RST3036,unknown,,,"gh:natlabrockies/h2integrate,gh:natlabrockies/hopp,gh:natlabrockies/pysam"
RZRANN001,academic,university of cape town,ZAF,gh:irena-flextool/flextool
Rabscuttler,professional,furbnow,GBR,"gh:adgefficiency/energy-py,gh:calliope-project/calliope,gh:lkruitwagen/global-fossil-fuel-supply-chain,gh:pypsa/pypsa"
RadoslavaS,unknown,,CHE,gh:assume-framework/assume
Raeschart,unknown,,,gh:oemof/oemof-solph
Ragilo,unknown,,,gh:akkudoktor-eos/eos
Rahim912,unknown,,,gh:akkudoktor-eos/eos
RahmanKhorramfar91,academic,massachusetts institute of technology,GBR,"gh:genxproject/genx.jl,gh:rahmankhorramfar91/jpong"
RaidLeader,academic,tsinghua university,,"gh:etsap-times/times_model,gh:osemosys/osemosys"
RaindyChen,academic,eindhoven university of technology (tu/e),NLD,gh:powergridmodel/power-grid-model
RainerGaier,utility,,ZAF,gh:oemof/oemof-solph
Rajdeep1311,industry,imesh inc,IND,gh:ie3-institute/simona
Ralf54321,unknown,,,gh:akkudoktor-eos/eos
Ramdan42,unknown,,,gh:natlabrockies/reopt_api
RaphaelCaire,academic,grenoble institut polytechnique,FRA,gh:roseautechnologies/roseau_load_flow
RaptorSDS,unknown,,,gh:akkudoktor-eos/eos
Rapunzal7,unknown,,,gh:oemof/oemof-solph
RastiGiG,academic,,,gh:akkudoktor-eos/eos
Raudi1,unknown,,,gh:akkudoktor-eos/eos
Raul-Ciria-Aylagas,academic,cener,ESP,gh:oemof/oemof-solph
Raverman,unknown,,,gh:akkudoktor-eos/eos
Ray1ey6,academic,zhejiang university,CHN,gh:rwl/pypower
RayRojasCandia,unknown,,,gh:energy-modelling-toolkit/dispa-set
Rayerdyne,unknown,,,gh:energy-modelling-toolkit/dispa-set
Razhiel82,unknown,,,gh:akkudoktor-eos/eos
Realife-Brahmin,academic,washington state university,USA,"gh:curent/andes,gh:dss-extensions/dss_capi,gh:lanl-ansi/powermodels.jl,gh:lanl-ansi/powermodelsannex.jl,gh:matpower/matpower,gh:natlabrockies/paraemt_public,gh:nrel-sienna/powersimulations.jl,gh:nrel-sienna/powersimulationsdynamics.jl,gh:pnnl/exago,gh:pypsa/pypsa,gh:rwl/pypower,gh:upb-lea/electricgrid.jl"
RebekkaFort,unknown,,DEU,gh:oemof/oemof-solph
RedDaveNY,unknown,,,gh:akkudoktor-eos/eos
Redbricck,unknown,,,gh:curent/andes
Redkinof,unknown,,,gh:akkudoktor-eos/eos
Reen,unknown,,DEU,gh:akkudoktor-eos/eos
ReginaldSourn,industry,,KHM,gh:akkudoktor-eos/eos
Regis-Delubac,unknown,,,gh:spine-tools/spineopt.jl
Regis111,unknown,,,gh:oemof/oemof-solph
ReinhildeDhulst,unknown,,,gh:electa-git/flexplan.jl
Relojuca,unknown,,,"gh:fzj-iek3-vsa/fine,gh:natlabrockies/pysam,gh:tulipaenergy/tulipaenergymodel.jl"
RembrandtKoppelaar,academic,imperial college london,GBR,gh:emlab/emlab-generation
RemiPenarreta,academic,carleton university,CAN,"gh:genxproject/genx.jl,gh:lanl-ansi/powermodels.jl"
RenatusRo,unknown,,,gh:akkudoktor-eos/eos
Rene1695,industry,,,gh:akkudoktor-eos/eos
ReplicantArmy,professional,stockfilm.com,MEX,gh:akkudoktor-eos/eos
ResourceMatters,unknown,,BEL,"gh:onsset/onsset,gh:osemosys/osemosys"
RevAngel7,unknown,,,gh:akkudoktor-eos/eos
RevoPrinting,unknown,,,gh:roseautechnologies/roseau_load_flow
ReyhanePouraboli,unknown,,,gh:soheilmohseni/pymicrogridcontrol
RezaDeu,unknown,,,gh:fabmid/open-energy-cell-simulation
Reznov,unknown,,,gh:akkudoktor-eos/eos
Rezoran,unknown,,,gh:akkudoktor-eos/eos
Riccardo-sus,unknown,,,gh:temoaproject/temoa
RichChang963,professional,agora energiewende,DEU,"gh:e2niee/pandapower,gh:energy-modelling-toolkit/dispa-set,gh:energyinnovation/eps-us,gh:energysystemsmodellinglab/muse_os,gh:flexigis/flexigis,gh:genxproject/genx.jl,gh:juliaenergy/powerdynamics.jl,gh:natlabrockies/pras,gh:osemosys/osemosys,gh:powergridmodel/power-grid-model,gh:pypsa/pypsa,gh:sanpen/veragrid"
RichriD,unknown,,,"gh:bje-/nemo,gh:richard-weinhold/pomato,gh:rwl/pypower"
Rick10119,academic,"mae, princeton university",USA,"gh:genxproject/genx.jl,gh:macroenergy/macroenergy.jl,gh:pypsa/pypsa"
Rics-Dev,academic,,DZA,gh:roseautechnologies/roseau_load_flow
Rikorose,unknown,,,gh:akkudoktor-eos/eos
Riofd,unknown,,,"gh:curent/andes,gh:e2niee/pandapower,gh:pypsa/pypsa,gh:sanpen/veragrid"
Riprock,industry,,NLD,gh:akkudoktor-eos/eos
RishabhUVic,unknown,,,gl:sesit/idea
RishiKumarRay,academic,,,gh:ie3-institute/simona
RiteshKarki27,unknown,,,gh:villasframework/node
Ritvikj8,unknown,,,gh:e3-/resolve
RivalSid,unknown,,,gh:roseautechnologies/roseau_load_flow
RivicVisuals,unknown,,,gh:akkudoktor-eos/eos
RoMaTiX99,unknown,,DEU,gh:akkudoktor-eos/eos
RobFitzgeraldERM,unknown,,,gh:genxproject/genx.jl
Robbe64,unknown,,DEU,gh:akkudoktor-eos/eos
RobbeSneyders,industry,ml6team,BEL,gh:assume-framework/assume
Robbepop,industry,,DEU,gh:akkudoktor-eos/eos
Robbin1998s,unknown,,,"gh:oemof/oemof-solph,gh:pypsa/pypsa"
Robert-Schimanek,industry,,,gh:akkudoktor-eos/eos
RobertEN,unknown,,,gh:emlab/emlab-generation
RobertGaugl,academic,graz university of technology,AUT,gh:iee-tugraz/lego
RobertGrusz,unknown,,,gh:eiagov/bluesky
RobertHHeinis,unknown,,,gh:akkudoktor-eos/eos
RobertHerter,industry,schraml gmbh,DEU,gh:akkudoktor-eos/eos
RobertNewton-Nomura,professional,panicle office,,gh:oemof/oemof-solph
RobertSquirrel,unknown,,,"gh:balmorelcommunity/balmorel,gh:critical-infrastructure-systems-lab/pownet,gh:curent/andes,gh:future-power-networks/simplus-grid-tool"
RobertaToaldo,unknown,,,gh:susantoj/pypower-dynamics
Roberto-XY,professional,sonnen,DEU,gh:akkudoktor-eos/eos
Robinlovelace,academic,university of leeds,GBR,"gh:natlabrockies/sam,gh:oemof/oemof-solph"
RobinsonBeaucour,professional,cea,,"gh:grid2op/grid2op,gh:oemof/oemof-solph,gh:pypsa/pypsa"
Robson-Passos,academic,federal university of itajuba,BRA,gh:erf-model/erf
RohithRoshanMurali,academic,,IND,gh:fzj-iek3-vsa/fine
RolandWiebe,unknown,,DEU,gh:akkudoktor-eos/eos
RomainPuech,academic,massachusetts institute of technology,FRA,gh:gridfm/gridfm-graphkit
Romainbnd,unknown,,,"gh:grid2op/grid2op,gh:gridfm/gridfm-graphkit"
RomanBurhenne,unknown,,,gh:tum-ens/rivus
Roofy-Code,unknown,,,gh:oemof/oemof-solph
RookieRQ,academic,delft university of technology,NLD,"gh:calliope-project/calliope,gh:tulipaenergy/tulipaenergymodel.jl"
Roothn,unknown,,,"gh:e2niee/pandapower,gh:matpower/matpower,gh:rwl/pypower"
RosaEinhorn,unknown,,,gh:akkudoktor-eos/eos
RowanPeng,unknown,,,gh:spine-tools/spineopt.jl
RoyAalekh,academic,mendriainc,IND,"gh:grid2op/grid2op,gh:natlabrockies/emerge,gh:pypsa/pypsa,gh:rebase-energy/enflow"
RuaridhMacd,academic,massachusetts institute of technology,USA,"gh:assume-framework/assume,gh:eiagov/bluesky,gh:genxproject/genx.jl,gh:macroenergy/macroenergy.jl,gh:temoaproject/temoa"
Rucksack94,unknown,,,gh:genxproject/genx.jl
RuiLiu-alice,unknown,,,"gh:grid2op/grid2op,gh:rwl/pypower"
RuilongWang1215,unknown,,,gh:spine-tools/spineopt.jl
Runnda,unknown,,,gh:mesmo-dev/mesmo
RyanVaughan,unknown,,,gh:curent/andes
Ryoji-Hiwatari,unknown,,,gh:genxproject/genx.jl
Ryvious,unknown,,DEU,gh:akkudoktor-eos/eos
RyzeNGrind,industry,das-grp,CAN,gh:akkudoktor-eos/eos
SDDKKK,academic,chongqing university,CHN,"gh:e2niee/pandapower,gh:lanl-ansi/powermodels.jl,gh:matpower/matpower,gh:pypsa/pypsa,gh:rwl/pypower"
SDY-selflearning,unknown,,,gh:richard-weinhold/pomato
SEforALL-IEAP,utility,,AUT,gh:onsset/onsset
SFlashYang,financial,,,"gh:idaholab/hybrid,gh:rwl/pypower"
SIDNEYHJ,unknown,,,"gh:akkudoktor-eos/eos,gh:calliope-project/calliope,gh:critical-infrastructure-systems-lab/pownet"
SJZHZ,academic,ucr,CHN,gh:gridfm/gridfm-graphkit
SKalt,professional,derapi,USA,"gh:epri-dev/opender,gh:grid2op/grid2op,gh:pypsa/pypsa,gh:rwl/pypower"
SLiemann,academic,tu dortmund ie3,DEU,gh:juliaenergy/powerdynamics.jl
SNPerkin,unknown,,,"gh:matpower/matpower,gh:rwl/pypower"
SPA75,unknown,,,gh:spf-ost/optihood
SREbuilt,unknown,,,gh:akkudoktor-eos/eos
SShiels,unknown,,,gh:etsap-times/times_model
STELIORD,unknown,,,gh:openipsl/openipsl
SYAO002,academic,nanyang technological university,SGP,gh:adgefficiency/energy-py
Saadmoeen,unknown,,,"gh:oemof/oemof-solph,gh:osemosys/osemosys"
SabineAuer,unknown,,,"gh:e2niee/pandapower,gh:juliaenergy/powerdynamics.jl,gh:lanl-ansi/powermodels.jl"
SabineHaas,academic,reiner lemoine institute,DEU,"gh:oemof/oemof-solph,gh:oemof/oemof-thermal,gh:rl-institut/multi-vector-simulator"
SaebaHuang,academic,sun yat-sen university,CHN,gh:rwl/pypower
Saelyos,unknown,,,gh:roseautechnologies/roseau_load_flow
SagXD,academic,,,gh:akkudoktor-eos/eos
Sagar-Karki,unknown,,,gh:natlabrockies/pysam
SaidChihabi,professional,said chihabi,DEU,gh:akkudoktor-eos/eos
SaimaAlamOSU,unknown,,,gh:curent/andes
Salancelot,unknown,,CHN,"gh:genxproject/genx.jl,gh:grid-parity-exchange/egret,gh:oemof/oemof-solph"
SallyIsMyGuitar,unknown,,,gh:akkudoktor-eos/eos
SamLue,unknown,,,gh:akkudoktor-eos/eos
SamR1,unknown,,,gh:oemof/oemof-solph
Samaneh-heidari,unknown,,NLD,gh:powergridmodel/power-grid-model
SamuelAdmasie,unknown,,,gh:matpower/most
SanPen,academic,eroots,ESP,"gh:adamgreenhall/minpower,gh:calliope-project/calliope,gh:curent/andes,gh:e2niee/pandapower,gh:electa-git/flexplan.jl,gh:energy-modelling-toolkit/dispa-set,gh:grid-parity-exchange/egret,gh:grid2op/grid2op,gh:iit-energysystemmodels/opentepes,gh:manuvarkey/gelectrical,gh:matpower/matpower,gh:mbheinen/bpa-ipf-tsp,gh:natlabrockies/paraemt_public,gh:nrel-sienna/powersimulationsdynamics.jl,gh:powergridmodel/power-grid-model,gh:powsybl/powsybl-core,gh:rwl/pypower,gh:sanpen/veragrid,gh:susantoj/pypower-dynamics,gh:switch-model/switch,gh:thales1330/psp,gh:tum-ens/urbs"
Sanblom,unknown,,,gh:tulipaenergy/tulipaenergymodel.jl
Sandalots,unknown,,,"gh:ait-energy/iesopt.jl,gh:akkudoktor-eos/eos,gh:genxproject/genx.jl,gh:gmlc-dispatches/dispatches,gh:iit-energysystemmodels/opensduc,gh:irena-flextool/flextool,gh:natlabrockies/reopt.jl,gh:spine-tools/spineopt.jl,gh:villasframework/node"
Sander3003,professional,alliander n.v.,NLD,"gh:flexiblepower/powermatcher,gh:powergridmodel/power-grid-model,gh:powsybl/powsybl-core"
SanderNielen,academic,"cml, leiden university",NLD,gh:oemof/oemof-solph
Sangbleuu,unknown,,,gh:natlabrockies/hopp
SaniSafiyanu,industry,,DEU,"gh:pypsa/pypsa,gh:tum-ewk/ficus"
SanielDous,industry,inform gmbh,DEU,gh:akkudoktor-eos/eos
Sanloremi,unknown,,,gh:emlab/emlab-generation
SantoRyuk22,unknown,,,gh:fzj-iek3-vsa/fine
Sarah-Creasman,unknown,,,gh:idaholab/hybrid
Sarilein,unknown,,,gh:assume-framework/assume
SarojKhanal,academic,,,"gh:antaressimulatorteam/antares_simulator,gh:blue-marble/gridpath,gh:breakthrough-energy/reise.jl,gh:e2niee/pandapower,gh:eiagov/bluesky,gh:esmap-world-bank-group/epm,gh:etsap-times/times_model,gh:genxproject/genx.jl,gh:grid-parity-exchange/egret,gh:juliaenergy/powerdynamics.jl,gh:lanl-ansi/powermodels.jl,gh:leonardgoeke/anymod.jl,gh:macroenergy/macroenergy.jl,gh:matpower/matpower,gh:matpower/most,gh:natlabrockies/paraemt_public,gh:natlabrockies/pras,gh:natlabrockies/reeds-2.0,gh:natlabrockies/sam,gh:nrel-sienna/powersimulations.jl,gh:osemosys/osemosys,gh:pypsa/pypsa,gh:spine-tools/spineopt.jl,gh:switch-model/switch,gh:temoaproject/temoa,gh:tum-ens/urbs,gh:zen-universe/zen-garden"
SarthakJariwala,utility,swift solar,USA,"gh:natlabrockies/pysam,gh:natlabrockies/sam"
SaschaKK,unknown,,,gh:akkudoktor-eos/eos
Sattama-D,unknown,,,gh:powergridmodel/power-grid-model
SaulehAU,unknown,,,gh:eiagov/bluesky
Sawarna7,unknown,,,gh:etsap-times/times_model
Scarbous,industry,netlogix gmbh & co. kg,DEU,gh:akkudoktor-eos/eos
SchaafAlexander,unknown,,,gh:akkudoktor-eos/eos
Schlegen,unknown,,,"gh:antaressimulatorteam/antares_simulator,gh:macroenergy/macroenergy.jl,gh:powsybl/powsybl-core"
Schm1tz1,professional,confluent,DEU,gh:akkudoktor-eos/eos
SchmidtJuergen,unknown,,,gh:akkudoktor-eos/eos
Schnurbi,unknown,,,gh:akkudoktor-eos/eos
ScholzDaniel1985,unknown,,,gh:assume-framework/assume
Schwombl,unknown,,,gh:akkudoktor-eos/eos
Sciemon,academic,fraunhofer iee,DEU,"gh:antaressimulatorteam/antares_simulator,gh:curent/andes,gh:dynawo/dynawo,gh:e2niee/pandapower,gh:juliaenergy/powerdynamics.jl,gh:lanl-ansi/powermodels.jl,gh:nrel-sienna/powersimulations.jl,gh:nrel-sienna/powersimulationsdynamics.jl,gh:openipsl/openipsl,gh:powergridmodel/power-grid-model,gh:powsybl/pypowsybl,gh:sanpen/veragrid,gh:sogno-platform/dpsim,gh:upb-lea/electricgrid.jl"
Scorpio-y,unknown,,CHN,gh:adgefficiency/energy-py
ScoutAtlas,unknown,,DEU,gh:gridfm/gridfm-graphkit
Scratcher48,unknown,,,gh:akkudoktor-eos/eos
ScrewThisBanana,unknown,,,gh:akkudoktor-eos/eos
ScumbagSteve,unknown,,,gh:akkudoktor-eos/eos
SeanByrne08,unknown,,,gh:spine-tools/spineopt.jl
SeanHouCN,unknown,,,"gh:calliope-project/calliope,gh:future-power-networks/simplus-grid-tool,gh:matpower/most,gh:rwl/pypower"
SebKeb,unknown,,DEU,gh:fzj-iek3-vsa/fine
Sebastain-Ludwig,academic,dalian university of technology,CHN,"gh:natlabrockies/paraemt_public,gh:nrel-sienna/powersimulationsdynamics.jl"
SebastianBoblest,unknown,,,gl:dlr-ve/esy/amiris/amiris
SebastianL18,academic,cinvestav,MEX,gh:natlabrockies/paraemt_public
SebastianPeitz,academic,tu dortmund,DEU,gh:upb-lea/electricgrid.jl
SebatinCx,unknown,,,gh:oemof/oemof-solph
Sebmuel82,unknown,,,gh:akkudoktor-eos/eos
SebsCubs,utility,,COL,gh:curent/andes
Sefina-DS,unknown,,,gh:akkudoktor-eos/eos
SelinBayramoglu,academic,,,"gh:anl-ceeesa/unitcommitment.jl,gh:lanl-ansi/powermodels.jl,gh:matpower/matpower,gh:rwl/pypower"
Sen-Yam,academic,,DZA,gh:roseautechnologies/roseau_load_flow
SentiQ,unknown,,,gh:akkudoktor-eos/eos
SeptimusBoshoff,unknown,,,gh:upb-lea/electricgrid.jl
Sereyvathna14,unknown,,,gh:etsap-times/times_model
Seven11037,unknown,,,gh:spine-tools/spineopt.jl
Sgt-Huffman,unknown,,,gh:openipsl/openipsl
ShaLi2021E,unknown,,,"gh:natlabrockies/pysam,gh:natlabrockies/sam"
ShabirAhmadyar,professional,jacobs,AUS,"gh:curent/andes,gh:natlabrockies/sam,gh:nrel-sienna/powersimulationsdynamics.jl,gh:pypsa/pypsa"
ShadNex,unknown,,,gh:akkudoktor-eos/eos
ShadmanMBD,unknown,,,gh:energy-modelling-toolkit/dispa-set
ShahabTor,unknown,,,"gh:epgoxford/open,gh:lanl-ansi/powermodels.jl,gh:natlabrockies/sam,gh:nrel-sienna/powersimulations.jl"
ShaohuiLiu,academic,massachusetts institute of technology,USA,gh:natlabrockies/paraemt_public
Sharan-Shastri,academic,"indian institute of technology delhi, new delhi",IND,gh:matpower/most
ShenJX21,unknown,,,"gh:genxproject/genx.jl,gh:pypsa/pypsa"
ShenTengTu,academic,"department of csie, cheng shiu university",TWN,gh:akkudoktor-eos/eos
Shiska,unknown,,,gh:akkudoktor-eos/eos
ShrirajPethe,unknown,,,gh:assume-framework/assume
Shruthi-Patil,unknown,,,gh:fzj-iek3-vsa/fine
Shu233MA,unknown,,,gh:fzj-iek3-vsa/fine
ShuaiZePing,unknown,,,"gh:powergridmodel/power-grid-model,gh:pypsa/pypsa"
Shubham04111,unknown,,,"gh:genxproject/genx.jl,gh:pypsa/pypsa"
ShunnraiSEU,academic,,,gh:idaholab/hybrid
Shunrai001,academic,,,gh:idaholab/hybrid
ShuqiXieNTU,unknown,,,gh:curent/andes
Shuvomoy,academic,massachusetts institute of technology,USA,"gh:genxproject/genx.jl,gh:lanl-ansi/powermodels.jl"
ShuyiGao,academic,delft university of technology,NLD,gh:calliope-project/calliope
Siantos,unknown,,,"gh:calliope-project/calliope,gh:natlabrockies/wpgnn"
Sico93,industry,deutsche telekom ag,,gh:akkudoktor-eos/eos
Siebenfurcht,unknown,,,gh:oemof/oemof-solph
Siedlerchr,industry,,DEU,gh:akkudoktor-eos/eos
SiennaPower,unknown,,,gh:sienna-platform/powersystemsinvestments.jl
Sierra-chu,unknown,,,gh:epgoxford/open
SilSem,unknown,,,gh:akkudoktor-eos/eos
Silicon1602,unknown,,USA,gh:villasframework/node
SilverFolfy,unknown,,ITA,gh:akkudoktor-eos/eos
SilviaCorigliano,unknown,,,gh:calliope-project/calliope
Simn,unknown,,DEU,gh:oemof/oemof-solph
Simon19942019,unknown,,,gh:akkudoktor-eos/eos
SimonCswx,unknown,,,gh:mesmo-dev/mesmo
SimonDanisch,academic,makieorg,DEU,gh:tulipaenergy/tulipaenergymodel.jl
SimonGoller,industry,sn maschinenbau gmbh,DEU,gh:akkudoktor-eos/eos
SimonHuette,unknown,,,"gh:ie3-institute/powersystemdatamodel,gh:ie3-institute/simona"
SimonLahdenpera,unknown,,,gh:genxproject/genx.jl
SimonLarsen,academic,esoft,DNK,"gh:pypsa/pypsa,gh:rwl/pypower"
SimonTen,unknown,,,gh:akkudoktor-eos/eos
SimonUlm,unknown,,,"gh:e2niee/pandapower,gh:lanl-ansi/powermodels.jl,gh:matpower/matpower,gh:rwl/pypower"
SimonWittner,unknown,,,gh:natlabrockies/reopt.jl
SimonXu666,unknown,,,"gh:prep-next/prep-shot,gh:vub-hydr/revub"
Simplified-Mind,unknown,,,"gh:pypsa/pypsa,gh:richard-weinhold/pomato"
SirJamesLim,academic,,,gh:idaholab/hybrid
SirRufo,unknown,,,gh:akkudoktor-eos/eos
SisiLimperatrice,unknown,,,gh:calliope-project/calliope
Sivasubramaniansoma,unknown,,,gh:oemof/oemof-solph
SkillcapDev,unknown,,,gh:akkudoktor-eos/eos
SkyTalker,unknown,,DEU,gh:akkudoktor-eos/eos
Skym0sh0,unknown,,DEU,gh:akkudoktor-eos/eos
SlapJackNpNp,unknown,,,gh:akkudoktor-eos/eos
Slbalderrama,unknown,,,"gh:microgridspy/microgridspy,gh:onsset/onsset"
Sllvsjay,unknown,,,"gh:energysystemsmodellinglab/muse_os,gh:fzj-iek3-vsa/fine,gh:grid-parity-exchange/egret,gh:idaholab/heron"
SmarTSLab-Bot,unknown,,,gh:openipsl/openipsl
Smolenko,unknown,,,gh:fzj-iek3-vsa/fine
Snake56Snake,unknown,,,gh:akkudoktor-eos/eos
Snyda666,unknown,,,gh:akkudoktor-eos/eos
Snypes88,unknown,,,gh:akkudoktor-eos/eos
SofianeTanji,academic,uclouvain,BEL,"gh:genxproject/genx.jl,gh:tulipaenergy/tulipaenergymodel.jl"
SoftwareImpacts,academic,,,"gh:oemof/oemof-solph,gh:sogno-platform/pymfm"
Sok00,unknown,,,gh:akkudoktor-eos/eos
SolarisRe,unknown,,,gh:genxproject/genx.jl
Somalia-Electrification-Platform,unknown,,,gh:onsset/onsset
Somaliland-Electrification-Platform,industry,,,gh:onsset/onsset
SomethingElese18878,unknown,,,"gh:akkudoktor-eos/eos,gh:pypsa/pypsa"
Sonejuy,unknown,,,"gh:etsap-times/times_model,gh:natlabrockies/reeds-2.0"
SongminYu,academic,fraunhofer institute for systems and innovation research isi,DEU,"gh:eiagov/bluesky,gh:iiasa/message_ix,gh:osemosys/osemosys,gh:pypsa/pypsa,gh:switch-model/switch,gh:transition-zero/tz-osemosys"
Sonic-Y3k,unknown,,DEU,gh:akkudoktor-eos/eos
SophiePathe,unknown,,,gh:calliope-project/calliope
SophoAffa,unknown,,,gh:roseautechnologies/roseau_load_flow
SpaceMoehre,professional,herr,,gh:akkudoktor-eos/eos
SpawnY0815,unknown,,,gh:akkudoktor-eos/eos
Speedylux,unknown,,,gh:akkudoktor-eos/eos
SpielerNogard,industry,bnewable gmbh,DEU,gh:akkudoktor-eos/eos
SpioradObrach,unknown,,,gh:oemof/oemof-solph
SplashmasterBee,unknown,,,gh:akkudoktor-eos/eos
Squirell1,professional,privat,DEU,gh:akkudoktor-eos/eos
Stars1233,industry,,,gh:powergridmodel/power-grid-model
StartCodeLearner,unknown,,,gh:oemof/oemof-solph
StaticBR,unknown,,,gh:akkudoktor-eos/eos
StavrosOrf,academic,machine learning researcher,NLD,gh:gridfm/gridfm-graphkit
SteLla234567,unknown,,,"gh:e2niee/pandapower,gh:rwl/pypower"
Stefan-HU,unknown,,,gh:akkudoktor-eos/eos
StefanGerber,unknown,,ZAF,gh:natlabrockies/pysam
StefanKarpinski,professional,juliacomputing,USA,gh:juliaenergy/joulia.jl
StefanSpiess,industry,stefan spiess it strategy and software development,DEU,gh:akkudoktor-eos/eos
StefanoUnipd,unknown,,,"gh:matpower/matpower,gh:matpower/most"
SteffanWullems,unknown,,,gh:powergridmodel/power-grid-model
SteffenKr,unknown,,,gh:akkudoktor-eos/eos
SteffenReith,unknown,,DEU,gh:akkudoktor-eos/eos
StephLee12,academic,monash university,AUS,"gh:bje-/nemo,gh:chrisyeh96/sustaingym,gh:rwl/pypower,gh:unsw-ceem/nempy"
StephanKa,professional,zuehlke,,gh:akkudoktor-eos/eos
StephanU,unknown,,DEU,gh:akkudoktor-eos/eos
StephanieMattaB,academic,kth royal institute of technology,SWE,"gh:matpower/matpower,gh:zen-universe/zen-garden"
StephenW30,academic,national university of singapore,,gh:gridoptics/gridpack
Steven-HDQ,unknown,,,gh:oemof/oemof-solph
Steven-meta,unknown,,,gh:oemof/oemof-solph
Stevogallo,academic,politecnico di milano,ITA,"gh:calliope-project/calliope,gh:energy-modelling-toolkit/dispa-set,gh:microgridspy/microgridspy"
Stone-12138,unknown,,,gh:emlab/emlab-generation
StoneLL1,unknown,,,gh:genxproject/genx.jl
Strunck8,unknown,,,gh:juliaenergy/powerdynamics.jl
Subito,unknown,,,gh:akkudoktor-eos/eos
Suchtaaa,unknown,,,gh:akkudoktor-eos/eos
Sudococommunity,professional,tcs,IND,gh:adgefficiency/energy-py
Sulisahne,unknown,,,gh:akkudoktor-eos/eos
Sulmayra,unknown,,,gh:energy-modelling-toolkit/dispa-set
SunRun-AI-Team,industry,,,"gh:natlabrockies/pysam,gh:natlabrockies/sam"
SunRunRafi,unknown,,,"gh:natlabrockies/pysam,gh:natlabrockies/sam"
SunjwChris,unknown,,,gh:opencemorg/opencem
Sunmingyang1987,unknown,,,"gh:e2niee/pandapower,gh:matpower/matpower,gh:powergridmodel/power-grid-model,gh:rwl/pypower,gh:sanpen/veragrid"
Sunyingyun,unknown,,,"gh:genxproject/genx.jl,gh:spine-tools/spineopt.jl"
SuperDa75,unknown,,,gh:akkudoktor-eos/eos
SurfingNerd,professional,lab10.coop,AUT,gh:akkudoktor-eos/eos
SurvivorSword,unknown,,,gh:dynawo/dynawo
Sush1090,unknown,,,"gh:microgridspy/microgridspy,gh:osemosys/osemosys,gh:spine-tools/spineopt.jl,gh:tulipaenergy/tulipaenergymodel.jl"
SutubraResearch,academic,,,gh:temoaproject/temoa
Svieg,unknown,,CAN,gh:powergridmodel/power-grid-model
SwayingWindmill,academic,xi'an jiaotong university,,gh:akkudoktor-eos/eos
Sword128,unknown,,,gh:genxproject/genx.jl
SyM3N,unknown,,,gh:akkudoktor-eos/eos
Syki-R,unknown,,,gh:rwl/pypower
Syn-sys,unknown,,,gh:akkudoktor-eos/eos
SystemAgent,unknown,,,"gh:adgefficiency/energy-py,gh:oemof/oemof-solph,gh:pypsa/pypsa,gh:sanpen/veragrid,gh:temoaproject/temoa"
SystemsPurge,unknown,,,"gh:sogno-platform/dpsim,gh:villasframework/node"
TBendong,unknown,,,"gh:curent/andes,gh:mzy2240/esa"
TC-Mitiga,unknown,,,gh:highres-model/highres-europe
TC25,research,pacific northwest national laboratory,,gh:erf-model/erf
TDethlefs,unknown,,DEU,gh:akkudoktor-eos/eos
TEESlab-UPRC,unknown,,,gh:calliope-project/calliope
THD-Spatial-AI,academic,,DEU,gh:calliope-project/calliope
TIMCkai,unknown,,,"gh:fzj-iek3-vsa/fine,gh:matpower/matpower"
TIWARINEERAJ,professional,ntpc,IND,"gh:natlabrockies/pysam,gh:natlabrockies/sam,gh:pypsa/pypsa"
TJR-student,unknown,,,gh:natlabrockies/hopp
TMachowinski,professional,private,DEU,gh:akkudoktor-eos/eos
TORSAKSUKAN,unknown,,,gh:adamgreenhall/minpower
TOffergeld,utility,grid-x,DEU,"gh:e2niee/pandapower,gh:grid-parity-exchange/egret,gh:grid2op/grid2op,gh:lanl-ansi/powermodels.jl,gh:matpower/matpower,gh:natlabrockies/sam,gh:nrel-sienna/powersimulations.jl,gh:powergridmodel/power-grid-model,gh:pypsa/pypsa,gh:rwl/pypower,gh:tum-ewk/opentumflex"
TRB217,unknown,,,gh:akkudoktor-eos/eos
TRI-AMDD,unknown,,,gh:temoaproject/temoa
TResimont,unknown,,,"gh:energyscope/energyscope,gh:oemof/oemof-solph"
TStraube,unknown,,,gh:akkudoktor-eos/eos
TTSArrows,unknown,,,"gh:adamgreenhall/minpower,gh:rwl/pypower"
TTTTTT77,unknown,,,gh:rwl/pypower
TW2A,unknown,,,gh:akkudoktor-eos/eos
TaeminHeo,unknown,,,gh:genxproject/genx.jl
TaichengZheng,academic,,,gh:curent/andes
Tamaragov,unknown,,,gh:gridfm/gridfm-graphkit
TamerSobhy,unknown,,,"gh:curent/andes,gh:sanpen/veragrid"
Tamysam,industry,,,gh:richard-weinhold/pomato
TanBendong,unknown,,,"gh:curent/andes,gh:mzy2240/esa"
Tangqinglin,unknown,,,gh:oemof/oemof-solph
Tanguille,unknown,,BEL,gh:akkudoktor-eos/eos
TaomeiziZhou,unknown,,,gh:fzj-iek3-vsa/fine
TarMins,unknown,,,"gl:dlr-ve/esy/amiris/amiris,gl:dlr-ve/esy/remix/framework"
TariqObeid,unknown,,,gh:epgoxford/open
Tarnadas,industry,orderly network,DEU,gh:akkudoktor-eos/eos
TarryFu,unknown,,,"gh:matpower/matpower,gh:rwl/pypower"
Tasqu,academic,vtt technical research centre of finland,FIN,gh:spine-tools/spineopt.jl
TavoIREQ,unknown,,,gh:gridfm/gridfm-graphkit
TbsBrggng,unknown,,,gh:akkudoktor-eos/eos
Tbwheeler94,academic,"university of california, santa barbara",USA,gh:natlabrockies/pysam
TechosRX,unknown,,DEU,gh:akkudoktor-eos/eos
Teimue,unknown,,,gh:akkudoktor-eos/eos
Tequila329,unknown,,,gh:akkudoktor-eos/eos
TerranUlm,professional,q.beyond ag,DEU,gh:akkudoktor-eos/eos
TessBroos,unknown,,,gh:natlabrockies/pysam
Test-Cloned-Org,unknown,,,gh:eiagov/bluesky
TethysSY,unknown,,,gh:matpower/most
Tezca1,professional,,,gh:eiagov/bluesky
Tgjib,unknown,,,gh:akkudoktor-eos/eos
ThLenz13,unknown,,DEU,gh:akkudoktor-eos/eos
ThanhEGI,unknown,,,gh:antaressimulatorteam/antares_simulator
ThanhVaga,unknown,,,gh:akkudoktor-eos/eos
ThanosGkou,unknown,,,gh:antaressimulatorteam/antares_simulator
ThatXliner,industry,,UKR,gh:genxproject/genx.jl
Thats75,unknown,,,gh:akkudoktor-eos/eos
TheBeachMaster,unknown,,KEN,gh:akkudoktor-eos/eos
TheBigFudge,unknown,,,"gh:e2niee/pandapower,gh:lanl-ansi/powermodels.jl,gh:nrel-sienna/powersimulations.jl,gh:nrel-sienna/powersimulationsdynamics.jl,gh:powergridmodel/power-grid-model,gh:upb-lea/electricgrid.jl"
TheConnorJohnson,industry,technology education collaborative,USA,gh:tulipaenergy/tulipaenergymodel.jl
TheCybe,unknown,,,gh:eiagov/bluesky
TheDoctorRAB,academic,university of idaho,USA,"gh:natlabrockies/hopp,gh:romulus97/capow_py36"
TheElectronWill,academic,lig (universite grenoble alpes),FRA,gh:ie3-institute/simona
TheFibonacciEffect,academic,eth zurich,CHE,gh:genxproject/genx.jl
TheMBeat,unknown,,DEU,gh:akkudoktor-eos/eos
TheNoim,professional,artesa,DEU,gh:akkudoktor-eos/eos
TheOneAndra,unknown,,,"gh:rl-institut/multi-vector-simulator,gh:temoaproject/temoa"
ThePolymathic,unknown,,,gh:adgefficiency/energy-py
TheRealBecks,industry,strukturpiloten,DEU,gh:akkudoktor-eos/eos
TheRealThomasM,unknown,,,gh:akkudoktor-eos/eos
TheSebi41,unknown,,,gh:akkudoktor-eos/eos
TheSmartGerman,unknown,,,gh:akkudoktor-eos/eos
TheYohan258,academic,universidad tecnologica de pereira,COL,gh:natlabrockies/paraemt_public
TheodoreGalanos,academic,austrian institute of technology,MYS,gh:calliope-project/calliope
Thijss,unknown,,NLD,gh:powergridmodel/power-grid-model
ThilishaM,unknown,,,gh:calliope-project/calliope
ThiloteE,unknown,,,gh:akkudoktor-eos/eos
Thin-White-Duke,unknown,,,gh:akkudoktor-eos/eos
Tho-Mue,unknown,,,gh:oemof/oemof-solph
ThoSt81,unknown,,,gh:akkudoktor-eos/eos
Thom61,unknown,,,gh:akkudoktor-eos/eos
ThomasBenjaminCook,professional,arup,,gh:unsw-ceem/nempy
ThomasBrunschwiler,unknown,,,gh:gridfm/gridfm-graphkit
ThomasHalwax,professional,syncpoint,AUT,gh:akkudoktor-eos/eos
ThomasJ2405,professional,twodigits,DEU,gh:akkudoktor-eos/eos
ThomasJefferyFMG,unknown,,,gh:sienna-platform/powersystemsinvestments.jl
ThomasMinor,professional,kps ag,DEU,gh:akkudoktor-eos/eos
ThomasPiskol,industry,siemens,DEU,gh:akkudoktor-eos/eos
ThomasPohl,professional,exxeta ag,DEU,gh:akkudoktor-eos/eos
ThomasW69,unknown,,,gh:akkudoktor-eos/eos
Thu-Dingqi,academic,tsinghua university,CHN,"gh:leonardgoeke/anymod.jl,gh:mesmo-dev/mesmo,gh:natlabrockies/reeds-2.0,gh:oemof/oemof-solph,gh:pypsa/pypsa"
ThulasiKrishna,industry,,,gh:oemof/oemof-solph
ThunderMat,industry,hitachi energy ltd.,CHE,gh:upb-lea/electricgrid.jl
ThytosBrax,unknown,,,gh:akkudoktor-eos/eos
Tia1892,unknown,,,"gh:calliope-project/calliope,gh:emlab/emlab-generation,gh:fraukewiese/renpass,gh:frkunz/stelmod,gh:oemof/oemof-solph,gh:optimal2050/energyrt"
Tiago-3D,unknown,,PRT,"gh:calliope-project/calliope,gh:e2niee/pandapower,gh:natlabrockies/sam,gh:pypsa/pypsa,gh:rl-institut/multi-vector-simulator"
TianmengWhu,unknown,,,"gh:e2niee/pandapower,gh:pypsa/pypsa,gh:rwl/pypower,gh:sanpen/veragrid"
TiannfGO,unknown,,,gh:rwl/pypower
TianyMa,academic,university college london,GBR,"gh:calliope-project/calliope,gh:pypsa/pypsa"
Tiarnach-Castracani,professional,eee,,gh:oemof/oemof-solph
Tidianed1,professional,independant,,"gh:balmorelcommunity/balmorel,gh:iiasa/message_ix,gh:macroenergy/macroenergy.jl,gh:natlabrockies/sam"
Tiedemate,unknown,,,gh:akkudoktor-eos/eos
TigerTigerGenerateWind,unknown,,,"gh:behrangshirizadeh/eoles_elecres,gh:e2niee/pandapower,gh:epgoxford/open,gh:juliaenergy/joulia.jl,gh:matpower/most,gh:mesmo-dev/mesmo,gh:pnnl/tesp,gh:richard-weinhold/pomato,gh:switch-model/switch"
Tildeorn,unknown,,,gh:oemof/oemof-solph
Till84,unknown,,,gh:akkudoktor-eos/eos
TimAKaasjager,unknown,,,gh:oemof/oemof-solph
TimMertens,unknown,,,gh:spine-tools/spineopt.jl
TimThacker,academic,,,gh:curent/andes
TimoDiepers,academic,rwth aachen university,DEU,gh:fzj-iek3-vsa/fine
TimothydW,academic,delft university of technology,,gh:calliope-project/calliope
TinyMarsh,academic,imperial college london,,"gh:energysystemsmodellinglab/muse2,gh:energysystemsmodellinglab/muse_os"
ToBeKraft,unknown,,,gh:akkudoktor-eos/eos
ToUranus,unknown,,,"gh:nrel-sienna/powersimulationsdynamics.jl,gh:upb-lea/electricgrid.jl"
TobHaeg,unknown,,,gh:akkudoktor-eos/eos
Tobi828282,unknown,,,gh:akkudoktor-eos/eos
TobiBee,unknown,,,gh:akkudoktor-eos/eos
TobiBu,academic,heidelberg university,DEU,gh:akkudoktor-eos/eos
TobiMelzi,unknown,,,gh:akkudoktor-eos/eos
TobiUnterstenhoefer,unknown,,,gh:akkudoktor-eos/eos
TobiasLachmann,unknown,,,"gh:e2niee/pandapower,gh:juliaenergy/powerdynamics.jl,gh:pypsa/pypsa"
TobiasMios,unknown,,,gh:fzj-iek3-vsa/fine
Tobii42,industry,,,"gh:ie3-institute/simona,gh:openego/ego,gh:osemosys/osemosys"
ToddFincannonEI,industry,energy innovation,USA,gh:energyinnovation/eps-us
ToddG,industry,,,gh:breakthrough-energy/reise.jl
Togrub,unknown,,,gh:akkudoktor-eos/eos
Tom-Franssens,unknown,,,gh:energy-modelling-toolkit/dispa-set
Tom-Nudell,unknown,,,"gh:breakthrough-energy/reise.jl,gh:grid-parity-exchange/egret,gh:nrel-sienna/powersimulations.jl"
TomBearpark,industry,,,gh:genxproject/genx.jl
TomBlack251,academic,,,gh:temoaproject/temoa
TomCallan,financial,nifventures,,"gh:eiagov/bluesky,gh:kiedanski/pymarket"
TomDonoghue,industry,,GBR,gh:calliope-project/calliope
TomFer97,academic,universita di pisa,ITA,"gh:calliope-project/calliope,gh:microgridspy/microgridspy,gh:osemosys/osemosys,gh:pypsa/pypsa,gh:temoaproject/temoa"
TomHarm,unknown,,,gh:akkudoktor-eos/eos
TomNicholas,industry,earth-mover,USA,"gh:breakthrough-energy/reise.jl,gh:calliope-project/calliope,gh:pypsa/pypsa"
Tomasz-Szymanski-WOODWARD,unknown,,,gh:openipsl/openipsl
Tomentu,unknown,,,"gh:calliope-project/calliope,gh:tum-ens/urbs"
Tomkourou,professional,transitionzero,GBR,"gh:calliope-project/calliope,gh:iiasa/message_ix,gh:osemosys/osemosys,gh:pypsa/pypsa,gh:sanpen/veragrid,gh:sei-international/nemomod.jl,gh:transition-zero/tz-osemosys"
TommasoUnipd,unknown,,,gh:matpower/most
Tong-Andrew-WU,unknown,,,gh:rwl/pypower
TongSEU,unknown,,,"gh:curent/andes,gh:e2niee/pandapower"
TonyXiang8787,academic,alliander,NLD,"gh:e2niee/pandapower,gh:powergridmodel/power-grid-model"
TooCoolLa,unknown,,,gh:richard-weinhold/pomato
TorOEkle,unknown,,NOR,gh:genxproject/genx.jl
ToroNZ,unknown,,,gh:akkudoktor-eos/eos
Toru8u,unknown,,,gh:akkudoktor-eos/eos
Toshiki-Tsutsui,unknown,,,"gh:etsap-times/times_model,gh:iiasa/message_ix,gh:pypsa/pypsa"
Tr3rror,unknown,,ITA,gh:akkudoktor-eos/eos
TraaZZy,unknown,,,gh:matpower/most
TraderWithPython,unknown,,,"gh:e2niee/pandapower,gh:rwl/pypower"
TragerJoswig-Jones,academic,,,"gh:curent/andes,gh:future-power-networks/simplus-grid-tool,gh:natlabrockies/paraemt_public,gh:natlabrockies/pras,gh:nrel-sienna/powersimulations.jl,gh:nrel-sienna/powersimulationsdynamics.jl"
TragerTech,unknown,,,"gh:natlabrockies/coral,gh:natlabrockies/emerge,gh:natlabrockies/gear-scoup,gh:natlabrockies/h2integrate,gh:natlabrockies/hopp,gh:natlabrockies/hybridbosse,gh:natlabrockies/mafrit,gh:natlabrockies/paraemt_public,gh:natlabrockies/pras,gh:natlabrockies/pysam,gh:natlabrockies/reeds-2.0,gh:natlabrockies/reopt.jl,gh:natlabrockies/rodeo,gh:natlabrockies/sam,gh:natlabrockies/wpgnn,gh:nlr-distribution-suite/erad,gh:pnnl/exago,gh:pnnl/tesp"
TravisCao,academic,the chinese university of hong kong (cuhk),HKG,"gh:ahalev/python-microgrid,gh:chrisyeh96/sustaingym,gh:e2niee/pandapower,gh:grid2op/grid2op,gh:pypsa/pypsa,gh:rwl/pypower,gh:sanpen/veragrid"
Treb-trab,unknown,,DEU,gh:akkudoktor-eos/eos
TrellixVulnTeam,unknown,,,"gh:iiasa/message_ix,gh:mesmo-dev/mesmo,gh:natlabrockies/pysam,gh:natlabrockies/sam"
Triangel000,unknown,,,gh:gridoptics/gridpack
Trojafux,unknown,,,gh:akkudoktor-eos/eos
Trouvaille1,unknown,,,gh:natlabrockies/pysam
TrumanPhd,unknown,,,gh:rwl/pypower
Tudajie,unknown,,,"gh:pypsa/pypsa,gh:rwl/pypower,gh:sanpen/veragrid,gh:susantoj/pypower-dynamics"
Twilightspark,unknown,,,gh:akkudoktor-eos/eos
TxiaoWang,unknown,,,"gh:critical-infrastructure-systems-lab/pownet,gh:energy-modelling-toolkit/dispa-set,gh:matpower/most,gh:pypsa/pypsa"
Tyberyus,unknown,,,gh:akkudoktor-eos/eos
Tyias,unknown,,,"gh:energyscope/energyscope,gh:iiasa/message_ix"
Tyr-github,unknown,,,gh:genxproject/genx.jl
TyrSym,unknown,,,gh:akkudoktor-eos/eos
U-2205,unknown,,AUT,gh:antaressimulatorteam/antares_simulator
UJumpInoJump,unknown,,,gh:assume-framework/assume
USEONGEE,academic,gachon university,KOR,gh:pielube/messpy
Ujwal2910,academic,games24x7,IND,gh:adgefficiency/energy-py
UlrichMai,unknown,,DEU,gh:akkudoktor-eos/eos
Ulrik-VA,unknown,,,gh:richard-weinhold/pomato
UmaMaquinaDeOndas,unknown,,,gh:epgoxford/open
UmikaB,unknown,,,gh:zen-universe/zen-garden
UnePierre,industry,rohde & schwarz cybersecurity,DEU,gh:akkudoktor-eos/eos
Unity-Billal-mesloub,professional,unity billal mesloub,,gh:antaressimulatorteam/antares_simulator
UrvikG,unknown,,,gh:emlab/emlab-generation
V3lop5,industry,,DEU,gh:fzj-iek3-vsa/fine
VANvonZHANG,academic,zhejiang university,CHN,gh:erf-model/erf
VSunV,unknown,,,gh:emlab/emlab-generation
Vaibhavdixit02,unknown,,USA,"gh:lanl-ansi/powermodels.jl,gh:tulipaenergy/tulipaenergymodel.jl"
Valcira,unknown,,,gh:antaressimulatorteam/antares_simulator
VartanAhrensKayayan,utility,,,"gh:gh:adgefficiency/energy-py-linear,gh:e2niee/pandapower,gh:natlabrockies/pysam,gh:natlabrockies/sam,gh:onsset/onsset,gh:osemosys/osemosys,gh:powergridmodel/power-grid-model,gh:pypsa/pypsa,gh:tum-ens/urbs"
VasilisTheodor,unknown,,,gh:spine-tools/spineopt.jl
Velociraptor45,unknown,,DEU,gh:akkudoktor-eos/eos
Venkat-INL,research,idaho national laboratory,,gh:gmlc-dispatches/dispatches
VerenaSchwachmeyer,academic,,DEU,gh:akkudoktor-eos/eos
Vi4697,academic,,POL,"gh:gh:adgefficiency/energy-py-linear,gh:akkudoktor-eos/eos"
ViVino007,unknown,,,gh:etsap-times/times_model
Victor1314,unknown,,,"gh:gh:adgefficiency/energy-py-linear,gh:energy-modelling-toolkit/dispa-set,gh:epgoxford/open"
VictorAMartinez,professional,open energy transition,GBR,"gh:calliope-project/calliope,gh:pypsa/pypsa"
VictorCFeng,academic,cornell university,USA,gh:natlabrockies/reeds-2.0
VikasChidananda,academic,universitat paderborn,DEU,gh:upb-lea/electricgrid.jl
Villyes,unknown,,,gh:ait-energy/iesopt.jl
Vimalraaj1512,unknown,,,gh:lanl-ansi/powermodelsannex.jl
VincentTasa,unknown,,,gh:oemof/oemof-solph
VincentTasara,unknown,,,gh:oemof/oemof-solph
Vinxenx,unknown,,,gh:oemof/oemof-solph
Vision42,industry,regelkraft gmbh,DEU,gh:powergridmodel/power-grid-model
VittoriaOssanna,academic,eth zurich,CHE,gh:gridfm/gridfm-graphkit
VladimirNecakov,unknown,,,gh:powergridmodel/power-grid-model
VolkerSchneider89,unknown,,,gh:akkudoktor-eos/eos
Vondoe79,unknown,,,gh:temoaproject/temoa
Vulvaa,unknown,,DEU,gh:akkudoktor-eos/eos
Vurgit,academic,"southeast university,nari group(sgepri)",CHN,"gh:ames-market/psst,gh:changgang/steps,gh:curent/andes,gh:derrickoswald/cimapplication,gh:e2niee/pandapower,gh:future-power-networks/simplus-grid-tool,gh:matpower/matpower,gh:mbheinen/bpa-ipf-tsp,gh:natlabrockies/mafrit,gh:pnnl/tesp,gh:sogno-platform/dpsim"
W3W-EdU,academic,vw7jzqsl3e51,,gh:natlabrockies/reopt_api
WFeneberg,unknown,,,gh:akkudoktor-eos/eos
WHYNTU,unknown,,,gh:genxproject/genx.jl
WN-2023,unknown,,,"gh:e2niee/pandapower,gh:matpower/matpower,gh:rwl/pypower"
WORKPHD,unknown,,,gh:genxproject/genx.jl
WVIVIYIM-hk,utility,,,gh:curent/andes
WW-Steven,academic,xi'an jiaotong university,CHN,gh:matpower/matpower
Wa7be,professional,e.on inhouse consulting,DEU,"gh:oemof/oemof-solph,gh:oemof/oemof-thermal"
WalterMadelim,unknown,,,gh:genxproject/genx.jl
WalternativE,industry,treetop medical,AUT,"gh:calliope-project/calliope,gh:mesmo-dev/mesmo,gh:pypsa/pypsa"
Wandering1,academic,,ITA,"gh:matpower/most,gh:rwl/pypower"
Wang7274,unknown,,,gh:energyscope/energyscope
WanjiruCate,academic,,KEN,gh:gridfm/gridfm-graphkit
WarMarv,unknown,,,gh:akkudoktor-eos/eos
WaterworthWins,professional,waterworth,CAN,gh:akkudoktor-eos/eos
Watson-AL,unknown,,,gh:eiagov/bluesky
Wayan123,unknown,,IDN,gh:vub-hydr/revub
WayneNani,industry,apps associates gmbh,DEU,gh:akkudoktor-eos/eos
Webbah,academic,paderborn university,DEU,gh:upb-lea/electricgrid.jl
WegnerDan,industry,aplistra gmbh,DEU,gh:akkudoktor-eos/eos
WegsWei,unknown,,,gh:energyinnovation/eps-us
WeiAi-Energy,academic,university of michigan,,"gh:genxproject/genx.jl,gh:pypsa/pypsa"
WeiqunZhang,government,,USA,gh:erf-model/erf
WeirdCircumstances,unknown,,DEU,gh:akkudoktor-eos/eos
WeixuanLin,professional,mcgill univerisity,,gh:etsap-times/times_model
Welsun,industry,seu,CHN,gh:akkudoktor-eos/eos
Welthulk,industry,,DEU,"gh:lanl-ansi/powermodels.jl,gh:powergridmodel/power-grid-model"
WenjunDong,academic,,,gh:erf-model/erf
Wenqi-Cui,unknown,,,gh:curent/andes
WentaoZhang2002,unknown,,,gh:curent/andes
WernerderChamp,unknown,,DEU,gh:akkudoktor-eos/eos
WhiteSymmetry,industry,,TUR,"gh:matpower/matpower,gh:matpower/most,gh:powergridmodel/power-grid-model"
WhitejadeHang,professional,Zhong Qing Yang Lao Yuan ,CHN,gh:adamgreenhall/minpower
Whztever,unknown,,,"gh:chengts95/rustpower,gh:e2niee/pandapower,gh:natlabrockies/paraemt_public,gh:sogno-platform/dpsim"
WilianGuaman,professional,espol,ECU,"gh:genxproject/genx.jl,gh:iit-energysystemmodels/opentepes,gh:sei-international/nemomod.jl"
WillHTam,unknown,,SGP,gh:calliope-project/calliope
Willem-Mazzotti-P,academic,bengtdahlgrengeo,,"gh:genxproject/genx.jl,gh:tulipaenergy/tulipaenergymodel.jl"
WilliBee,unknown,,,gh:tulipaenergy/tulipaenergymodel.jl
WilliamRichardJohns,government,,USA,gh:erf-model/erf
WilliamXingEE,unknown,,,gh:curent/andes
Williechan2013,unknown,,,"gh:gridoptics/gridpack,gh:pypsa/pypsa,gh:rwl/pypower,gh:sanpen/veragrid"
WinApiMan,unknown,,,gh:powergridmodel/power-grid-model
WolfImBusch,unknown,,DEU,gh:akkudoktor-eos/eos
WonkManGood,professional,freelance,USA,gh:akkudoktor-eos/eos
Woobbey,unknown,,,gh:akkudoktor-eos/eos
WoodpeckerBaby,unknown,,,"gh:e2niee/pandapower,gh:lanl-ansi/powermodels.jl,gh:rwl/pypower"
WouterVer,unknown,,,gh:juliaenergy/powerdynamics.jl
Wubbwubb,unknown,,,gh:akkudoktor-eos/eos
Wuhochi,unknown,,,"gh:ahalev/python-microgrid,gh:anl-ceeesa/unitcommitment.jl,gh:behrangshirizadeh/eoles_mv,gh:blue-marble/gridpath,gh:breakthrough-energy/reise.jl,gh:calliope-project/calliope,gh:curent/andes,gh:e2niee/pandapower,gh:electa-git/flexplan.jl,gh:emma-model/emma,gh:etsap-times/times_model,gh:genxproject/genx.jl,gh:gmlc-dispatches/dispatches,gh:grid-parity-exchange/egret,gh:grid2op/grid2op,gh:iee-tugraz/lego,gh:juliaenergy/joulia.jl,gh:lanl-ansi/powermodels.jl,gh:leonardgoeke/anymod.jl,gh:niclasmattsson/supergrid,gh:nrel-sienna/powersimulations.jl,gh:powergama/powergama,gh:prayas-energy/rumi,gh:pypsa/pypsa,gh:richard-weinhold/pomato,gh:romulus97/capow_py36,gh:temoaproject/temoa,gh:tum-ens/rivus,gh:tum-ens/urbs,gh:youngfaithful/capacityexpansion.jl"
Wuifi,unknown,,,gh:akkudoktor-eos/eos
Wy53,unknown,,,gh:akkudoktor-eos/eos
Wz8290,academic,shandong university of science and technology,CHN,gh:natlabrockies/pysam
XHalamaX,unknown,,,gh:akkudoktor-eos/eos
XQ2077,unknown,,CAN,gh:microgrids-x/microgrids.py
XYCaptain,unknown,,CHN,"gh:chengts95/rustpower,gh:derrickoswald/cimapplication"
XaviTorello,unknown,,AND,"gh:e2niee/pandapower,gh:rwl/pypower"
XccxXX1ww,unknown,,,gh:akkudoktor-eos/eos
Xexanos,industry,conciso gmbh,DEU,gh:akkudoktor-eos/eos
Xiaoyang-Wang-TAMU,unknown,,,gh:curent/andes
Xiaoyu-Fu,academic,xi'an jiaotong university,CHN,"gh:adgefficiency/energy-py,gh:e2niee/pandapower,gh:lanl-ansi/powermodels.jl,gh:matpower/matpower,gh:pypsa/pypsa"
XinDongEE,academic,sichuan university (Si Chuan Da Xue ),CHN,"gh:changgang/steps,gh:curent/andes,gh:e2niee/pandapower,gh:pypsa/pypsa"
XinFang88,unknown,,,"gh:curent/andes,gh:e2niee/pandapower,gh:grid-parity-exchange/egret,gh:powsybl/pypowsybl"
XinLiTue,academic,eindhoven university of technology,NLD,gh:powergridmodel/power-grid-model
Xinhe-Chen,academic,,,gh:gmlc-dispatches/dispatches
XinyuanCao,unknown,,,"gh:flexiblepower/powermatcher,gh:powergridmodel/power-grid-model"
Xpos587,industry,rostelecom-it,USA,gh:akkudoktor-eos/eos
XtaoBai,professional,xmu,,"gh:calliope-project/calliope,gh:pypsa/pypsa,gh:tum-ens/urbs"
Xuming031114,unknown,,,"gh:e2niee/pandapower,gh:rwl/pypower"
Xyli2024,unknown,,,"gh:pypsa/pypsa,gh:rwl/pypower"
YIR11,unknown,,,gh:richard-weinhold/pomato
YLHuG,unknown,,,gh:curent/andes
YP-Li,academic,dalian university of technology,,"gh:e2niee/pandapower,gh:energy-modelling-toolkit/dispa-set,gh:lanl-ansi/powermodels.jl,gh:nrel-sienna/powersimulations.jl,gh:pypsa/pypsa"
YSaedi,unknown,,CAN,gh:osemosys/osemosys
YUEZIWU,unknown,,,gh:genxproject/genx.jl
Yaaaaara,unknown,,,gh:natlabrockies/paraemt_public
YadavBake,industry,alpha technology pvt. ltd,IND,gh:akkudoktor-eos/eos
YaeSakura1,unknown,,,"gh:curent/andes,gh:e2niee/pandapower,gh:pypsa/pypsa,gh:sanpen/veragrid"
Yan457,unknown,,,"gh:calliope-project/calliope,gh:mesmo-dev/mesmo,gh:spine-tools/spineopt.jl"
YangGao14,academic,,,"gh:etsap-times/times_model,gh:iiasa/message_ix"
Yangki80,unknown,,,gh:susantoj/pypower-dynamics
YangyangFu,academic,texas a$m university,,gh:openipsl/openipsl
Yannickvtil,academic,,,gh:calliope-project/calliope
YassineAbdelouadoud,unknown,,,"gh:antaressimulatorteam/antares_simulator,gh:e2niee/pandapower,gh:osemosys/osemosys,gh:pypsa/pypsa,gh:roseautechnologies/roseau_load_flow"
YawenYee,unknown,,,gh:temoaproject/temoa
Yehison,unknown,,COL,gh:energyscope/energyscope
YerzhanJ,unknown,,,gh:powergridmodel/power-grid-model
YiFeeiWang,unknown,,,gh:curent/andes
Yihuiz,academic,ecole polytechnique federale de lausanne,,gh:leonardgoeke/anymod.jl
Yikw616720,unknown,,,gh:richard-weinhold/pomato
Yil2,academic,kth royal institute of technology,,gh:spine-tools/spineopt.jl
YingboMa,professional,juliacomputing,USA,gh:genxproject/genx.jl
Yingzhu-Liu-Star,professional,pku,,gh:richard-weinhold/pomato
Yirga-16,academic,national taiwan university of science and technology,TWN,"gh:idaholab/heron,gh:mesmo-dev/mesmo,gh:openego/edisgo"
YitianDai,unknown,,,"gh:dynawo/dynawo,gh:genxproject/genx.jl"
Yogesh-Rade,unknown,,,gh:andrewlyden/pylesa
YongYahn,unknown,,,gh:oemof/oemof-solph
YongboLiang,unknown,,CHN,gh:natlabrockies/reopt_api
YorkFr,academic,,,gh:antaressimulatorteam/antares_simulator
YoshuaLisasi,unknown,,,gh:antaressimulatorteam/antares_simulator
YotillaJonas,unknown,,,gh:akkudoktor-eos/eos
YoudeLiu,unknown,,,gh:calliope-project/calliope
YoungFaithful,unknown,,,"gh:juliaenergy/joulia.jl,gh:youngfaithful/capacityexpansion.jl"
YqWangcfd,unknown,,,gh:erf-model/erf
Yrd980,academic,,,gh:akkudoktor-eos/eos
YsoSirius,unknown,,,"gh:balmorelcommunity/balmorel,gh:fraukewiese/renpass,gh:oemof/oemof-solph"
YuanYiping123456,professional,uestc,CHN,gh:genxproject/genx.jl
Yuanfeng-Wang,unknown,,,"gh:curent/andes,gh:e2niee/pandapower,gh:transient-official/transient-lib"
YuezhangHe,unknown,,,gh:genxproject/genx.jl
Yumo-wyh,unknown,,,"gh:richard-weinhold/pomato,gh:unsw-ceem/nempy"
Yunchuu,unknown,,,gh:epgoxford/open
YushuailLi,academic,,,gh:adgefficiency/energy-py
YutingYao,industry,,,"gh:etsap-times/times_model,gh:pypsa/pypsa"
Yuweizhou123,unknown,,,gh:curent/andes
ZEN-robot,unknown,,,gh:zen-universe/zen-garden
ZHAOSHIYA0227,unknown,,,"gh:calliope-project/calliope,gh:iiasa/message_ix"
ZKcash-IrishGov,professional,zkmetis.gov,,gh:eiagov/bluesky
ZQFChris57,unknown,,,"gh:ait-energy/iesopt.jl,gh:mesmo-dev/mesmo"
ZQYyyo,unknown,,,gh:oemof/oemof-solph
ZZLLKK,unknown,,,"gh:grid2op/grid2op,gh:matpower/matpower,gh:nrel-sienna/powersimulationsdynamics.jl,gh:rwl/pypower,gh:sanpen/veragrid"
ZZXSIN,unknown,,,gh:vub-hydr/revub
Zaba107,unknown,,,gh:natlabrockies/pysam
ZabotoBlack,unknown,,,gh:akkudoktor-eos/eos
ZackTully,unknown,,,"gh:natlabrockies/h2integrate,gh:natlabrockies/hopp"
Zagdkhorol,professional,"pes, must",MNG,"gh:emlab/emlab-generation,gh:pypsa/pypsa"
Zahanh,utility,eversource energy,USA,"gh:grid-parity-exchange/egret,gh:iit-energysystemmodels/opentepes,gh:natlabrockies/reeds-2.0,gh:natlabrockies/sam,gh:pypsa/pypsa,gh:rwl/pypower,gh:sanpen/veragrid"
ZaheerAD,professional,volue,DEU,gh:energy-modelling-toolkit/dispa-set
ZaneFrey,academic,university of utah department of mechanical engineering,USA,gh:erf-model/erf
Zard-ai,unknown,,,gh:rwl/pypower
Zaubeerer,unknown,,,gh:fzj-iek3-vsa/fine
ZeRo-244,unknown,,,gh:akkudoktor-eos/eos
Zecao,academic,phd. research at era,,"gh:dss-extensions/dss_capi,gh:matpower/matpower,gh:natlabrockies/paraemt_public"
Zed-Freejack,unknown,,,gh:akkudoktor-eos/eos
ZekunYangCalvin,unknown,,,"gh:etsap-times/times_model,gh:genxproject/genx.jl,gh:natlabrockies/reeds-2.0"
ZenanAH,unknown,,,gh:natlabrockies/reopt_api
Zerayan,unknown,,FRA,gh:akkudoktor-eos/eos
ZergD,industry,"aurora: unreal engine 5, ai",FRA,"gh:antaressimulatorteam/antares_simulator,gh:marvinler/pypownet"
ZhangFeliz,unknown,,,gh:oemof/oemof-solph
Zhanwei-Liu,academic,national university of singapore,SGP,"gh:blue-marble/gridpath,gh:calliope-project/calliope,gh:critical-infrastructure-systems-lab/pownet,gh:flexigis/flexigis,gh:genxproject/genx.jl,gh:iiasa/message_ix,gh:lanl-ansi/powermodels.jl,gh:macroenergy/macroenergy.jl,gh:matpower/matpower,gh:natlabrockies/reeds-2.0,gh:natlabrockies/sam,gh:niclasmattsson/supergrid,gh:nrel-sienna/powersystemsinvestments.jl,gh:oemof/oemof-solph,gh:prep-next/prep-shot,gh:pypsa/pypsa,gh:romulus97/capow_py36,gh:switch-model/switch,gh:transition-zero/tz-osemosys,gh:tum-ens/urbs,gh:vub-hydr/revub,gh:youngfaithful/capacityexpansion.jl"
ZhaoyangAcc,unknown,,,"gh:gridoptics/gridpack,gh:pypsa/pypsa"
ZhelunChen,industry,drexelbseg,,gh:natlabrockies/pysam
ZhenZHAO,industry,shanghai ai lab,CHN,"gh:e2niee/pandapower,gh:grid2op/grid2op,gh:pypsa/pypsa,gh:rwl/pypower"
Zhenghao-Young,academic,peking university,CHN,"gh:matpower/matpower,gh:rwl/pypower"
ZhihangMao,unknown,,,gh:curent/andes
ZhiminB,unknown,,,gh:curent/andes
ZhiruiLiang-ANL,unknown,,,gh:gridfm/gridfm-graphkit
Zhishulo,unknown,,,gh:drafproject/draf
Zhouwkk,unknown,,,"gh:mesmo-dev/mesmo,gh:pielube/messpy,gh:spine-tools/spineopt.jl"
ZiiCee,unknown,,,"gh:adamgreenhall/minpower,gh:e2niee/pandapower,gh:matpower/matpower,gh:pnnl/tesp,gh:pypsa/pypsa,gh:rwl/pypower,gh:sanpen/veragrid"
Zinski,unknown,,DEU,gh:akkudoktor-eos/eos
Zion-tunan,academic,,,gh:calliope-project/calliope
ZitengHe,unknown,,,"gh:microgridspy/microgridspy,gh:rwl/pypower"
ZitingH,unknown,,,"gh:esmap-world-bank-group/epm,gh:genxproject/genx.jl"
ZitongBo,academic,"institute of software, chinese academy of sciences",,gh:susantoj/pypower-dynamics
Zmu-paramount,unknown,,,gh:akkudoktor-eos/eos
ZombyDogs,unknown,,,"gh:epgoxford/open,gh:onsset/onsset"
Zong-my,unknown,,CHN,gh:curent/andes
ZooBear,academic,university of new south wales,,gh:natlabrockies/pysam
Zuhriddin2010,industry,it park,UZB,gh:assume-framework/assume
Zzhangquan,unknown,,,"gh:ahalev/python-microgrid,gh:rwl/pypower"
a-bayongwa,unknown,,,gh:fzj-iek3-vsa/fine
a-heller,unknown,,,gh:akkudoktor-eos/eos
a-m-w,unknown,,,gh:akkudoktor-eos/eos
a-marano,academic,,ESP,"gh:e2niee/pandapower,gh:energy-modelling-toolkit/dispa-set,gh:openipsl/openipsl"
a-shahroo,academic,nc state university,USA,gh:curent/andes
a-w-beck,academic,eastern-research-group,USA,gh:genxproject/genx.jl
a-zakir,professional,bazc,FRA,gh:antaressimulatorteam/antares_simulator
a1032077316,unknown,,,gh:rwl/pypower
a12one,unknown,,,"gh:adgefficiency/energy-py,gh:calliope-project/calliope,gh:grid2op/grid2op,gh:lanl-ansi/powermodels.jl,gh:lkruitwagen/global-fossil-fuel-supply-chain,gh:pypsa/pypsa"
a15d,unknown,,,"gh:natlabrockies/pysam,gh:natlabrockies/sam"
a8291,unknown,,,gh:akkudoktor-eos/eos
aLiangSir,unknown,,,gh:powergridmodel/power-grid-model
aaaaaJoker,unknown,,,gh:energysystemsmodellinglab/muse_os
aacarneiro,industry,,DEU,gh:fzj-iek3-vsa/fine
aaccensi,unknown,,,"gh:quintel/etengine,gh:quintel/etmodel,gh:quintel/pyetm"
aadmant,unknown,,,gh:natlabrockies/reopt_api
aaesmat,unknown,,,gh:rwl/pypower
aakash-anil-naik,academic,university of florida,USA,gh:epgoxford/open
aakashbadiani,unknown,,,"gh:manuvarkey/gelectrical,gh:rwl/pypower"
aalfonsi,research,idaho national laboratory,,"gh:idaholab/heron,gh:idaholab/hybrid"
aaliqureshi,academic,,USA,"gh:curent/andes,gh:natlabrockies/paraemt_public"
aandraz,unknown,,,gh:powergridmodel/power-grid-model
aangelsalazarr,utility,,USA,"gh:eiagov/bluesky,gh:matpower/matpower"
aaovalle,unknown,,,gh:roseautechnologies/roseau_load_flow
aarajbhattarai,unknown,,,gh:akkudoktor-eos/eos
aarek-eng,unknown,,,"gh:e2niee/pandapower,gh:juliaenergy/powerdynamics.jl,gh:rwl/pypower"
aaronledray,academic,university of texas at austin,USA,gh:akkudoktor-eos/eos
aaronsax,unknown,,,gh:genxproject/genx.jl
aaryandnaik-sketch,unknown,,,gh:genxproject/genx.jl
aashwij26,unknown,,,gh:fzj-iek3-vsa/fine
aayusuff,unknown,,,"gh:juliaenergy/powerdynamics.jl,gh:lanl-ansi/powermodels.jl,gh:lanl-ansi/powermodelsannex.jl,gh:nrel-sienna/powersimulations.jl,gh:nrel-sienna/powersimulationsdynamics.jl,gh:rwl/pypower,gh:sanpen/veragrid,gh:sogno-platform/dpsim,gh:susantoj/pypower-dynamics,gh:upb-lea/electricgrid.jl"
ab-bajaj,industry,,,gh:oemof/oemof-solph
ab-chen,academic,,USA,gh:genxproject/genx.jl
abart89,academic,eth zurich,SGP,gh:calliope-project/calliope
abayirli,academic,,TUR,"gh:pypsa/pypsa,gh:richard-weinhold/pomato"
abcedino,unknown,,,gh:genxproject/genx.jl
abdelrahman-ayad,research,national renewable energy laboratory,USA,"gh:ames-market/psst,gh:electa-git/flexplan.jl,gh:epgoxford/open,gh:genxproject/genx.jl,gh:grid-parity-exchange/egret,gh:iit-energysystemmodels/opentepes,gh:lanl-ansi/powermodels.jl,gh:natlabrockies/pras,gh:nrel-sienna/powersimulations.jl,gh:pnnl/exago,gh:pnnl/tesp,gh:richard-weinhold/pomato"
abdullah-aljarboua,unknown,,SAU,gh:etsap-times/times_model
abdullahdirect,unknown,,,gh:natlabrockies/pysam
abelsiqueira,academic,netherlands escience center,NLD,"gh:spine-tools/spineopt.jl,gh:tulipaenergy/tulipaenergymodel.jl"
abhijay1403,industry,sede-x,IND,"gh:calliope-project/calliope,gh:energyscope/energyscope,gh:etsap-times/times_model,gh:oemof/oemof-solph,gh:osemosys/osemosys"
abhinavbhaskar,unknown,,,"gh:fzj-iek3-vsa/fine,gh:osemosys/osemosys"
abhineet-gupta,government,,USA,"gh:natlabrockies/h2integrate,gh:natlabrockies/hopp"
abhiroopghosh71,industry,aspen technology,USA,gh:rwl/pypower
abhishek0208,unknown,,,"gh:calliope-project/calliope,gh:osemosys/osemosys,gh:transition-zero/tz-osemosys,gh:tum-ens/urbs"
abhishek1591,industry,,DNK,"gh:calliope-project/calliope,gh:e2niee/pandapower,gh:epri-dev/opender,gh:matpower/matpower,gh:matpower/most,gh:powergridmodel/power-grid-model,gh:pypsa/pypsa,gh:rwl/pypower,gh:sanpen/veragrid"
abhyshr,government,pacific northwest national laboratory,USA,"gh:gridoptics/gridpack,gh:matpower/matpower,gh:pnnl/exago"
abiyteshome,unknown,,,gh:genxproject/genx.jl
abodh,utility,electric power engineers,,"gh:dss-extensions/dss_capi,gh:natlabrockies/emerge,gh:nlr-distribution-suite/erad"
aboiyon,unknown,,,gh:akkudoktor-eos/eos
abooda1981,unknown,,,"gh:genxproject/genx.jl,gh:optimal2050/energyrt"
abouso,unknown,,BEL,gh:electa-git/flexplan.jl
abrac,academic,stellenbosch university,ZAF,"gh:natlabrockies/pysam,gh:natlabrockies/sam"
abracadabra555,unknown,,,gh:curent/andes
achilleusGER,unknown,,,gh:akkudoktor-eos/eos
achimkoberstein,academic,europa-universitat viadrina,DEU,gh:akkudoktor-eos/eos
achraf.elghazi,unknown,,,gl:dlr-ve/esy/amiris/amiris
ackurdeeve,unknown,,,"gh:future-power-networks/simplus-grid-tool,gh:mbheinen/bpa-ipf-tsp,gh:sanpen/veragrid"
aclong,industry,,,"gh:calliope-project/calliope,gh:pypsa/pypsa"
acornejodandrea,unknown,,,"gh:ahalev/python-microgrid,gh:natlabrockies/pysam"
acouplet,unknown,,,gh:energyscope/energyscope
acrigby,academic,,,"gh:epgoxford/open,gh:idaholab/heron,gh:idaholab/hybrid"
activeshadow,industry,active shadow llc,USA,gh:rwl/pypower
adRn-s,academic,,RUS,gh:akkudoktor-eos/eos
adagio256,unknown,,,gh:powergridmodel/power-grid-model
adailtonjn68,academic,universidade federal de santa maria,BRA,gh:openipsl/openipsl
adam-a-a,unknown,,,"gh:gmlc-dispatches/dispatches,gh:grid-parity-exchange/egret,gh:idaholab/hybrid,gh:natlabrockies/pysam,gh:natlabrockies/sam,gh:pypsa/pypsa"
adam-m-jcbs,industry,nvidia,USA,gh:erf-model/erf
adamferreira,industry,fico,FRA,"gh:anl-ceeesa/unitcommitment.jl,gh:antaressimulatorteam/antares_simulator,gh:dynawo/dynawo"
adamgreenhall,unknown,,,"gh:adamgreenhall/minpower,gh:rwl/pypower"
adamkingenergy,unknown,,GBR,gh:adamgreenhall/minpower
adamsjohanna,professional,start2fix,DEU,gh:assume-framework/assume
adamsuski,academic,imperial college london,GBR,"gh:calliope-project/calliope,gh:genxproject/genx.jl,gh:natlabrockies/pras,gh:pypsa/pypsa,gh:switch-model/switch"
adamwise95,academic,university of california berkeley,USA,gh:erf-model/erf
adastraproterra,unknown,,,gh:akkudoktor-eos/eos
adfarth,research,national renewable energy laboratory,,gh:natlabrockies/reopt.jl
adienes,unknown,,,gh:ait-energy/iesopt.jl
adijouxenergiesreunion,unknown,,,gh:roseautechnologies/roseau_load_flow
adisarno,utility,,ITA,"gh:energysystemsmodellinglab/muse_os,gh:etsap-times/times_model,gh:pypsa/pypsa"
aditya-hekker,unknown,,,gh:powergridmodel/power-grid-model
adityasinha1992,unknown,,,gh:temoaproject/temoa
adityauser,academic,,,gh:adgefficiency/energy-py
adityawaghaskar,unknown,,,gh:rwl/pypower
adiwied,academic,karlsruhe institute of technology,DEU,gh:assume-framework/assume
adm-xtan,unknown,,,"gh:e2niee/pandapower,gh:rwl/pypower"
adnanleroi,academic,,,gh:upb-lea/electricgrid.jl
adowling2,academic,university of notre dame,USA,gh:gmlc-dispatches/dispatches
adrien-gauche,academic,,,"gh:ahalev/python-microgrid,gh:anl-ceeesa/unitcommitment.jl,gh:e2niee/pandapower,gh:genxproject/genx.jl,gh:grid-parity-exchange/egret,gh:lanl-ansi/powermodels.jl,gh:matpower/matpower,gh:microgrids-x/microgrids.py,gh:pypsa/pypsa"
adrienjacob,unknown,,FRA,gh:energyscope/energyscope
adrienmellot,unknown,,,gh:calliope-project/calliope
adriesse,industry,pv performance labs,DEU,"gh:natlabrockies/pysam,gh:natlabrockies/sam"
adrpo,academic,linkoping university & stanna it research institute,SWE,"gh:openipsl/openipsl,gh:transient-official/transient-lib"
adubaisi,industry,,,"gh:juliaenergy/powerdynamics.jl,gh:matpower/matpower"
aduquego55,industry,,SWE,"gh:nrel-sienna/powersimulations.jl,gh:nrel-sienna/powersimulationsdynamics.jl"
aeseye,unknown,,,gh:gmlc-dispatches/dispatches
afazevedo,academic,fgv energia,,"gh:iiasa/message_ix,gh:lanl-ansi/powermodels.jl,gh:psrenergy/sddpdso.jl"
aflahtech,professional,at1x,,gh:akkudoktor-eos/eos
afrmatas,academic,iit-energysystemmodels,ESP,gh:iit-energysystemmodels/openmaster
afroeschl,academic,,AUT,gh:akkudoktor-eos/eos
afs6101,unknown,,,gh:genxproject/genx.jl
afsk1240,unknown,,,gh:akkudoktor-eos/eos
aganter,unknown,,,gh:zen-universe/zen-garden
agcmoser,unknown,,,gh:juliaenergy/joulia.jl
agetommy,unknown,,,gh:akkudoktor-eos/eos
agnesfrancois,academic,,FRA,"gh:pypsa/pypsa,gh:spf-ost/optihood"
aguti99,unknown,,,gh:akkudoktor-eos/eos
ahawkes,academic,imperial college london,GBR,"gh:energysystemsmodellinglab/muse2,gh:energysystemsmodellinglab/muse_os"
ahbills,academic,,,gh:oemof/oemof-solph
ahilbers,professional,,NLD,"gh:calliope-project/calliope,gh:grid2op/grid2op,gh:marvinler/pypownet,gh:oemof/oemof-solph"
ahill818,academic,colorado state university,USA,gh:erf-model/erf
ahilloffis,unknown,,,gh:oemof/oemof-solph
ahilloffis,unknown,,,gl:mosaik/mosaik
ahmadtariq1,academic,,PAK,gh:tulipaenergy/tulipaenergymodel.jl
ahmadzub,industry,,,gh:roseautechnologies/roseau_load_flow
ahmdx404,unknown,,DEU,gh:zen-universe/zen-garden
ahmedtadde,industry,,USA,"gh:matpower/matpower,gh:pypsa/pypsa"
ahmelkholy,academic,mpei,EGY,"gh:curent/andes,gh:e2niee/pandapower,gh:future-power-networks/simplus-grid-tool,gh:matpower/matpower"
ahobeost,unknown,,,gh:spf-ost/optihood
ahormaza94,unknown,,,gh:fzj-iek3-vsa/fine
ahsanKTH,unknown,,SWE,gh:openipsl/openipsl
ahuallpara,unknown,,,gh:energy-modelling-toolkit/dispa-set
ahurli,unknown,,,gh:breakthrough-energy/reise.jl
ai-Ev1lC0rP,unknown,,,gh:akkudoktor-eos/eos
aibolem,government,,JPN,gh:temoaproject/temoa
ailabteam,academic,da nang,VNM,gh:akkudoktor-eos/eos
aivanova5,unknown,,,"gh:arras-energy/gridlabd,gh:slacgismo/tess"
aiverson00,unknown,,,gh:natlabrockies/reopt_api
aizuo-chen,unknown,,CHN,gh:juliaenergy/powerdynamics.jl
ajaegle,unknown,,DEU,gh:akkudoktor-eos/eos
ajayarjun26,unknown,,,gh:erf-model/erf
ajaythakur01,academic,"thapar institute of engineering and technology,patiala",IND,"gh:matpower/matpower,gh:matpower/most"
ajemerson,academic,,USA,gh:temoaproject/temoa
ajmanser,unknown,,USA,gh:adgefficiency/energy-py
ajpgarner,academic,ait austrian institute of technology,AUT,gh:ait-energy/iesopt.jl
ajthu233,academic,tsinghua university,CHN,"gh:e2niee/pandapower,gh:future-power-networks/simplus-grid-tool,gh:matpower/matpower,gh:pypsa/pypsa,gh:rwl/pypower"
ajvdw,unknown,,NLD,gh:powergridmodel/power-grid-model
akalius,unknown,,,"gh:drafproject/draf,gh:onsset/onsset"
akansal1,unknown,,,"gh:adamgreenhall/minpower,gh:adgefficiency/energy-py,gh:calliope-project/calliope,gh:e2niee/pandapower,gh:oemof/oemof-solph,gh:pypsa/pypsa,gh:sanpen/veragrid,gh:tum-ens/urbs"
akashdhruv,research,argonne national laboratory,USA,gh:erf-model/erf
akbarnes,unknown,,,"gh:curent/andes,gh:e2niee/pandapower,gh:lanl-ansi/powermodels.jl,gh:natlabrockies/paraemt_public,gh:nreca-bts/omf,gh:nrel-sienna/powersimulations.jl,gh:sanpen/veragrid"
akdeb,academic,asana coursera,USA,gh:temoaproject/temoa
akeeste,research,sandia national laboratories,USA,gh:juliaenergy/powerdynamics.jl
akhtar3100,unknown,,,"gh:matpower/matpower,gh:powergridmodel/power-grid-model,gh:pypsa/pypsa"
akk2797,unknown,,,gh:gridfm/gridfm-graphkit
akkatrader,unknown,,,gh:eiagov/bluesky
aknaut,unknown,,,gh:calliope-project/calliope
aknvictor,academic,"phd. computer science, carnegie mellon",,"gh:genxproject/genx.jl,gh:iee-tugraz/lego"
akokam,industry,,DEU,gh:akkudoktor-eos/eos
akorkovelos,professional,independent consultant,GBR,gh:onsset/onsset
akornelis,professional,,,gh:genxproject/genx.jl
akoslowski,professional,new-work xing-com,DEU,gh:akkudoktor-eos/eos
akram-6790,unknown,,,gh:tum-ewk/ficus
akrauss,unknown,,,gh:akkudoktor-eos/eos
akrhodedev,unknown,,,"gh:fzj-iek3-vsa/fine,gh:mesmo-dev/mesmo"
akrivi,unknown,,,"gh:nrel-sienna/powersimulations.jl,gh:nrel-sienna/powersystemsinvestments.jl"
akshayka,academic,marimo-team,,gh:mesmo-dev/mesmo
akuam1,unknown,,,gh:natlabrockies/reopt_api
akumler,unknown,,,gh:natlabrockies/pysam
akylasstrat,unknown,,,"gh:anl-ceeesa/unitcommitment.jl,gh:e2niee/pandapower,gh:gridfm/gridfm-graphkit,gh:highres-model/highres-europe,gh:sanpen/veragrid"
al13nus,unknown,,DEU,gh:akkudoktor-eos/eos
al3xa23,unknown,,,gh:villasframework/node
alabmh0d,industry,,SAU,"gh:adgefficiency/energy-py,gh:gh:adgefficiency/energy-py-linear,gh:pypsa/pypsa"
albalat22,unknown,,,gh:fzj-iek3-vsa/fine
albanpuech,unknown,,,gh:gridfm/gridfm-graphkit
albavilanova,academic,barcelona supercomputing center,ESP,gh:oemof/oemof-solph
alberto-borghetti,unknown,,,gh:curent/andes
albertogerri,unknown,,,gh:oemof/oemof-solph
albertsun0,academic,drw,,gh:rwl/pypower
aldabbagh,unknown,,,gh:calliope-project/calliope
aleBianchinii,unknown,,,gh:akkudoktor-eos/eos
alec-yen,unknown,,,gh:curent/andes
alecantoniou,unknown,,,gh:andrewlyden/pylesa
alechiodi,professional,e4sma,ITA,"gh:eiagov/bluesky,gh:etsap-times/times_model,gh:iit-energysystemmodels/opentepes"
alecomancy,unknown,,,gh:rwl/pypower
alefunxo,academic,ecole polytechnique federale de lausanne,CHE,"gh:epgoxford/open,gh:ipese/reho,gh:pielube/messpy,gh:pypsa/pypsa"
aleksei-mashlakov,utility,,BEL,"gh:gh:adgefficiency/energy-py-linear,gh:e2niee/pandapower,gh:epgoxford/open,gh:grid2op/grid2op,gh:powergridmodel/power-grid-model,gh:pypsa/pypsa,gh:rebase-energy/enflow,gh:tum-ewk/opentumflex"
alenadalexeeva,unknown,,,gh:powergridmodel/power-grid-model
alephTu,unknown,,,"gh:marvinler/pypownet,gh:susantoj/pypower-dynamics"
alessandrozocca,academic,vrije universiteit amsterdam,NLD,"gh:calliope-project/calliope,gh:pypsa/pypsa,gh:sanpen/veragrid"
alessobon,industry,,SWE,"gh:e2niee/pandapower,gh:powergridmodel/power-grid-model"
alex-LE,unknown,,DEU,gh:akkudoktor-eos/eos
alex-robinson,academic,"alfred wegener institute, helmholtz centre for polar and marine research",DEU,gh:spine-tools/spineopt.jl
alex-treebeard,industry,,GBR,gh:calliope-project/calliope
alexander-urquhart,unknown,,,gh:energyinnovation/eps-us
alexander_roth,professional,diw berlin,DEU,gl:diw-evu/dieter_public/dieterpy
alexanderkell,utility,voltwise power,GBR,"gh:energysystemsmodellinglab/muse_os,gh:iiasa/message_ix"
alexandrainst,academic,,DNK,gh:gridfm/gridfm-graphkit
alexboche,unknown,,,"gh:leonardgoeke/anymod.jl,gh:pypsa/pypsa"
alexdewar,academic,imperialcollegelondon,GBR,"gh:energysystemsmodellinglab/muse2,gh:energysystemsmodellinglab/muse_os"
alexfisch79,unknown,,,gh:akkudoktor-eos/eos
alexisolivo,professional,matapalo dev,ECU,gh:energysystemsmodellinglab/muse_os
alexkazachkov,unknown,,,gh:akkudoktor-eos/eos
alexmgl,industry,emirates water & electricity company (ewec),ARE,gh:powergridmodel/power-grid-model
alexmsrh,academic,,CHE,gh:gridfm/gridfm-graphkit
alexsescu,industry,,,gh:calliope-project/calliope
alexupm95,academic,polytechnical university of madrid,ESP,gh:curent/andes
alexvlachokostas,unknown,,,"gh:genxproject/genx.jl,gh:natlabrockies/reeds-2.0,gh:pencleanenergy/match-model,gh:pnnl/tesp"
alexxxfelice,unknown,,,"gh:andrewlyden/pylesa,gh:oemof/oemof-thermal,gh:pielube/messpy,gh:pypsa/pypsa"
alfoa,professional,nucube,,"gh:idaholab/heron,gh:idaholab/hybrid"
alfredsym,unknown,,,gh:rwl/pypower
ali-ashoor,industry,skedc,IRN,"gh:calliope-project/calliope,gh:pypsa/pypsa,gh:tum-ens/urbs"
aliajder,academic,yildiz technical university,TUR,gh:adamgreenhall/minpower
alicestamp,unknown,,,gh:calliope-project/calliope
alicezurru,unknown,,,gh:tulipaenergy/tulipaenergymodel.jl
aliebman,academic,monash energy institute,AUS,gh:opencemorg/opencem
aliehlen,unknown,,,"gh:natlabrockies/emerge,gh:natlabrockies/h2integrate,gh:natlabrockies/hopp,gh:natlabrockies/mafrit,gh:natlabrockies/pras,gh:natlabrockies/pysam,gh:natlabrockies/reeds-2.0"
alieth001,unknown,,,gh:natlabrockies/reopt_api
alihalabyah,unknown,,ARE,gh:akkudoktor-eos/eos
alihamdan,professional,roseautechnologies,FRA,gh:roseautechnologies/roseau_load_flow
alihobeali,unknown,,,gh:curent/andes
aliluc,unknown,,,"gh:blue-marble/gridpath,gh:opencemorg/opencem"
alinezhadi,academic,,IRN,gh:adamgreenhall/minpower
alintbq,unknown,,,gh:akkudoktor-eos/eos
alisonk103,unknown,,,gh:spine-tools/spineopt.jl
alissaganter,unknown,,,gh:zen-universe/zen-garden
aljubrmj,academic,stanford university,,"gh:oemof/oemof-solph,gh:pypsa/pypsa"
allameh72,unknown,,,gh:rwl/pypower
allcontributors[bot],unknown,,,"gh:rebase-energy/enflow,gh:tulipaenergy/tulipaenergymodel.jl"
allen-meow,unknown,,,"gh:calliope-project/calliope,gh:mesmo-dev/mesmo"
allenlawrence94,industry,tyba,USA,"gh:natlabrockies/pysam,gh:natlabrockies/sam"
allison-strandberg,unknown,,USA,gh:natlabrockies/pysam
almosnow,unknown,,,gh:matpower/most
alokkah,unknown,,,gh:adamgreenhall/minpower
alpernahir,academic,ege university,TUR,gh:powergridmodel/power-grid-model
alsenteris,unknown,,,gh:genxproject/genx.jl
aluscent,financial,blu bank,TUR,gh:ie3-institute/simona
alvarojd,academic,universidad de antioquia,COL,"gh:energy-modelling-toolkit/dispa-set,gh:genxproject/genx.jl,gh:iit-energysystemmodels/opentepes,gh:lanl-ansi/powermodels.jl,gh:pypsa/pypsa,gh:rwl/pypower,gh:sanpen/veragrid,gh:temoaproject/temoa"
alvrogd,professional,codee-com citiususc,ESP,gh:akkudoktor-eos/eos
alxbnct,unknown,,,"gh:energymodelsx/energymodelsbase.jl,gh:nrel-sienna/powersimulations.jl,gh:nrel-sienna/powersimulationsdynamics.jl,gh:nrel-sienna/powersystemsinvestments.jl"
alxpdt25,unknown,,,gh:oemof/oemof-solph
alxyng,industry,red rover interactive,GBR,gh:powergridmodel/power-grid-model
amagnasco,academic,ask me,ITA,gh:akkudoktor-eos/eos
amajeed11,unknown,,,gh:oemof/oemof-solph
amandadsmith,industry,project drawdown,USA,"gh:calliope-project/calliope,gh:nrel-sienna/powersimulations.jl,gh:romulus97/capow_py36"
amanmajid,utility,bayesian-energy,GBR,"gh:antaressimulatorteam/antares_simulator,gh:blue-marble/gridpath,gh:calliope-project/calliope,gh:epgoxford/open,gh:esmap-world-bank-group/epm,gh:lanl-ansi/powermodels.jl,gh:osemosys/osemosys,gh:powergridmodel/power-grid-model,gh:pypsa/pypsa,gh:temoaproject/temoa,gh:transition-zero/tz-osemosys,gh:tulipaenergy/tulipaenergymodel.jl"
amarant,unknown,,,"gh:antaressimulatorteam/antares_simulator,gh:etsap-times/times_model,gh:grid-parity-exchange/egret,gh:pypsa/pypsa,gh:tum-ens/rivus"
amarcheselli,unknown,,,gh:emlab/emlab-generation
amarvin,professional,hpinc,USA,gh:genxproject/genx.jl
amashlakov,unknown,,,"gh:adgefficiency/energy-py,gh:epri-dev/opender,gh:powergridmodel/power-grid-model,gh:sanpen/veragrid"
amazing9515,unknown,,,gh:pielube/messpy
amber821,unknown,,,gh:rwl/pypower
ambroisechabanol,unknown,,,gh:roseautechnologies/roseau_load_flow
amchaudhari,unknown,,USA,gh:genxproject/genx.jl
amdadulbari,professional,brac it services limited,BGD,gh:ie3-institute/simona
ameeuw,industry,exnaton ag,CHE,"gh:e2niee/pandapower,gh:pypsa/pypsa,gh:rwl/pypower"
ameliagreenhall,unknown,,USA,gh:adamgreenhall/minpower
amin-farjadi,unknown,,GBR,gh:akkudoktor-eos/eos
amir-gerges,unknown,,,gh:pencleanenergy/match-model
amirgazar,academic,virginia tech,USA,"gh:genxproject/genx.jl,gh:natlabrockies/reeds-2.0,gh:switch-model/switch"
amiuhle,unknown,,DEU,gh:akkudoktor-eos/eos
amlimaye,utility,tyba energy,USA,gh:natlabrockies/pysam
amnanni,unknown,,,gh:irena-flextool/flextool
amnsrhn,academic,institute of power engineering,,"gh:calliope-project/calliope,gh:osemosys/osemosys"
amooanate10-lab,unknown,,,"gh:powergridmodel/power-grid-model,gh:pypsa/pypsa"
amotl,industry,,,"gh:oemof/oemof-solph,gh:pypsa/pypsa"
an0n1man,industry,itk engineering,,gh:akkudoktor-eos/eos
an0on,unknown,,,gh:akkudoktor-eos/eos
anaalvarezmari,unknown,,,gh:natlabrockies/pysam
anamileva,professional,blue-marble,,"gh:blue-marble/gridpath,gh:eiagov/bluesky,gh:genxproject/genx.jl,gh:natlabrockies/pras,gh:natlabrockies/reeds-2.0,gh:natlabrockies/sam,gh:pypsa/pypsa,gh:switch-model/switch"
anandhusasikumar,industry,siemens,DEU,gh:gridfm/gridfm-graphkit
anandijain,unknown,,,"gh:curent/andes,gh:juliaenergy/powerdynamics.jl,gh:lanl-ansi/powermodels.jl,gh:nrel-sienna/powersimulations.jl,gh:nrel-sienna/powersimulationsdynamics.jl"
anarayan131,unknown,,,gh:villasframework/node
anatolicvs,professional,deutsches elektronen-synchrotron,DEU,"gh:lanl-ansi/powermodels.jl,gh:natlabrockies/sam,gh:nrel-sienna/powersimulations.jl,gh:oemof/oemof-solph,gh:oemof/oemof-thermal"
anchapin,research,national renewable energy laboratory,,gh:natlabrockies/sam
anchapin,unknown,,,gl:energyincities/python-ehub
anchen1011,industry,,GBR,"gh:adgefficiency/energy-py,gh:e2niee/pandapower"
ander-db,academic,,ESP,gh:powergridmodel/power-grid-model
andialles,unknown,,,"gh:fzj-iek3-vsa/fine,gh:philipphaertel/emprise"
andig,professional,evcc.io,DEU,gh:akkudoktor-eos/eos
andimoto,unknown,,,gh:akkudoktor-eos/eos
andiwirs,unknown,,,gh:akkudoktor-eos/eos
andreabragantini,industry,citcea-upc,ESP,gh:e2niee/pandapower
andreagm1994,industry,cartif,ESP,gh:oemof/oemof-solph
andreas-bulling,unknown,,,"gh:akkudoktor-eos/eos,gh:natlabrockies/sam"
andreiilas,utility,,,"gh:genxproject/genx.jl,gh:pypsa/pypsa"
andrejditz,unknown,,,gh:akkudoktor-eos/eos
andres324,unknown,,,"gh:ames-market/psst,gh:energy-modelling-toolkit/dispa-set"
andresgarciaacosta,unknown,,,"gh:natlabrockies/pysam,gh:natlabrockies/sam"
andresgm,academic,universidad de los andes,COL,"gh:natlabrockies/pysam,gh:natlabrockies/sam,gh:oemof/oemof-solph,gh:oemof/oemof-thermal,gh:pypsa/pypsa"
andresorge,unknown,,,gh:adamgreenhall/minpower
andrew-mortimer,unknown,,,gh:etsap-times/times_model
andrewaikman8,academic,colorado school of mines,USA,"gh:natlabrockies/hopp,gh:natlabrockies/sam"
andrewlee94,unknown,,,gh:gmlc-dispatches/dispatches
andrewlyden,unknown,,,"gh:andrewlyden/pylesa,gh:eiagov/bluesky,gh:genxproject/genx.jl"
andrewnachtigal,professional,,USA,gh:adgefficiency/energy-py
andrewsg3,academic,university of edinburgh,GBR,gh:onsset/onsset
andrewtclark,unknown,,USA,gh:calliope-project/calliope
andrin-price-meier-and-his-crew,unknown,,CHE,gh:calliope-project/calliope
andy-moser,unknown,,,gh:juliaenergy/joulia.jl
andyalt23,unknown,,ITA,gh:assume-framework/assume
andylam598,unknown,,,gh:natlabrockies/pysam
andyluiiz13,unknown,,,gh:akkudoktor-eos/eos
andywang65384,unknown,,,"gh:drafproject/draf,gh:oemof/oemof-solph,gh:oemof/oemof-thermal,gh:osemosys/osemosys,gh:pypsa/pypsa,gh:rheia-framework/rheia"
anedelcu2002,unknown,,,gh:calliope-project/calliope
aneeshamanocha,unknown,,,gh:genxproject/genx.jl
anelam,professional,rewe digital,DEU,gh:akkudoktor-eos/eos
angelara,unknown,,,gh:emlab/emlab-generation
angelinebin,industry,,GRC,"gh:microgrids-x/microgrids.py,gh:pypsa/pypsa"
angelxmoreira,academic,,PRT,gh:assume-framework/assume
anginehz,unknown,,,gh:e3-/resolve
angusshire,academic,university of california berkeley,USA,gh:adamgreenhall/minpower
ani-mohan,academic,,,gh:genxproject/genx.jl
anilthum,unknown,,,gh:natlabrockies/paraemt_public
anirudh-ramesh,industry,irasus technologies private limited ( irasus-technologies),IND,"gh:e2niee/pandapower,gh:natlabrockies/pysam,gh:natlabrockies/sam,gh:pypsa/pypsa,gh:rwl/pypower"
anirudhs96,unknown,,USA,gh:rwl/pypower
anishsugathan,unknown,,,gh:etsap-times/times_model
anitakabir,unknown,,,gh:emlab/emlab-generation
anju-a,academic,indian institute of technology kanpur,IND,gh:villasframework/node
ankitnaik177,professional,wolframresearch,,gh:openipsl/openipsl
ankramer,academic,,USA,gh:natlabrockies/pras
ankushkhakale,academic,neon genesis,IND,gh:natlabrockies/reopt_api
ann-sherin,unknown,,,gh:nlr-distribution-suite/erad
anruly,unknown,,,gh:adamgreenhall/minpower
anselms,industry,tetrel gmbh,DEU,gh:adgefficiency/energy-py
anthony-wang,academic,,DEU,gh:akkudoktor-eos/eos
antibir,unknown,,TUR,gh:akkudoktor-eos/eos
anticultist,unknown,,DEU,gh:akkudoktor-eos/eos
antogerva,unknown,,,gh:akkudoktor-eos/eos
antonchuvashow,unknown,,,"gh:curent/andes,gh:e2niee/pandapower"
antonhinneck,unknown,,DEU,"gh:grid2op/grid2op,gh:lanl-ansi/powermodels.jl,gh:lanl-ansi/powermodelsannex.jl"
antoninodimaggio,unknown,,USA,gh:genxproject/genx.jl
antoniodepadova,unknown,,,gh:calliope-project/calliope
antoniomangoni,industry,,,gh:emlab/emlab-generation
antonplietzsch,unknown,,,"gh:juliaenergy/powerdynamics.jl,gh:lanl-ansi/powermodels.jl,gh:nrel-sienna/powersimulationsdynamics.jl"
antviro,academic,upct,ESP,"gh:natlabrockies/hopp,gh:oemof/oemof-solph,gh:vub-hydr/revub"
anud-07,unknown,,,gh:rwl/pypower
anuj-git-coding,academic,university of cambridge,,gh:genxproject/genx.jl
anujgs,industry,,FRA,gh:fzj-iek3-vsa/fine
anukul1392001,industry,,IND,gh:upb-lea/electricgrid.jl
anuragsodhi,financial,,USA,gh:opencemorg/opencem
anyaxie,unknown,,,gh:zen-universe/zen-garden
aorbegozo,unknown,,,gh:gridoptics/gridpack
aosoriom7,unknown,,,"gh:calliope-project/calliope,gh:curent/andes,gh:e2niee/pandapower,gh:grid2op/grid2op,gh:lanl-ansi/powermodels.jl,gh:matpower/matpower,gh:pypsa/pypsa,gh:rwl/pypower,gh:sanpen/veragrid,gh:susantoj/pypower-dynamics"
aoustry,utility,reseau de transport d'electricite,FRA,"gh:antaressimulatorteam/antares_simulator,gh:pypsa/pypsa"
apalom,academic,university of utah,USA,gh:curent/andes
apardo-maker,unknown,,,gh:fzj-iek3-vsa/fine
aperiodicchain,unknown,,DEU,gh:akkudoktor-eos/eos
apetersson,professional,capacity,AUT,gh:akkudoktor-eos/eos
apigott,professional,open energy transition,,"gh:e2niee/pandapower,gh:epgoxford/open,gh:openipsl/openipsl"
aporrasc,unknown,,,"gh:anl-ceeesa/unitcommitment.jl,gh:spine-tools/spineopt.jl,gh:tulipaenergy/tulipaenergymodel.jl"
apparell,industry,plasive technologies,ITA,gh:calliope-project/calliope
appleweiping,academic,,,gh:powergridmodel/power-grid-model
aprilliaah,unknown,,,gh:calliope-project/calliope
aqoraj,unknown,,,"gh:e2niee/pandapower,gh:ie3-institute/powersystemdatamodel,gh:ie3-institute/simona"
arajaku,unknown,,,gh:natlabrockies/paraemt_public
arangosx-lonv,unknown,,,"gh:ancillaryservicesacquisitionmodel/asam,gh:emma-model/emma,gh:genxproject/genx.jl,gh:lkruitwagen/global-fossil-fuel-supply-chain,gh:natlabrockies/reeds-2.0,gh:switch-model/switch,gh:vub-hydr/revub"
aranyavenkatesh,unknown,,,gh:temoaproject/temoa
arbit3rr,unknown,,,"gh:epgoxford/open,gh:grid2op/grid2op,gh:pypsa/pypsa"
arc-pbc-co,unknown,,,gh:eiagov/bluesky
ardequeiroz,unknown,,,gh:temoaproject/temoa
arduinoll,unknown,,,"gh:bje-/nemo,gh:curent/andes,gh:dss-extensions/dss_capi,gh:dynawo/dynawo,gh:e2niee/pandapower,gh:emma-model/emma,gh:epri-dev/opender,gh:grid2op/grid2op,gh:lanl-ansi/powermodels.jl,gh:manuvarkey/gelectrical,gh:marvinler/pypownet,gh:matpower/matpower,gh:natlabrockies/pysam,gh:natlabrockies/sam,gh:oemof/oemof-solph,gh:openipsl/openipsl,gh:powsybl/powsybl-core,gh:pypsa/pypsa,gh:rwl/pypower,gh:sanpen/veragrid,gh:susantoj/pypower-dynamics,gh:switch-model/switch"
are279,unknown,,,gh:curent/andes
areidyOTH,unknown,,,"gh:lanl-ansi/powermodels.jl,gh:oemof/oemof-solph,gh:pypsa/pypsa"
areleu,professional,dlr,DEU,"gh:iiasa/message_ix,gh:irena-flextool/flextool"
areleu,unknown,,,gl:dlr-ve/esy/remix/framework
arengel,professional,rmi,USA,"gh:blue-marble/gridpath,gh:breakthrough-energy/reise.jl,gh:calliope-project/calliope,gh:e2niee/pandapower,gh:energyinnovation/eps-us,gh:genxproject/genx.jl,gh:idaholab/heron,gh:lkruitwagen/global-fossil-fuel-supply-chain,gh:natlabrockies/pras,gh:natlabrockies/pysam,gh:natlabrockies/reeds-2.0,gh:natlabrockies/sam,gh:oemof/oemof-solph,gh:pypsa/pypsa,gh:switch-model/switch"
arepodesir,industry,whoisarepo,USA,gh:powergridmodel/power-grid-model
arght,academic,universidad pontificia comillas,,"gh:iit-energysystemmodels/opensduc,gh:iit-energysystemmodels/opentepes,gh:iit-energysystemmodels/starlite"
argjim,unknown,,,gh:oemof/oemof-solph
argonne-cps,unknown,,USA,gh:erf-model/erf
arh-eia,unknown,,,gh:eiagov/bluesky
ariane-millot,unknown,,,gh:irena-flextool/flextool
ariathefirst,industry,microsoft,,gh:gridoptics/gridpack
arifa7med,unknown,,,gh:mesmo-dev/mesmo
arifur0060,professional,independent consultant,ROU,"gh:esmap-world-bank-group/epm,gh:irena-flextool/flextool,gh:nrel-sienna/powersimulations.jl,gh:pypsa/pypsa,gh:richard-weinhold/pomato"
arijit91c,academic,,IND,"gh:natlabrockies/pysam,gh:pypsa/pypsa"
ariqpradipa,industry,traveloka,,gh:akkudoktor-eos/eos
arisaka97,industry,state grid corporation of china,CHN,"gh:curent/andes,gh:e2niee/pandapower"
arislan82,unknown,,,gh:akkudoktor-eos/eos
arnaud-leroy,professional,kit,DEU,gh:calliope-project/calliope
arnaudvanhool,unknown,,,gh:calliope-project/calliope
arnavgautam,unknown,,,gh:ie3-institute/simona
arneman,unknown,,,gh:akkudoktor-eos/eos
arthurdu72,unknown,,,gh:natlabrockies/pysam
arthurrinaldi,unknown,,,gh:arthurrinaldi/grimsel
artlesshao,unknown,,,gh:ie3-institute/simona
arturmerzh,unknown,,,gh:akkudoktor-eos/eos
arturmiller,unknown,,,gh:akkudoktor-eos/eos
arunbalas,academic,arizona state university,USA,gh:natlabrockies/reopt_api
arunveeramany,unknown,,,gh:gridoptics/gridpack
arvensyla,unknown,,,"gh:arthurrinaldi/grimsel,gh:e2niee/pandapower"
arvindsrinii,unknown,,,gh:zen-universe/zen-garden
asalmgren,government,ccse,,gh:erf-model/erf
asashishh,unknown,,,gh:spine-tools/spineopt.jl
asbel007,unknown,,,"gh:energy-modelling-toolkit/dispa-set,gh:microgridspy/microgridspy"
ascend2018,unknown,,,"gh:adgefficiency/energy-py,gh:chrisyeh96/sustaingym,gh:grid2op/grid2op"
aschleif,unknown,,,"gh:natlabrockies/rodeo,gh:nrel-sienna/powersimulations.jl,gh:pypsa/pypsa,gh:switch-model/switch"
ascillato,industry,scallant tasmota,CAN,"gh:natlabrockies/pysam,gh:natlabrockies/sam"
aseemann,industry,netresearch gmbh & co. kg,DEU,gh:akkudoktor-eos/eos
ash80,industry,mistral ai,GBR,gh:oemof/oemof-solph
ashispapu,unknown,,IND,gh:adgefficiency/energy-py
ashoksekar7,unknown,,,gh:assume-framework/assume
ashutoshsingh161,academic,,IND,gh:vub-hydr/revub
asilani,unknown,,,gh:tulipaenergy/tulipaenergymodel.jl
asiotto8,unknown,,,gh:pielube/messpy
asmith26,unknown,,,"gh:natlabrockies/sam,gh:oemof/oemof-solph"
asmkhan,unknown,,,gh:emlab/emlab-generation
asmunder,unknown,,,"gh:erf-model/erf,gh:lkruitwagen/global-fossil-fuel-supply-chain"
asolavi,unknown,,,gh:pielube/messpy
aspashur,academic,,GHA,gh:onsset/onsset
aspitarl,research,national energy technology laboratory,USA,"gh:gmlc-dispatches/dispatches,gh:pypsa/pypsa"
assineu,unknown,,,gh:akkudoktor-eos/eos
astefano,unknown,,FRA,"gh:calliope-project/calliope,gh:pypsa/pypsa"
astrojuanlu,professional,canonical,ESP,"gh:e2niee/pandapower,gh:oemof/oemof-solph,gh:tum-ens/urbs"
ataricoder,industry,,USA,gh:akkudoktor-eos/eos
atemmo,unknown,,,"gh:anl-ceeesa/unitcommitment.jl,gh:e2niee/pandapower,gh:lanl-ansi/powermodels.jl,gh:nrel-sienna/powersimulations.jl,gh:powergridmodel/power-grid-model,gh:pypsa/pypsa,gh:richard-weinhold/pomato,gh:spine-tools/spineopt.jl"
athorne-dev,unknown,,,gh:akkudoktor-eos/eos
atlonxp,academic,,THA,gh:akkudoktor-eos/eos
atmyers,unknown,,USA,gh:erf-model/erf
atpham88,government,national renewable energy laboratory,USA,"gh:genxproject/genx.jl,gh:natlabrockies/reopt.jl,gh:sei-international/nemomod.jl,gh:temoaproject/temoa"
attila-balint-kul,unknown,,,gh:spine-tools/spineopt.jl
attilaf3,unknown,,,gh:richard-weinhold/pomato
atworktv,unknown,,,gh:akkudoktor-eos/eos
audreyf9712,unknown,,,gh:roseautechnologies/roseau_load_flow
augustweinbren,unknown,,,"gh:calliope-project/calliope,gh:natlabrockies/hopp"
aulbio,unknown,,DEU,gh:akkudoktor-eos/eos
austin-snyder,unknown,,,gh:natlabrockies/reopt_api
avalderr,unknown,,,gh:natlabrockies/pysam
avantgarde0707,unknown,,,gh:akkudoktor-eos/eos
avarbella,academic,eth zurich,CHE,"gh:gridfm/gridfm-graphkit,gh:pypsa/pypsa"
avikai,unknown,,,gh:genxproject/genx.jl
avinashresearch1,professional,juliahub,NOR,"gh:energymodelsx/energymodelsbase.jl,gh:tulipaenergy/tulipaenergymodel.jl"
avpeery,unknown,,USA,gh:slacgismo/tess
avtr108,unknown,,,gh:akkudoktor-eos/eos
awabbes,unknown,,,gh:natlabrockies/hopp
awelsz,unknown,,,gh:calliope-project/calliope
awgutierrez,unknown,,,gh:spine-tools/spineopt.jl
ax3l,research,lawrence berkeley national laboratory,USA,gh:erf-model/erf
axhang13,unknown,,,"gh:assume-framework/assume,gh:pypsa/pypsa"
aydinnyunus,unknown,,,gh:akkudoktor-eos/eos
ayenpure,industry,"kitware, inc.",USA,gh:temoaproject/temoa
ayeosq,unknown,,,gh:adamgreenhall/minpower
ayoshida100,academic,waseda university,JPN,"gh:calliope-project/calliope,gh:iiasa/message_ix,gh:pypsa/pypsa"
ayp234,unknown,,,gh:fzj-iek3-vsa/fine
ayushchutani,academic,michigan technological university,USA,gh:natlabrockies/pysam
azerbe,professional,aqube,DEU,gh:akkudoktor-eos/eos
azhang315,unknown,,,"gh:curent/andes,gh:pypsa/pypsa,gh:sanpen/veragrid"
b-jesse,unknown,,,gh:calliope-project/calliope
b0661,unknown,,DEU,gh:akkudoktor-eos/eos
b1ggi,unknown,,,gh:akkudoktor-eos/eos
b1lagaana,unknown,,,gh:akkudoktor-eos/eos
b3tzel,academic,,DEU,gh:akkudoktor-eos/eos
babajun12,unknown,,,gh:akkudoktor-eos/eos
babakkhavari,professional,seforall,SWE,gh:onsset/onsset
baborok,utility,,,gh:microgrids-x/microgrids.py
babywade,academic,xi'an jiao tong university,CHN,"gh:changgang/steps,gh:curent/andes"
badeyjohnson,unknown,,,gh:calliope-project/calliope
badynmt,unknown,,,gh:genxproject/genx.jl
baeniv,academic,eth zurich,,gh:zen-universe/zen-garden
bagussundaru,industry,,,gh:akkudoktor-eos/eos
bajfi,academic,,CHN,gh:akkudoktor-eos/eos
bakayukkuri,unknown,,,gh:energy-modelling-toolkit/dispa-set
balasista,unknown,,,gh:akkudoktor-eos/eos
balcortex,industry,,,gh:adgefficiency/energy-py
balkans-energy-modelling,unknown,,,gh:energy-modelling-toolkit/dispa-set
bamamelnik,unknown,,,gh:akkudoktor-eos/eos
banjewl,unknown,,,gh:rwl/pypower
bankh,industry,,USA,gh:openipsl/openipsl
baperry2,government,national lab of the rockies,USA,gh:erf-model/erf
barajale,academic,,USA,gh:juliaenergy/powerdynamics.jl
baranator,unknown,,DEU,gh:akkudoktor-eos/eos
barbarmarc,industry,massachusetts intitute of technology,USA,"gh:nrel-sienna/powersimulations.jl,gh:oemof/oemof-solph,gh:openego/edisgo,gh:openego/ego,gh:pypsa/pypsa,gh:sanpen/veragrid"
barche,academic,royal military academy,BEL,gh:tulipaenergy/tulipaenergymodel.jl
barionleg,industry,(c)yamahatidassu(r),,gh:temoaproject/temoa
barker59,utility,fractal energy storage consultants,USA,"gh:natlabrockies/h2integrate,gh:natlabrockies/hopp"
barnik321,professional,target,IND,gh:openipsl/openipsl
bartgips,unknown,,,gh:powergridmodel/power-grid-model
bassmaster187,unknown,,DEU,gh:akkudoktor-eos/eos
basti242,unknown,,DEU,gh:akkudoktor-eos/eos
bastienexts,unknown,,CHE,gh:calliope-project/calliope
basxto,unknown,,not found,gh:akkudoktor-eos/eos
baszach,unknown,,,"gh:ie3-institute/powersystemdatamodel,gh:ie3-institute/simona"
batmuffino,professional,pei,DEU,gh:fzj-iek3-vsa/fine
batthebee,unknown,,,gh:akkudoktor-eos/eos
baumbude,academic,fraunhofer ieg,,"gh:flixopt/flixopt,gh:fzj-iek3-vsa/fine,gh:oemof/oemof-solph"
baumconsult,industry,b.a.u.m. consult gmbh,,gh:oemof/oemof-solph
bayc,research,national renewable energy laboratory,USA,"gh:natlabrockies/h2integrate,gh:natlabrockies/hopp"
bb1,professional,powercloudgmbh,DEU,gh:akkudoktor-eos/eos
bb1bo,unknown,,,"gh:bje-/nemo,gh:rwl/pypower"
bbbwanglei,unknown,,,"gh:blue-marble/gridpath,gh:energy-modelling-toolkit/dispa-set,gh:iit-energysystemmodels/opentepes"
bblakeley,research,,USA,gh:erf-model/erf
bblakely0,research,argonne national laboratory,,"gh:e2niee/pandapower,gh:epri-dev/opender,gh:pypsa/pypsa,gh:rwl/pypower"
bbnoel,unknown,,,gh:pencleanenergy/match-model
bbrannon4,unknown,,,gh:calliope-project/calliope
bcjanmay,academic,,IND,"gh:nrel-sienna/powersimulationsdynamics.jl,gh:upb-lea/electricgrid.jl"
bcornick,financial,impact-finance,USA,gh:gridfm/gridfm-graphkit
bda838809-hash,unknown,,,gh:curent/andes
bdietermann,academic,,,gh:oemof/oemof-solph
bdw,unknown,,NLD,gh:rwl/pypower
beajifu,industry,ea systems dresden gmbh,DEU,gh:oemof/oemof-solph
beanieboi,professional,heroku,DEU,gh:akkudoktor-eos/eos
bear-two-cmd,unknown,,,"gh:changgang/steps,gh:curent/andes"
beatboxerish,utility,,IND,gh:natlabrockies/reopt_api
beckerffm,unknown,,,gh:akkudoktor-eos/eos
beierd,unknown,,,"gh:oemof/oemof-solph,gh:reegis/deflex"
bekiralti,academic,rheinisch westfalische technische hochschule aachen,DEU,gh:villasframework/node
bellawatt,unknown,,,gh:natlabrockies/reopt_api
beltran99,academic,,AUT,"gh:iee-tugraz/lego,gh:iit-energysystemmodels/opentepes"
belwolf-program,unknown,,,gh:gridoptics/gridpack
bencamus,unknown,,,gh:antaressimulatorteam/antares_simulator
bendnorman,professional,catalyst coop,USA,"gh:blue-marble/gridpath,gh:genxproject/genx.jl,gh:temoaproject/temoa"
benebrueck,unknown,,,gh:upb-lea/electricgrid.jl
benedekkupper,industry,,,gh:akkudoktor-eos/eos
benhpe,unknown,,DEU,gh:akkudoktor-eos/eos
benjaminkee,unknown,,,"gh:natlabrockies/h2integrate,gh:natlabrockies/hopp"
benlagane,unknown,,,gh:antaressimulatorteam/antares_simulator
benlongo,industry,"valis insights, inc.",USA,"gh:lanl-ansi/powermodels.jl,gh:natlabrockies/pras,gh:pypsa/pypsa,gh:richard-weinhold/pomato"
bennobiber,unknown,,,gh:akkudoktor-eos/eos
bennyb21,unknown,,DEU,gh:akkudoktor-eos/eos
bennyweise,unknown,,,"gh:bje-/nemo,gh:genxproject/genx.jl,gh:lkruitwagen/global-fossil-fuel-supply-chain"
benoit9126,professional,roseautechnologies,FRA,gh:roseautechnologies/roseau_load_flow
benoitvernay,industry,,not found,gh:leonardgoeke/anymod.jl
benstyle11,unknown,,,gh:antaressimulatorteam/antares_simulator
benytzlich,unknown,,,gh:akkudoktor-eos/eos
bergkvist,industry,sr. software engineer succinct,NOR,"gh:curent/andes,gh:e2niee/pandapower,gh:grid2op/grid2op,gh:lanl-ansi/powermodels.jl,gh:manuvarkey/gelectrical,gh:marvinler/pypownet,gh:nrel-sienna/powersimulations.jl,gh:sanpen/veragrid"
beriberikix,industry,golioth,USA,"gh:akkudoktor-eos/eos,gh:powergridmodel/power-grid-model"
beritRLI,professional,deutsche gesellschaft fur sonnenenergie,DEU,gh:oemof/oemof-solph
berkantaslan,industry,,TUR,gh:akkudoktor-eos/eos
berkorbay,professional,tideseed,TUR,"gh:genxproject/genx.jl,gh:oemof/oemof-solph"
berma-92,unknown,,,gh:tum-ens/rivus
bernhardkaindl,industry,xenserver,AUT,gh:akkudoktor-eos/eos
berry,professional,cooperatie doon u.a.,NLD,gh:akkudoktor-eos/eos
bertramr,unknown,,,"gh:curent/andes,gh:matpower/matpower,gh:oemof/oemof-solph"
bestnub,unknown,,DEU,gh:akkudoktor-eos/eos
betaxell,unknown,,,gh:spf-ost/optihood
bethem,professional,eagle-rock-analytics,,gh:natlabrockies/pysam
beutlich,unknown,,,gh:openipsl/openipsl
bfncs,industry,sipgate,DEU,gh:ie3-institute/simona
bgillessen,unknown,,,gh:calliope-project/calliope
bhanuckk,unknown,,,gh:curent/andes
bheijden,academic,delft university of technology,NLD,gh:oemof/oemof-solph
bhoenle,academic,,DEU,gh:oemof/oemof-solph
bibek688,unknown,,,gh:rwl/pypower
bidan-zhang,unknown,,,gh:natlabrockies/paraemt_public
biemann,academic,,DNK,gh:adgefficiency/energy-py
bigheadcar,unknown,,,gh:natlabrockies/hopp
bijwaard,industry,smart state technology,NLD,gh:powergridmodel/power-grid-model
bikiranguha,unknown,,,gh:gridoptics/gridpack
bimec,unknown,,,"gh:epri-dev/opender,gh:grid2op/grid2op,gh:matpower/matpower,gh:nreca-bts/omf,gh:villasframework/node"
bimtauer,industry,,,gh:calliope-project/calliope
bingfeng-huoyan,academic,tianjin university,CHN,"gh:anl-ceeesa/unitcommitment.jl,gh:changgang/steps,gh:critical-infrastructure-systems-lab/pownet,gh:curent/andes,gh:genxproject/genx.jl,gh:iit-energysystemmodels/starlite,gh:juliaenergy/powerdynamics.jl,gh:lanl-ansi/powermodels.jl,gh:mesmo-dev/mesmo,gh:prep-next/prep-shot,gh:pypsa/pypsa,gh:vub-hydr/revub"
binghui89,industry,general electric,USA,"gh:matpower/matpower,gh:temoaproject/temoa"
bingqingchen,unknown,,,gh:rwl/pypower
bipasaagrawal,unknown,,,gl:sesit/silver
birgits,professional,50hertz,DEU,"gh:oemof/oemof-solph,gh:oemof/oemof-thermal,gh:openego/edisgo,gh:openego/ego,gh:pypsa/pypsa"
bischoff-m,academic,,,gh:juliaenergy/powerdynamics.jl
bitfbnl,unknown,,,gh:akkudoktor-eos/eos
bitgrid-research,academic,bitgridai,DEU,gh:akkudoktor-eos/eos
bittergrass,unknown,,CHN,"gh:adgefficiency/energy-py,gh:matpower/matpower"
bitterhoneyy,unknown,,CHN,"gh:ahalev/python-microgrid,gh:bje-/nemo,gh:e2niee/pandapower,gh:grid2op/grid2op,gh:pypsa/pypsa,gh:richard-weinhold/pomato,gh:rwl/pypower"
bittricky,unknown,,,gh:akkudoktor-eos/eos
bjarot,unknown,,,gh:akkudoktor-eos/eos
bje-,unknown,,AUS,"gh:bje-/nemo,gh:natlabrockies/pysam,gh:natlabrockies/sam,gh:opencemorg/opencem,gh:pypsa/pypsa,gh:unsw-ceem/nempy"
bjk201,unknown,,,gh:akkudoktor-eos/eos
bjmarc,unknown,,,gh:antaressimulatorteam/antares_simulator
bjoernh,unknown,,DEU,gh:akkudoktor-eos/eos
bjospre2388,unknown,,,gh:akkudoktor-eos/eos
bjpalmer,unknown,,,"gh:gridoptics/gridpack,gh:pnnl/exago"
bkief,unknown,,,"gh:adamgreenhall/minpower,gh:e2niee/pandapower,gh:gridoptics/gridpack,gh:lanl-ansi/powermodels.jl,gh:pypsa/pypsa,gh:rwl/pypower,gh:sanpen/veragrid"
bkkujala,professional,dunsky energy + climate advisors,CAN,"gh:blue-marble/gridpath,gh:temoaproject/temoa"
bknueven,unknown,,,"gh:gmlc-dispatches/dispatches,gh:grid-parity-exchange/egret,gh:nrel-sienna/powersimulations.jl"
bks34,unknown,,,gh:curent/andes
bkt92,academic,self employee,VNM,gh:etsap-times/times_model
bkwang18,unknown,,,gh:erf-model/erf
blackmirroxx,academic,,DEU,gh:akkudoktor-eos/eos
blackmount8,unknown,,,"gh:e2niee/pandapower,gh:pypsa/pypsa,gh:rwl/pypower"
blaze1111,unknown,,,gh:akkudoktor-eos/eos
blebo,unknown,,AUS,"gh:adamgreenhall/minpower,gh:e2niee/pandapower,gh:natlabrockies/paraemt_public,gh:nrel-sienna/powersimulationsdynamics.jl,gh:pypsa/pypsa,gh:rwl/pypower,gh:sanpen/veragrid,gh:unsw-ceem/nempy"
blegat,professional,"inma, icteam, uclouvain",BEL,"gh:genxproject/genx.jl,gh:lanl-ansi/powermodels.jl,gh:lanl-ansi/powermodelsannex.jl,gh:leonardgoeke/anymod.jl,gh:lukasbarner/hydrogenmod.jl,gh:nrel-sienna/powersimulations.jl,gh:spine-tools/spineopt.jl"
blmass,unknown,,,"gh:calliope-project/calliope,gh:oemof/oemof-solph,gh:osemosys/osemosys,gh:pypsa/pypsa,gh:sanpen/veragrid,gh:temoaproject/temoa"
blockwatcher,unknown,,,gh:akkudoktor-eos/eos
bluejuniper,government,los alamos national laboratory,USA,"gh:curent/andes,gh:e2niee/pandapower,gh:grid-parity-exchange/egret,gh:lanl-ansi/powermodels.jl,gh:matpower/matpower,gh:mzy2240/esa,gh:nreca-bts/omf,gh:nrel-sienna/powersimulations.jl,gh:osemosys/osemosys,gh:pypsa/pypsa,gh:sanpen/veragrid"
bmahoney5,professional,,,gh:e3-/resolve
bmichael86,unknown,,,gh:akkudoktor-eos/eos
bmlancien,professional,independent consultant,PRT,gh:oemof/oemof-solph
bmorphism,government,plurigrid,USA,"gh:epgoxford/open,gh:genxproject/genx.jl,gh:irena-flextool/flextool,gh:leonardgoeke/anymod.jl,gh:natlabrockies/pras,gh:nrel-sienna/powersimulations.jl,gh:nrel-sienna/powersimulationsdynamics.jl,gh:pencleanenergy/match-model,gh:temoaproject/temoa,gh:tulipaenergy/tulipaenergymodel.jl"
bmoscona,unknown,,,"gh:blue-marble/gridpath,gh:etsap-times/times_model,gh:natlabrockies/pysam,gh:openego/edisgo,gh:osemosys/osemosys,gh:powsybl/pypowsybl,gh:pypsa/pypsa"
bnajafi,academic,dataoptimalab - politecnico di milano,ITA,"gh:adgefficiency/energy-py,gh:calliope-project/calliope,gh:irena-flextool/flextool,gh:leonardgoeke/anymod.jl,gh:oemof/oemof-solph,gh:tum-ens/urbs"
bo-wu,unknown,,,"gh:adamgreenhall/minpower,gh:rwl/pypower,gh:susantoj/pypower-dynamics"
bobbyxng,academic,,,"gh:juliaenergy/joulia.jl,gh:pypsa/pypsa,gh:sanpen/veragrid"
bodoboffo,unknown,,,gh:akkudoktor-eos/eos
boennemann,industry,prosperity-solutions,FRA,gh:akkudoktor-eos/eos
boerni,unknown,,,gh:akkudoktor-eos/eos
bohanlab,unknown,,CHN,gh:natlabrockies/paraemt_public
bojanb98,unknown,,,gh:akkudoktor-eos/eos
bokani246,unknown,,,"gh:fzj-iek3-vsa/fine,gh:mesmo-dev/mesmo"
boli9301,professional,cqu,,"gh:curent/andes,gh:fzj-iek3-vsa/fine,gh:switch-model/switch"
bollegijscoding,unknown,,,gh:adgefficiency/energy-py
boltbeard,unknown,,,"gh:e2niee/pandapower,gh:juliaenergy/powerdynamics.jl,gh:nrel-sienna/powersimulations.jl,gh:openego/edisgo,gh:openego/ego,gh:osemosys/osemosys,gh:sanpen/veragrid"
bonsai-lab,unknown,,,gh:eiagov/bluesky
boppbo,unknown,,DEU,gh:akkudoktor-eos/eos
bourdeet,academic,,,gh:gridfm/gridfm-graphkit
boyuan276,academic,cornell university,USA,"gh:blue-marble/gridpath,gh:curent/andes,gh:e2niee/pandapower,gh:eiagov/bluesky,gh:epri-dev/opender,gh:genxproject/genx.jl,gh:lanl-ansi/powermodels.jl,gh:matpower/matpower,gh:natlabrockies/pras,gh:natlabrockies/pysam,gh:natlabrockies/reeds-2.0,gh:nrel-sienna/powersimulations.jl,gh:powergridmodel/power-grid-model,gh:pypsa/pypsa,gh:rwl/pypower,gh:spine-tools/spineopt.jl,gh:switch-model/switch,gh:youngfaithful/capacityexpansion.jl"
bpalmintier,research,national renewable energy laboratory,USA,gh:nlr-distribution-suite/erad
bpaul4,unknown,,,gh:gmlc-dispatches/dispatches
bperry65,unknown,,,gh:erf-model/erf
bpetit,professional,hubblo-org,FRA,"gh:energyscope/energyscope,gh:epgoxford/open,gh:osemosys/osemosys,gh:richard-weinhold/pomato"
bpierpont,unknown,,,gh:genxproject/genx.jl
bpulluta,research,national renewable energy laboratory,,gh:natlabrockies/reopt.jl
bra1nbuster,unknown,,,gh:akkudoktor-eos/eos
bradbase,unknown,,AUS,"gh:natlabrockies/pysam,gh:oemof/oemof-solph,gh:oemof/oemof-thermal,gh:rl-institut/multi-vector-simulator"
bradenpecora,academic,the university of texas at austin,USA,"gh:genxproject/genx.jl,gh:natlabrockies/reeds-2.0,gh:switch-model/switch,gh:tum-ens/urbs"
bramstoeller,professional,brain builders bv,NLD,"gh:e2niee/pandapower,gh:powergridmodel/power-grid-model"
brandon-o,unknown,,,gh:akkudoktor-eos/eos
brankokosovic,academic,national center for atmospheric research,USA,gh:erf-model/erf
brauliobarahona,unknown,,,"gh:calliope-project/calliope,gh:curent/andes,gh:e2niee/pandapower,gh:epgoxford/open,gh:grid2op/grid2op,gh:ipese/reho,gh:nreca-bts/omf,gh:pypsa/pypsa,gh:sanpen/veragrid,gh:sogno-platform/dpsim,gh:tum-ens/urbs,gh:tum-ewk/ficus,gh:tum-ewk/opentumflex"
brayand,utility,,USA,"gh:nreca-bts/omf,gh:pencleanenergy/match-model"
breeze-zhaofei,unknown,,,"gh:calliope-project/calliope,gh:dgusain1/energysim,gh:mesmo-dev/mesmo,gh:pypsa/pypsa"
brenner-tobias,professional,deloitte,,gh:akkudoktor-eos/eos
bresche,professional,balvi,,gh:akkudoktor-eos/eos
brett-mahar,unknown,,,"gh:anl-ceeesa/unitcommitment.jl,gh:juliaenergy/powerdynamics.jl,gh:lanl-ansi/powermodels.jl,gh:richard-weinhold/pomato"
breuerm710,unknown,,,gh:akkudoktor-eos/eos
brianvanderlugt,unknown,,USA,gh:natlabrockies/reopt_api
briearn,unknown,,,gh:akkudoktor-eos/eos
brieucboonen,unknown,,,gh:energyscope/energyscope
brigaudet,unknown,,,gh:erf-model/erf
briggsly,academic,deep science ventures,USA,"gh:osemosys/osemosys,gh:pypsa/pypsa,gh:rwl/pypower"
brightfield-ai,unknown,,USA,gh:natlabrockies/reopt_api
brizett,unknown,,,gh:oemof/oemof-solph
brmanuel,unknown,,,gh:calliope-project/calliope
brmurray,unknown,,,gh:g-pst/inertia
brocksam,academic,university of cambridge,GBR,"gh:calliope-project/calliope,gh:oemof/oemof-solph,gh:osemosys/osemosys,gh:sei-international/nemomod.jl"
brodiethiele,unknown,,USA,gh:temoaproject/temoa
brookeslawski,academic,,,gh:natlabrockies/hopp
brotherclone,professional,the earthly frames,USA,gh:fzj-iek3-vsa/fine
brownj85,unknown,,CAN,gh:oemof/oemof-solph
brownr16,unknown,,,gh:villasframework/node
brtietz,research,national renewable energy laboratory,USA,"gh:natlabrockies/pysam,gh:natlabrockies/reopt.jl,gh:natlabrockies/sam"
bruce,professional,,USA,gh:gridoptics/gridpack
bruce-so,unknown,,,gh:akkudoktor-eos/eos
brudder003,unknown,,USA,"gh:genxproject/genx.jl,gh:pypsa/pypsa,gh:rwl/pypower,gh:sanpen/veragrid"
brugard,professional,wolfram mathcore,,gh:openipsl/openipsl
brunalfaustino,unknown,,,gh:andrewlyden/pylesa
brwqk,unknown,,,gh:oemof/oemof-solph
bry-guy,industry,github,USA,gh:genxproject/genx.jl
bryanlehrer,unknown,,,gh:genxproject/genx.jl
bryantxy,unknown,,,"gh:curent/andes,gh:nrel-sienna/powersimulations.jl"
bryanxtong,unknown,,,gh:akkudoktor-eos/eos
brynpickering,professional,open energy transition,GBR,"gh:calliope-project/calliope,gh:genxproject/genx.jl,gh:pypsa/pypsa"
bs-github,professional,suse s.a.,DEU,gh:akkudoktor-eos/eos
bsergi,research,national renewable energy laboratory,USA,"gh:natlabrockies/pras,gh:natlabrockies/reeds-2.0,gh:temoaproject/temoa"
bstellato,academic,princeton university,USA,"gh:genxproject/genx.jl,gh:pypsa/pypsa"
bsydl,unknown,,,gh:akkudoktor-eos/eos
btarroja,unknown,,,gh:breakthrough-energy/reise.jl
btaute,professional,,,"gh:onsset/onsset,gh:pypsa/pypsa"
btcpcs,unknown,,,gh:onsset/onsset
buaaqq,unknown,,,gh:curent/andes
bugsbunny88,unknown,,CAN,gh:temoaproject/temoa
bukaymila,unknown,,,gh:mesmo-dev/mesmo
bukhsh,academic,university of strathclyde,GBR,"gh:antaressimulatorteam/antares_simulator,gh:curent/andes,gh:e2niee/pandapower,gh:natlabrockies/pras"
busche,academic,university of hildesheim,DEU,gh:akkudoktor-eos/eos
busiing,unknown,,,"gh:oemof/oemof-solph,gh:reegis/deflex"
buskultur,unknown,,,gh:akkudoktor-eos/eos
butterlyn,unknown,,,"gh:bje-/nemo,gh:calliope-project/calliope,gh:e2niee/pandapower,gh:nrel-sienna/powersimulationsdynamics.jl,gh:osemosys/osemosys,gh:powergama/powergama,gh:pypsa/pypsa,gh:switch-model/switch,gh:tum-ens/urbs,gh:tum-ewk/ficus"
bwbush,professional,input-output-hk,USA,"gh:lanl-ansi/powermodels.jl,gh:lanl-ansi/powermodelsannex.jl,gh:leonardgoeke/anymod.jl,gh:matpower/matpower,gh:nrel-sienna/powersimulations.jl"
byronbest,unknown,,,"gh:gridoptics/gridpack,gh:juliaenergy/powerdynamics.jl,gh:lanl-ansi/powermodels.jl"
byrtimo1,unknown,,,"gh:ancillaryservicesacquisitionmodel/asam,gh:calliope-project/calliope,gh:energy-modelling-toolkit/dispa-set,gh:oemof/oemof-solph,gh:osemosys/osemosys"
bytecorner-jan,unknown,,,gh:akkudoktor-eos/eos
bztes,professional,independent consultant,DEU,gh:akkudoktor-eos/eos
c-feldmann,unknown,,,gh:akkudoktor-eos/eos
c-franz,unknown,,,gh:oemof/oemof-solph
c-gohlke,academic,,,gh:assume-framework/assume
c-hassman,unknown,,,gh:adamgreenhall/minpower
c-jordi,professional,optiml ag,CHE,gh:energy-modelling-toolkit/dispa-set
c-koehl,unknown,,,gh:oemof/oemof-solph
c-moeller,academic,reiner lemoine institute,DEU,"gh:oemof/oemof-solph,gh:oemof/oemof-thermal,gh:rl-institut/multi-vector-simulator"
c-st,professional,moia-dev,DEU,gh:akkudoktor-eos/eos
c-voegele,unknown,,,gh:breakthrough-energy/reise.jl
c0nb4,academic,,DEU,"gh:balmorelcommunity/balmorel,gh:flixopt/flixopt,gh:fzj-iek3-vsa/fine,gh:mesmo-dev/mesmo,gh:nreca-bts/omf,gh:openego/edisgo,gh:pypsa/pypsa,gh:tum-ewk/opentumflex"
c2po,unknown,,,gh:akkudoktor-eos/eos
c4m1bo,unknown,,,gh:akkudoktor-eos/eos
caaficus,academic,,,gh:caaficus/bewhere-model
cacodcar,academic,texas a&m energy institute,,"gh:calliope-project/calliope,gh:pypsa/pypsa"
cadouxfl,professional,roseautechnologies,FRA,gh:roseautechnologies/roseau_load_flow
cagaliarianna-ship-it,unknown,,,gh:zen-universe/zen-garden
caicainiao,unknown,,,"gh:calliope-project/calliope,gh:e2niee/pandapower,gh:pypsa/pypsa"
caidurbin,professional,konradgroup,CAN,gh:akkudoktor-eos/eos
caindy,unknown,,,gh:lanl-ansi/powermodels.jl
caitlynclark,government,office of clean energy demonstrations,USA,"gh:natlabrockies/h2integrate,gh:natlabrockies/hopp"
calebj,industry,,USA,"gh:matpower/matpower,gh:rwl/pypower"
cameramanpov,unknown,,,gh:akkudoktor-eos/eos
camille-blanc-soenen,unknown,,,gh:roseautechnologies/roseau_load_flow
camiloramirezgo,academic,kth royal institute of technology,SWE,gh:onsset/onsset
camirian,academic,,,"gh:natlabrockies/pysam,gh:pypsa/pypsa"
camirmas,industry,,USA,"gh:natlabrockies/h2integrate,gh:natlabrockies/hopp"
canarionyc,unknown,,ESP,gh:calliope-project/calliope
canojim,unknown,,,gh:epgoxford/open
capehart,academic,pearlcertification (pearl),USA,gh:natlabrockies/pysam
cappuccinocosmico,industry,,,gh:genxproject/genx.jl
captnconrad,unknown,,,gh:ait-energy/iesopt.jl
carderne,academic,,GBR,"gh:e2niee/pandapower,gh:lkruitwagen/global-fossil-fuel-supply-chain,gh:onsset/onsset,gh:osemosys/osemosys"
carhels,unknown,,,gh:genxproject/genx.jl
carl-wanninger,unknown,,,gh:assume-framework/assume
carlac26,unknown,,,gh:natlabrockies/reopt_api
carldlaird,unknown,,,"gh:grid-parity-exchange/egret,gh:temoaproject/temoa"
carleen,academic,,USA,gh:energyinnovation/eps-us
carlobar,academic,kth royal institute of technology,SWE,"gh:rwl/pypower,gh:susantoj/pypower-dynamics"
carlosayon,unknown,,,"gh:juliaenergy/powerdynamics.jl,gh:richard-weinhold/pomato"
carlosecalvo,unknown,,,gh:emlab/emlab-generation
carlosfv92,professional,energetica,,"gh:etsap-times/times_model,gh:temoaproject/temoa"
carlosmurillosanchez,academic,universidad nacional de colombia,COL,gh:matpower/most
carlpaten,unknown,,CAN,gh:curent/andes
caroluidhao,unknown,,,gh:natlabrockies/pysam
carstenbauer,academic,dlr,DEU,gh:upb-lea/electricgrid.jl
casella,academic,politecnico di milano,ITA,"gh:dynawo/dynawo,gh:openipsl/openipsl,gh:transient-official/transient-lib"
caseyzak24,unknown,,,gh:natlabrockies/pysam
casinocullen,unknown,,,"gh:genxproject/genx.jl,gh:natlabrockies/reeds-2.0,gh:switch-model/switch"
catania-matteo,unknown,,,gh:oemof/oemof-solph
catch6,unknown,,CHN,gh:akkudoktor-eos/eos
cathyxinchangli,academic,,,gh:erf-model/erf
catkins-miso,utility,midcontinent independent system operator,IND,"gh:eiagov/bluesky,gh:grid-parity-exchange/egret,gh:rwl/pypower"
catsonthewall,unknown,,CHE,gh:calliope-project/calliope
cau-git,professional,ibm,CHE,gh:gridfm/gridfm-graphkit
caurrego,unknown,,,gh:natlabrockies/paraemt_public
causeri3,unknown,,DEU,gh:richard-weinhold/pomato
cbaillon,professional,cba invest,FRA,gh:roseautechnologies/roseau_load_flow
cbion,unknown,,,gh:antaressimulatorteam/antares_simulator
cby007,unknown,,,gh:mesmo-dev/mesmo
cc-5576-39-thor-sten,unknown,,,gh:akkudoktor-eos/eos
cc-a,academic,imperial college london,GBR,"gh:energysystemsmodellinglab/muse2,gh:energysystemsmodellinglab/muse_os"
cc7768,professional,umaprotocol,USA,"gh:ames-market/psst,gh:calliope-project/calliope"
ccchhhddd,academic,,CHN,gh:natlabrockies/reopt.jl
cchomelon,unknown,,,gh:erf-model/erf
cchrisgong,utility,remindmodel,DEU,gh:leonardgoeke/anymod.jl
ccoffrin,research,,USA,"gh:anl-ceeesa/unitcommitment.jl,gh:e2niee/pandapower,gh:grid-parity-exchange/egret,gh:lanl-ansi/powermodels.jl,gh:lanl-ansi/powermodelsannex.jl,gh:matpower/matpower,gh:nrel-sienna/powersimulations.jl,gh:nrel-sienna/powersimulationsdynamics.jl,gh:pypsa/pypsa,gh:rwl/pypower"
ccolle,unknown,,,gh:oemof/oemof-solph
ccrtei,unknown,,,gh:antaressimulatorteam/antares_simulator
ccse,unknown,,,gh:erf-model/erf
ccsyh,unknown,,,"gh:critical-infrastructure-systems-lab/pownet,gh:energy-modelling-toolkit/dispa-set"
cdfeng0715,unknown,,,gh:eiagov/bluesky
cdgaete,professional,open energy transition,CHL,"gh:adgefficiency/energy-py,gh:lukasbarner/hydrogenmod.jl,gh:natlabrockies/reeds-2.0,gh:pypsa/pypsa,gh:sanpen/veragrid"
cdgaete,unknown,,,gl:diw-evu/dieter_public/dieterpy
cdpankhu,unknown,,,"gh:natlabrockies/hybridbosse,gh:natlabrockies/rodeo,gh:natlabrockies/wpgnn,gh:rwl/pypower"
cdromioster,industry,,,"gh:calliope-project/calliope,gh:oemof/oemof-solph"
cduggan11,unknown,,IRL,"gh:openipsl/openipsl,gh:sanpen/veragrid"
ce107,unknown,,,gh:erf-model/erf
ced2205,unknown,,,"gh:e2niee/pandapower,gh:oemof/oemof-solph,gh:pypsa/pypsa"
celenablh,unknown,,,gh:roseautechnologies/roseau_load_flow
celiacintas,unknown,,,gh:gridfm/gridfm-graphkit
celinerobi,academic,,USA,"gh:matpower/matpower,gh:pypsa/pypsa,gh:rwl/pypower"
celle1234,unknown,,,gh:akkudoktor-eos/eos
celleb,industry,logicpp,DEU,gh:akkudoktor-eos/eos
celsorocha11,unknown,,,"gh:lanl-ansi/powermodels.jl,gh:natlabrockies/emerge"
cemr10,unknown,,,gh:oemof/oemof-solph
cenkelmas,professional,noma,TUR,gh:powergridmodel/power-grid-model
central-station,unknown,,,gh:adgefficiency/energy-py
ceraolo,unknown,,,gh:openipsl/openipsl
cfe316,professional,marathon fusion,USA,gh:genxproject/genx.jl
cfrontin,research,national renewable energy laboratory,USA,"gh:natlabrockies/h2integrate,gh:natlabrockies/hopp"
cfulland,unknown,,,gh:akkudoktor-eos/eos
cfwin,unknown,,,gh:adgefficiency/energy-py
cgavriluta,unknown,,,gh:gridoptics/gridpack
cgcui,unknown,,,"gh:lanl-ansi/powermodels.jl,gh:lanl-ansi/powermodelsannex.jl"
cguentherTUChemnitz,industry,authentic.network gmbh,DEU,gh:akkudoktor-eos/eos
ch468087977,unknown,,,gh:erf-model/erf
ch9fod,unknown,,,gh:adamgreenhall/minpower
cha007,academic,,CHN,gh:curent/andes
chaima-haddoudi,unknown,,,gh:adgefficiency/energy-py
chamanbaz,unknown,,,gh:genxproject/genx.jl
chandru320,unknown,,,gh:erf-model/erf
changdy58,unknown,,,gh:ait-energy/iesopt.jl
changgang,academic,"school of electrical engineering, shandong university",CHN,"gh:changgang/steps,gh:curent/andes,gh:gridoptics/gridpack,gh:mbheinen/bpa-ipf-tsp,gh:susantoj/pypower-dynamics,gh:yanzhaochang/psatools-python"
changlongw,unknown,,,"gh:bje-/nemo,gh:calliope-project/calliope,gh:fraukewiese/renpass,gh:fzj-iek3-vsa/fine,gh:genxproject/genx.jl,gh:grid-parity-exchange/egret,gh:iiasa/message_ix,gh:oemof/oemof-solph,gh:osemosys/osemosys,gh:tum-ens/urbs,gh:unsw-ceem/nempy"
chaninpur,unknown,,,gh:akkudoktor-eos/eos
chaoyanren,unknown,,,"gh:drafproject/draf,gh:etsap-times/times_model,gh:oemof/oemof-solph,gh:pypsa/pypsa,gh:rheia-framework/rheia"
charleneleong-ai,industry,,AUS,"gh:genxproject/genx.jl,gh:pypsa/pypsa,gh:switch-model/switch"
charlesgarrisonii,professional,ztelco,USA,gh:natlabrockies/pysam
charlie0389,unknown,,,gh:rwl/pypower
charlmaths,unknown,,,gh:akkudoktor-eos/eos
charly83,unknown,,,gh:akkudoktor-eos/eos
chatgpt-codex-connector,unknown,,,gh:antaressimulatorteam/antares_simulator
checkup21,unknown,,,gh:akkudoktor-eos/eos
cheekybastard,unknown,,,gh:adamgreenhall/minpower
cheleleiva,unknown,,,gh:rwl/pypower
chelli,unknown,,DEU,gh:akkudoktor-eos/eos
chenggang2333,unknown,,,gh:curent/andes
chengts95,academic,university of alberta,CAN,"gh:chengts95/rustpower,gh:e2niee/pandapower,gh:pypsa/pypsa,gh:rwl/pypower,gh:susantoj/pypower-dynamics"
chenjinting123,unknown,,,gh:curent/andes
chennnnnyize,academic,hong kong university of science and technology,CAN,"gh:adgefficiency/energy-py,gh:chrisyeh96/sustaingym,gh:lanl-ansi/powermodels.jl,gh:mzy2240/esa"
chenqiwen-bozhou,unknown,,,gh:spf-ost/optihood
chenyousu,unknown,,,gh:gridoptics/gridpack
chhell,unknown,,,gh:akkudoktor-eos/eos
chhokrad,unknown,,,gh:susantoj/pypower-dynamics
chiara-fb,academic,,DEU,gh:assume-framework/assume
chicco785,industry,zaphiro technologies,CHE,"gh:calliope-project/calliope,gh:curent/andes,gh:openego/edisgo,gh:powsybl/pypowsybl,gh:sanpen/veragrid"
chilixiao,unknown,,,gh:rwl/pypower
chirayubatra,academic,,,gh:leonardgoeke/anymod.jl
chishonlee,unknown,,,gh:adgefficiency/energy-py
chk81,unknown,,,gh:akkudoktor-eos/eos
chkp-matteoma,unknown,,,gh:gridfm/gridfm-graphkit
chocchillson,unknown,,,gh:adamgreenhall/minpower
chogui,unknown,,,"gh:energy-modelling-toolkit/dispa-set,gh:natlabrockies/reeds-2.0"
choiHenry,unknown,,,gh:etsap-times/times_model
chorewer,unknown,,,gh:akkudoktor-eos/eos
chorylee,unknown,,,"gh:breakthrough-energy/reise.jl,gh:genxproject/genx.jl,gh:nrel-sienna/powersimulations.jl,gh:nrel-sienna/powersimulationsdynamics.jl"
chpaik63,unknown,,,gh:energy-modelling-toolkit/dispa-set
chr-fritz,professional,qaware,DEU,gh:akkudoktor-eos/eos
chrbertsch,industry,robert bosch gmbh,DEU,"gh:e2niee/pandapower,gh:openipsl/openipsl"
chrfritsch,unknown,,DEU,gh:akkudoktor-eos/eos
chriddyp,professional,plotly,USA,gh:pencleanenergy/match-model
chrigraf,unknown,,,"gh:genxproject/genx.jl,gh:powsybl/powsybl-core,gh:powsybl/pypowsybl"
chrinide,unknown,,,"gh:e2niee/pandapower,gh:rwl/pypower"
chris-hampel-CA,industry,,,"gh:genxproject/genx.jl,gh:switch-model/switch"
chris-kwng,unknown,,DEU,gh:akkudoktor-eos/eos
chris-wynne,industry,,GBR,gh:calliope-project/calliope
chriscoey,professional,relationalai,USA,"gh:lanl-ansi/powermodels.jl,gh:lanl-ansi/powermodelsannex.jl"
chrisflei,unknown,,,gh:oemof/oemof-solph
chrisguen,unknown,,,gh:akkudoktor-eos/eos
chrisjwin,academic,forschungszentrum julich,DEU,gh:fzj-iek3-vsa/fine
chriskollias,unknown,,USA,gh:genxproject/genx.jl
chrisrock1984,unknown,,,gh:akkudoktor-eos/eos
christ0pher,professional,front row group,,gh:akkudoktor-eos/eos
christian-cahig,unknown,,PHL,"gh:bje-/nemo,gh:curent/andes,gh:e2niee/pandapower,gh:epgoxford/open,gh:juliaenergy/joulia.jl,gh:juliaenergy/powerdynamics.jl,gh:lanl-ansi/powermodels.jl,gh:matpower/matpower,gh:matpower/most,gh:nrel-sienna/powersimulationsdynamics.jl,gh:pypsa/pypsa,gh:rwl/pypower,gh:sanpen/veragrid"
christian-heise,unknown,,,gh:akkudoktor-eos/eos
christiancodes,unknown,,CAN,gh:temoaproject/temoa
christiangalsterer,industry,codecentric,DEU,gh:akkudoktor-eos/eos
christianhvejsel,unknown,,DNK,"gh:genxproject/genx.jl,gh:iee-tugraz/lego,gh:nrel-sienna/powersimulations.jl,gh:pypsa/pypsa,gh:rebase-energy/enflow"
christianjebauer,unknown,,,gh:akkudoktor-eos/eos
christoph-weyhing,unknown,,,"gh:e2niee/pandapower,gh:richard-weinhold/pomato"
christosnon,unknown,,,gh:akkudoktor-eos/eos
chriz77,unknown,,DEU,gh:akkudoktor-eos/eos
chrklemm,academic,fh munster university of applied science,,gh:oemof/oemof-solph
chrubler,unknown,,,gh:akkudoktor-eos/eos
chwneo7,unknown,,,"gh:e2niee/pandapower,gh:pypsa/pypsa,gh:rwl/pypower,gh:sanpen/veragrid"
ciaradunks,unknown,,,"gh:oemof/oemof-solph,gh:oemof/oemof-thermal,gh:rl-institut/multi-vector-simulator"
cihatkececi,academic,,TUR,"gh:pypsa/pypsa,gh:rwl/pypower"
cinemarene,unknown,,,gh:akkudoktor-eos/eos
cjjjjjjyyyyy-lang,unknown,,,gh:akkudoktor-eos/eos
cjt202057,unknown,,,gh:epgoxford/open
ck-coke,unknown,,,gh:akkudoktor-eos/eos
ckagerer,industry,horsch maschinen gmbh ( horsch ),DEU,gh:akkudoktor-eos/eos
ckaldemeyer,unknown,,DEU,"gh:oemof/oemof-solph,gh:oemof/oemof-thermal"
ckaldemeyer-ane,unknown,,,gh:oemof/oemof-solph
ckendrick,academic,,,gh:erf-model/erf
ckhroulev,academic,university of alaska fairbanks,,gh:gridoptics/gridpack
ckiefer14,unknown,,,"gh:natlabrockies/h2integrate,gh:natlabrockies/hopp"
ckittl,professional,,DEU,"gh:e2niee/pandapower,gh:ie3-institute/powersystemdatamodel,gh:ie3-institute/simona"
cknight1991,unknown,,,gh:genxproject/genx.jl
clairetrevisan,unknown,,,gh:energyinnovation/eps-us
clarkCY,unknown,,,gh:eiagov/bluesky
clasch3007,unknown,,,gh:akkudoktor-eos/eos
claudiavalkenier,unknown,,,"gh:quintel/etengine,gh:quintel/etmodel,gh:quintel/pyetm"
claudydoba,academic,comillas pontifical university,ESP,"gh:adgefficiency/energy-py,gh:iit-energysystemmodels/openmaster,gh:iit-energysystemmodels/opentepes,gh:pypsa/pypsa,gh:tulipaenergy/tulipaenergymodel.jl"
claysiusd,unknown,,GBR,"gh:balmorelcommunity/balmorel,gh:curent/andes,gh:e2niee/pandapower,gh:future-power-networks/simplus-grid-tool,gh:irena-flextool/flextool,gh:natlabrockies/paraemt_public,gh:natlabrockies/reeds-2.0,gh:natlabrockies/sam,gh:openego/ego,gh:openipsl/openipsl,gh:pypsa/pypsa,gh:sanpen/veragrid"
claytonpbarrows,unknown,,,"gh:critical-infrastructure-systems-lab/pownet,gh:future-power-networks/simplus-grid-tool,gh:grid-parity-exchange/egret,gh:juliaenergy/powerdynamics.jl,gh:lanl-ansi/powermodels.jl,gh:leonardgoeke/anymod.jl,gh:matpower/matpower,gh:natlabrockies/pras,gh:nrel-sienna/powersimulations.jl,gh:nrel-sienna/powersimulationsdynamics.jl,gh:nrel-sienna/powersystemsinvestments.jl"
cleder,professional,oomnitza,IRL,"gh:idaholab/hybrid,gh:rheia-framework/rheia"
clemvg,unknown,,,gh:assume-framework/assume
cliang16,professional,caltech,,gh:rwl/pypower
clizbe,utility,tno,NLD,"gh:spine-tools/spineopt.jl,gh:tulipaenergy/tulipaenergymodel.jl"
cloudjiang,unknown,,,gh:temoaproject/temoa
clstaudt,industry,,DEU,"gh:e2niee/pandapower,gh:grid2op/grid2op,gh:powergridmodel/power-grid-model"
clu360,unknown,,,gh:gridfm/gridfm-graphkit
clxppischel,unknown,,,gh:akkudoktor-eos/eos
clyman23,academic,groundwork data,,"gh:e2niee/pandapower,gh:genxproject/genx.jl,gh:natlabrockies/reeds-2.0"
cm314,unknown,,,gh:fzj-iek3-vsa/fine
cmahrens,research,los alamos national laboratory,,gh:gridoptics/gridpack
cmarcy,unknown,,,gh:eiagov/bluesky
cmatthew11,unknown,,,gh:andrewlyden/pylesa
cmayrhofer,academic,,DEU,gh:adgefficiency/energy-py
cmkaul,unknown,,USA,gh:erf-model/erf
cmock,unknown,,AUT,gh:akkudoktor-eos/eos
cmolitor,unknown,,DEU,"gh:akkudoktor-eos/eos,gh:calliope-project/calliope"
cmpgervais,unknown,,,"gh:adgefficiency/energy-py,gh:ames-market/psst"
cmwit1,unknown,,,"gh:bje-/nemo,gh:etsap-times/times_model"
cmzhyl,unknown,,,gh:curent/andes
cnadler86,industry,,DEU,gh:akkudoktor-eos/eos
cnblevins,unknown,,,"gh:flexiblepower/powermatcher,gh:natlabrockies/sam,gh:oemof/oemof-solph,gh:pypsa/pypsa,gh:rwl/pypower,gh:sanpen/veragrid,gh:tum-ens/urbs"
cneyens,professional,agt,BEL,gh:vub-hydr/revub
coblegd,unknown,,,"gh:blue-marble/gridpath,gh:curent/andes,gh:e2niee/pandapower,gh:pypsa/pypsa,gh:richard-weinhold/pomato,gh:sanpen/veragrid"
codacy-badger,professional,codacy,PRT,"gh:curent/andes,gh:e2niee/pandapower,gh:ie3-institute/powersystemdatamodel,gh:mbheinen/bpa-ipf-tsp,gh:reegis/deflex,gh:sanpen/veragrid"
codaubianca,academic,,DEU,"gh:gridfm/gridfm-graphkit,gh:pypsa/pypsa"
code9ainter,unknown,,,"gh:akkudoktor-eos/eos,gh:tum-ens/urbs"
codebunt,professional,kapsarc grabhouse,SAU,gh:energyinnovation/eps-us
codecov,unknown,,USA,"gh:ait-energy/iesopt.jl,gh:assume-framework/assume,gh:calliope-project/calliope,gh:curent/andes,gh:dynawo/dynawo,gh:e2niee/pandapower,gh:electa-git/flexplan.jl,gh:energysystemsmodellinglab/muse2,gh:energysystemsmodellinglab/muse_os,gh:genxproject/genx.jl,gh:gmlc-dispatches/dispatches,gh:ie3-institute/powersystemdatamodel,gh:ie3-institute/simona,gh:iiasa/message_ix,gh:juliaenergy/powerdynamics.jl,gh:lanl-ansi/powermodels.jl,gh:lanl-ansi/powermodelsannex.jl,gh:nlr-distribution-suite/erad,gh:nrel-sienna/powersimulations.jl,gh:nrel-sienna/powersimulationsdynamics.jl,gh:oemof/oemof-solph,gh:powergama/powergama,gh:pypsa/pypsa,gh:sogno-platform/dpsim,gh:spine-tools/spineopt.jl,gh:tulipaenergy/tulipaenergymodel.jl,gh:uu-er/adopt-net0"
codecov-commenter,professional,codecov by sentry,,"gh:ames-market/psst,gh:energymodelsx/energymodelsbase.jl,gh:erf-model/erf,gh:fzj-iek3-vsa/fine,gh:genxproject/genx.jl,gh:natlabrockies/pras,gh:psrenergy/sddpdso.jl,gh:pypsa/pypsa,gh:spine-tools/spineopt.jl,gh:tulipaenergy/tulipaenergymodel.jl"
codecov-io,professional,codecov,,"gh:dynawo/dynawo,gh:e2niee/pandapower,gh:fzj-iek3-vsa/fine,gh:lanl-ansi/powermodels.jl,gh:lanl-ansi/powermodelsannex.jl,gh:natlabrockies/pras,gh:nrel-sienna/powersimulations.jl,gh:reegis/deflex,gh:spine-tools/spineopt.jl"
codedabacus,unknown,,,gh:genxproject/genx.jl
codemagicianHYQ,unknown,,,gh:akkudoktor-eos/eos
coderabbitai,industry,,USA,"gh:flixopt/flixopt,gh:temoaproject/temoa"
codesimplicity,unknown,,,gh:akkudoktor-eos/eos
codeyash,professional,speedovation,IND,gh:temoaproject/temoa
coding-lemur,unknown,,DEU,gh:akkudoktor-eos/eos
coeibu,unknown,,,gh:akkudoktor-eos/eos
coldfashioned,unknown,,USA,gh:adgefficiency/energy-py
colin-fox,professional,ncepuer,CHN,"gh:ahalev/python-microgrid,gh:chrisyeh96/sustaingym,gh:e2niee/pandapower,gh:grid2op/chronix2grid,gh:grid2op/grid2op,gh:marvinler/pypownet,gh:rwl/pypower"
colmduff,academic,university of galway,IRL,gh:caaficus/bewhere-model
colsmith1996,unknown,,,gh:akkudoktor-eos/eos
com-nex,unknown,,,gh:akkudoktor-eos/eos
condorXI,unknown,,,gh:akkudoktor-eos/eos
connortann,professional,,,"gh:oemof/oemof-solph,gh:pypsa/pypsa"
conoredwards347,industry,,GBR,gh:rwl/pypower
consideRatio,utility,sensmetry,SWE,"gh:calliope-project/calliope,gh:genxproject/genx.jl"
cookangdavid,unknown,,,gh:calliope-project/calliope
cookie2512,unknown,,,gh:akkudoktor-eos/eos
coopercenter,academic,"university of virginia, charlottesville",USA,gh:temoaproject/temoa
copilot-pull-request-reviewer,unknown,,,"gh:antaressimulatorteam/antares_simulator,gh:assume-framework/assume,gh:calliope-project/calliope,gh:curent/andes,gh:energysystemsmodellinglab/muse2,gh:energysystemsmodellinglab/muse_os,gh:genxproject/genx.jl,gh:gridoptics/gridpack,gh:ie3-institute/simona,gh:iit-energysystemmodels/opentepes,gh:macroenergy/macroenergy.jl,gh:natlabrockies/h2integrate,gh:natlabrockies/hopp,gh:natlabrockies/pras,gh:natlabrockies/reeds-2.0,gh:natlabrockies/reopt.jl,gh:natlabrockies/sam,gh:nrel-sienna/powersimulations.jl,gh:nrel-sienna/powersimulationsdynamics.jl,gh:openipsl/openipsl,gh:powergridmodel/power-grid-model,gh:pypsa/pypsa,gh:quintel/pyetm,gh:sogno-platform/dpsim,gh:spine-tools/spineopt.jl,gh:temoaproject/temoa,gh:tulipaenergy/tulipaenergymodel.jl,gh:uu-er/adopt-net0,gh:zen-universe/zen-garden"
copilot-swe-agent,unknown,,,"gh:antaressimulatorteam/antares_simulator,gh:dgusain1/energysim,gh:fzj-iek3-vsa/fine,gh:genxproject/genx.jl,gh:natlabrockies/reopt.jl,gh:nrel-sienna/powersimulations.jl,gh:nrel-sienna/powersimulationsdynamics.jl,gh:nrel-sienna/powersystemsinvestments.jl,gh:openego/edisgo,gh:openipsl/openipsl,gh:powergridmodel/power-grid-model,gh:pypsa/pypsa,gh:spine-tools/spineopt.jl,gh:tulipaenergy/tulipaenergymodel.jl"
coreytaylor211,unknown,,,gh:akkudoktor-eos/eos
corka149,industry,,DEU,gh:akkudoktor-eos/eos
corny,industry,digineo gmbh,DEU,gh:akkudoktor-eos/eos
coroa,professional,open energy transition,DEU,"gh:calliope-project/calliope,gh:juliaenergy/joulia.jl,gh:lanl-ansi/powermodels.jl,gh:osemosys/osemosys,gh:pypsa/pypsa"
corralien,unknown,,,"gh:energy-modelling-toolkit/dispa-set,gh:etsap-times/times_model"
cosicles,unknown,,,gh:openipsl/openipsl
cosmojg,academic,marderlab,,gh:juliaenergy/joulia.jl
coveralls,industry,"coveralls, inc.",USA,"gh:calliope-project/calliope,gh:e2niee/pandapower,gh:oemof/oemof-solph,gh:powsybl/powsybl-core"
coverflex-ad,industry,coverflex software & gitcover foundation,DEU,gh:akkudoktor-eos/eos
cozyHousecat,professional,swagelokcentraluk,GBR,gh:akkudoktor-eos/eos
cp-fabian-pittroff,professional,compeople ag,,gh:akkudoktor-eos/eos
cpalazzi,unknown,,,gh:calliope-project/calliope
cpaulgilman,unknown,,,"gh:natlabrockies/pysam,gh:natlabrockies/sam"
cpd-central,unknown,,,gh:natlabrockies/pysam
cpfiffer,industry,letta-ai,USA,gh:tulipaenergy/tulipaenergymodel.jl
cpguzman,unknown,,,gh:calliope-project/calliope
cptln,unknown,,JPN,gh:etsap-times/times_model
cr-chsn1,unknown,,,gh:akkudoktor-eos/eos
cr1of0x,unknown,,,gh:natlabrockies/reopt_api
craig8,research,pacific northwest national laboratory,USA,"gh:epri-dev/opender,gh:pnnl/tesp,gh:rwl/pypower"
craigbreaden,unknown,,,"gh:juliaenergy/powerdynamics.jl,gh:nrel-sienna/powersimulationsdynamics.jl"
craigleroy-work,unknown,,,"gh:natlabrockies/pysam,gh:natlabrockies/sam"
craigpnnl,research,pacific northwest national laboratory,USA,"gh:epri-dev/opender,gh:pnnl/tesp"
craigzhao,unknown,,,"gh:ahalev/python-microgrid,gh:curent/andes,gh:future-power-networks/simplus-grid-tool,gh:iit-energysystemmodels/opentepes,gh:pnnl/exago,gh:romulus97/capow_py36"
cratoo,unknown,,DEU,gh:akkudoktor-eos/eos
cristianocf,academic,institute for integrated energy systems,CAN,"gl:sesit/copper,gl:sesit/silver"
cristinaantonini,unknown,,,"gh:calliope-project/calliope,gh:oemof/oemof-solph"
crookp,unknown,,,gh:natlabrockies/hopp
crooowned,industry,hero-handwerk,DEU,gh:akkudoktor-eos/eos
crunchiersa,unknown,,,gh:akkudoktor-eos/eos
cryptowealth-technology,unknown,,,gh:curent/andes
crystal1230,unknown,,,"gh:calliope-project/calliope,gh:tum-ens/urbs,gh:tum-ewk/ficus"
crystalgao0124,unknown,,,gh:curent/andes
csajedi,industry,"starling foundries, llc",USA,gh:temoaproject/temoa
cscale-friend,unknown,,USA,gh:pencleanenergy/match-model
cschweers,unknown,,,gh:akkudoktor-eos/eos
csfunke,unknown,,,"gh:matpower/matpower,gh:zen-universe/zen-garden"
cshjin,unknown,,,"gh:adamgreenhall/minpower,gh:nreca-bts/omf,gh:tum-ens/urbs"
cstegm,unknown,,,gh:akkudoktor-eos/eos
cstim,unknown,,DEU,gh:akkudoktor-eos/eos
csv2000,academic,national institute of advanced studies,IND,gh:calliope-project/calliope
csvelasq,unknown,,,gh:adamgreenhall/minpower
cswh,professional,ifeu,,gh:oemof/oemof-solph
ctavolazzi,professional,fogsift,USA,gh:antaressimulatorteam/antares_simulator
cthed2,professional,ixpantia.,PER,gh:akkudoktor-eos/eos
cua-cua,unknown,,,"gh:calliope-project/calliope,gh:pypsa/pypsa"
cualquiercosa327,unknown,,,gh:antaressimulatorteam/antares_simulator
cube3power,unknown,,,gh:oemof/oemof-solph
cubocien,unknown,,,"gh:e2niee/pandapower,gh:rwl/pypower"
cuihantao,academic,north carolina state university,USA,"gh:adamgreenhall/minpower,gh:ames-market/psst,gh:anl-ceeesa/unitcommitment.jl,gh:blue-marble/gridpath,gh:changgang/steps,gh:chengts95/rustpower,gh:curent/andes,gh:dss-extensions/dss_capi,gh:dynawo/dynawo,gh:e2niee/pandapower,gh:epri-dev/opender,gh:genxproject/genx.jl,gh:gridoptics/gridpack,gh:juliaenergy/powerdynamics.jl,gh:lanl-ansi/powermodels.jl,gh:marvinler/pypownet,gh:matpower/matpower,gh:mbheinen/bpa-ipf-tsp,gh:mzy2240/esa,gh:natlabrockies/mafrit,gh:natlabrockies/paraemt_public,gh:natlabrockies/pysam,gh:nreca-bts/omf,gh:nrel-sienna/powersimulations.jl,gh:nrel-sienna/powersimulationsdynamics.jl,gh:openipsl/openipsl,gh:pnnl/exago,gh:pnnl/tesp,gh:powergridmodel/power-grid-model,gh:powsybl/pypowsybl,gh:pypsa/pypsa,gh:richard-weinhold/pomato,gh:sanpen/veragrid,gh:sogno-platform/dpsim,gh:susantoj/pypower-dynamics,gh:switch-model/switch,gh:thales1330/psp,gh:upb-lea/electricgrid.jl"
cuixueqin,unknown,,CHN,"gh:balmorelcommunity/balmorel,gh:behrangshirizadeh/eoles_elecres,gh:behrangshirizadeh/eoles_mv,gh:bje-/nemo,gh:blue-marble/gridpath,gh:calliope-project/calliope,gh:emma-model/emma,gh:energy-modelling-toolkit/dispa-set,gh:etsap-times/times_model,gh:fraukewiese/renpass,gh:frkunz/stelmod,gh:genxproject/genx.jl,gh:iiasa/message_ix,gh:iit-energysystemmodels/opentepes,gh:inwe-boku/medea,gh:lanl-ansi/powermodels.jl,gh:lkruitwagen/global-fossil-fuel-supply-chain,gh:natlabrockies/pysam,gh:natlabrockies/reeds-2.0,gh:onsset/onsset,gh:optimal2050/energyrt,gh:osemosys/osemosys,gh:pypsa/pypsa,gh:switch-model/switch,gh:temoaproject/temoa,gh:tum-ens/urbs,gh:vub-hydr/revub"
cultice-7,government,,USA,"gh:eiagov/bluesky,gh:pypsa/pypsa"
curentltb2,professional,curent,USA,gh:curent/andes
curieuxjy,industry,,KOR,"gh:e2niee/pandapower,gh:rwl/pypower"
currancrawford,unknown,,,gh:natlabrockies/hopp
currentmaster,unknown,,,gh:adgefficiency/energy-py
cursor,industry,,,gh:energysystemsmodellinglab/muse_os
cuzzuky87,unknown,,,gh:akkudoktor-eos/eos
cvalrios,industry,,,gh:gmlc-dispatches/dispatches
cvonholly,professional,candisolarglobal,,"gh:akkudoktor-eos/eos,gh:pypsa/pypsa"
cwhanse,research,sandia national laboratories,,"gh:natlabrockies/pysam,gh:natlabrockies/sam,gh:nreca-bts/omf"
cx-lab,unknown,,,"gh:e2niee/pandapower,gh:grid2op/grid2op,gh:pypsa/pypsa,gh:richard-weinhold/pomato"
cxd19870809,unknown,,,gh:akkudoktor-eos/eos
cxspi,unknown,,DEU,gh:assume-framework/assume
cxy-inwl,unknown,,,gh:oemof/oemof-solph
cxy2333355,unknown,,,"gh:calliope-project/calliope,gh:epgoxford/open,gh:lanl-ansi/powermodels.jl,gh:matpower/matpower,gh:openego/edisgo,gh:pnnl/tesp,gh:pypsa/pypsa,gh:susantoj/pypower-dynamics,gh:temoaproject/temoa"
cyangcheng,unknown,,,"gh:curent/andes,gh:matpower/matpower"
cyborgxxl,unknown,,AUT,gh:akkudoktor-eos/eos
cyh2713,unknown,,,gh:curent/andes
cyloa,unknown,,,gh:akkudoktor-eos/eos
cypressea,unknown,,,"gh:future-power-networks/simplus-grid-tool,gh:pypsa/pypsa,gh:rwl/pypower"
cyrillbolliger,unknown,,CHE,gh:energyscope/energyscope
cyrlenoel,unknown,,GBR,gh:energysystemsmodellinglab/muse_os
cyroxx,unknown,,DEU,gh:akkudoktor-eos/eos
cyshbin,unknown,,,gh:genxproject/genx.jl
d-buchmann,unknown,,,gh:akkudoktor-eos/eos
d-franzmann,unknown,,,gh:fzj-iek3-vsa/fine
d-kold,unknown,,NLD,gh:calliope-project/calliope
d.huckebrink,unknown,,,"gl:dlr-ve/esy/remix/framework,gl:sesit/copper"
d00958,unknown,,,gh:fzj-iek3-vsa/fine
d0m1n1qu3,unknown,,DEU,gh:akkudoktor-eos/eos
d3473r,industry,,DEU,gh:akkudoktor-eos/eos
d3finit,academic,,,gh:akkudoktor-eos/eos
d4wn89,unknown,,,gh:akkudoktor-eos/eos
dOn-MoP,unknown,,,gh:akkudoktor-eos/eos
daalgi,industry,,,gh:erf-model/erf
dacoex,professional,data & code expert experimenting with code on data,,"gh:adamgreenhall/minpower,gh:fraukewiese/renpass,gh:natlabrockies/pysam,gh:natlabrockies/sam,gh:pypsa/pypsa,gh:tum-ens/urbs"
dacongi,unknown,,,gh:gridoptics/gridpack
daemmi,unknown,,,gh:akkudoktor-eos/eos
daemonenstall,unknown,,,gh:akkudoktor-eos/eos
daetzm,unknown,,,"gh:e2niee/pandapower,gh:rwl/pypower"
dahlinomine,unknown,,,gh:akkudoktor-eos/eos
dainalis,academic,university of cambridge,GBR,gh:energysystemsmodellinglab/muse_os
dajakus,academic,university of split - fesb,,gh:microgrids-x/microgrids.py
dakadosi,unknown,,,gh:oemof/oemof-solph
dakotaramos,research,national renewable energy laboratory,,"gh:natlabrockies/h2integrate,gh:natlabrockies/hopp,gh:natlabrockies/pysam,gh:natlabrockies/sam"
dakouan18,unknown,,,"gh:akkudoktor-eos/eos,gh:arras-energy/gridlabd"
daleyuda,unknown,,,gh:adgefficiency/energy-py
dalloyd1,unknown,,,gh:genxproject/genx.jl
dalonsoa,academic,imperial college london,GBR,"gh:energysystemsmodellinglab/muse2,gh:energysystemsmodellinglab/muse_os"
dam.daleo,unknown,,,gl:dlr-ve/esy/amiris/amiris
damayu2013,unknown,,,gh:akkudoktor-eos/eos
dambem,academic,adamode,GBR,gh:etsap-times/times_model
damdamdeo3721,unknown,,,gh:energy-modelling-toolkit/dispa-set
damianolombardo,unknown,,AUS,"gh:natlabrockies/pysam,gh:natlabrockies/sam"
damya-966,unknown,,,gh:roseautechnologies/roseau_load_flow
danadshead,unknown,,,gh:onsset/onsset
danajhen,unknown,,,gh:spine-tools/spineopt.jl
danareu,unknown,,,"gh:balmorelcommunity/balmorel,gh:energymodelsx/energymodelsbase.jl,gh:etsap-times/times_model,gh:fzj-iek3-vsa/fine,gh:genxproject/genx.jl,gh:iee-tugraz/lego,gh:leonardgoeke/anymod.jl,gh:natlabrockies/reeds-2.0,gh:pypsa/pypsa,gh:sei-international/nemomod.jl,gh:stanford-eao/bridges,gh:switch-model/switch,gh:tum-ens/urbs,gh:youngfaithful/capacityexpansion.jl"
danbogos,professional,itsyscom,DEU,gh:akkudoktor-eos/eos
dandanx,professional,anymotion,DEU,gh:akkudoktor-eos/eos
danghung12a4-afk,unknown,,,gh:natlabrockies/paraemt_public
dangunter,government,lawrence berkeley national laboratory,USA,gh:gmlc-dispatches/dispatches
dani-lore,professional,daniele lorenzini,ITA,gh:natlabrockies/reopt.jl
dani-who-likes-engineering,unknown,,,"gh:idaholab/heron,gh:idaholab/hybrid"
daniel-CxA,professional,cx associates,,gh:pencleanenergy/match-model
daniel-k,industry,enlyze gmbh,DEU,gh:villasframework/node
daniel-rdt,professional,open energy transition,DEU,"gh:assume-framework/assume,gh:calliope-project/calliope,gh:pypsa/pypsa"
daniel-wie,unknown,,,"gh:ait-energy/iesopt.jl,gh:assume-framework/assume"
daniel-wuhj,unknown,,,gh:curent/andes
daniel309,unknown,,,gh:akkudoktor-eos/eos
danielabdi-noaa,unknown,,,gh:erf-model/erf
danielaussieb,unknown,,,gh:akkudoktor-eos/eos
daniele-dynabase,industry,dynabase technologies gmbh,DEU,gh:akkudoktor-eos/eos
danielfeismann,unknown,,,"gh:assume-framework/assume,gh:ie3-institute/powersystemdatamodel,gh:ie3-institute/simona,gh:openego/edisgo,gh:sogno-platform/dpsim"
danielfli,unknown,,DEU,gh:akkudoktor-eos/eos
danielhuppmann,research,international institute for applied systems analysis,AUT,"gh:iiasa/message_ix,gh:sei-international/nemomod.jl,gh:spine-tools/spineopt.jl,gh:temoaproject/temoa"
danielmk,unknown,,JPN,gh:fzj-iek3-vsa/fine
danielokeyokoro,unknown,,,"gh:adamgreenhall/minpower,gh:pypsa/pypsa"
danielolsen,unknown,,,"gh:breakthrough-energy/reise.jl,gh:genxproject/genx.jl,gh:natlabrockies/sam,gh:pypsa/pypsa"
danielsbest,unknown,,,gh:akkudoktor-eos/eos
danielskatz,industry,uiuc,,"gh:kiedanski/pymarket,gh:mzy2240/esa,gh:rheia-framework/rheia,gh:villasframework/node"
daniko,unknown,,,gh:akkudoktor-eos/eos
danimo,unknown,,DEU,gh:akkudoktor-eos/eos
dann-g,industry,,USA,gh:rwl/pypower
danolis,unknown,,,gh:natlabrockies/reopt_api
dansparker,unknown,,,gh:akkudoktor-eos/eos
danssmei,unknown,,,gh:akkudoktor-eos/eos
dapferreira,professional,fho,BRA,"gh:openipsl/openipsl,gh:thales1330/psp"
darioalfa,academic,politecnico di milano,ITA,"gh:natlabrockies/pysam,gh:natlabrockies/sam"
dark-wind,unknown,,,gh:richard-weinhold/pomato
darlainedeme,professional,international energy agency,FRA,"gh:calliope-project/calliope,gh:etsap-times/times_model,gh:microgridspy/microgridspy,gh:pypsa/pypsa"
daruoktab,industry,,IDN,gh:curent/andes
daschw,academic,ait austrian institute of technology,AUT,"gh:ait-energy/iesopt.jl,gh:assume-framework/assume,gh:juliaenergy/powerdynamics.jl"
daspartha,academic,paul scherrer institute psi,CHE,gh:caaficus/bewhere-model
dasuan123,academic,huazhong university of science and technology,CHN,"gh:chengts95/rustpower,gh:curent/andes"
databastard,unknown,,,"gh:adgefficiency/energy-py,gh:lanl-ansi/powermodels.jl,gh:natlabrockies/sam,gh:oemof/oemof-solph"
datafiend,utility,alt. paradigms,CAN,gh:oemof/oemof-solph
datejada,utility,tno,NLD,"gh:ait-energy/iesopt.jl,gh:anl-ceeesa/unitcommitment.jl,gh:blue-marble/gridpath,gh:calliope-project/calliope,gh:eiagov/bluesky,gh:etsap-times/times_model,gh:frkunz/stelmod,gh:genxproject/genx.jl,gh:hope-model-project/hope,gh:iit-energysystemmodels/opensduc,gh:iit-energysystemmodels/opentepes,gh:irena-flextool/flextool,gh:lanl-ansi/powermodels.jl,gh:natlabrockies/reeds-2.0,gh:nrel-sienna/powersimulations.jl,gh:pypsa/pypsa,gh:spine-tools/spineopt.jl,gh:tulipaenergy/tulipaenergymodel.jl,gh:uu-er/adopt-net0,gh:zen-universe/zen-garden"
david-huck,unknown,,,gh:oemof/oemof-solph
david-nobs,utility,epc power,,"gh:e2niee/pandapower,gh:epri-dev/opender,gh:pypsa/pypsa,gh:rwl/pypower,gh:sanpen/veragrid"
davidbourguignon,industry,david bourguignon conseil,FRA,"gh:calliope-project/calliope,gh:pypsa/pypsa"
davide-f,unknown,,,gl:smspp/smspp-project
davide-f,academic,university of pisa,ITA,"gh:adgefficiency/energy-py,gh:pypsa/pypsa"
davidefabozzi,professional,open energy transition,DEU,"gh:calliope-project/calliope,gh:curent/andes,gh:dynawo/dynawo,gh:nrel-sienna/powersimulations.jl,gh:nrel-sienna/powersimulationsdynamics.jl,gh:powsybl/powsybl-core,gh:powsybl/powsybl-open-loadflow,gh:powsybl/pypowsybl,gh:pypsa/pypsa,gh:susantoj/pypower-dynamics"
davidegbers,unknown,,,gh:akkudoktor-eos/eos
davidkipstar,unknown,,,"gh:adamgreenhall/minpower,gh:tum-ens/urbs"
davidnbresch,academic,eth zurich,CHE,gh:calliope-project/calliope
davidreihs,unknown,,AUT,gh:juliaenergy/powerdynamics.jl
davisbuilds,academic,,USA,gh:genxproject/genx.jl
davisgiles,unknown,,,"gh:pielube/messpy,gh:pypsa/pypsa"
davvidbaker,academic,,USA,"gh:eiagov/bluesky,gh:genxproject/genx.jl,gh:natlabrockies/reeds-2.0"
dawarazhar11,industry,,,gh:akkudoktor-eos/eos
dawid-woitaschek,unknown,,DEU,gh:akkudoktor-eos/eos
dawu2018,unknown,,,"gh:adgefficiency/energy-py,gh:curent/andes,gh:e2niee/pandapower,gh:matpower/matpower"
dayano73,unknown,,,gh:temoaproject/temoa
dazer-chen,unknown,,,gh:spine-tools/spineopt.jl
dbgrantham,unknown,,,gh:nlr-distribution-suite/erad
dbris,academic,"cities and infrastructure systems lab, civil engineering, university of victoria",CAN,gh:calliope-project/calliope
dbv,unknown,,SWZ,gh:akkudoktor-eos/eos
dc132btc,unknown,,,gh:richard-weinhold/pomato
dc2917,academic,,GBR,gh:energysystemsmodellinglab/muse_os
dcaglayan,unknown,,,gh:fzj-iek3-vsa/fine
dchassin,academic,eudoxys sciences llc,USA,"gh:arras-energy/gridlabd,gh:nreca-bts/omf,gh:rwl/pypower,gh:slacgismo/tess"
dcook2,unknown,,,gh:curent/andes
dcordoval,unknown,,CHL,gh:roseautechnologies/roseau_load_flow
dcwalk,unknown,,CAN,gh:etsap-times/times_model
ddahawkins-TUDelft,unknown,,,gh:calliope-project/calliope
ddceruti,academic,tu munchen,DEU,"gh:calliope-project/calliope,gh:energyscope/energyscope,gh:energysystemsmodellinglab/muse_os,gh:flexigis/flexigis,gh:genxproject/genx.jl,gh:lvorspel/digripy,gh:oemof/oemof-solph,gh:oemof/oemof-thermal,gh:pypsa/pypsa,gh:sanpen/veragrid,gh:tum-ens/urbs"
de1tydev,unknown,,,"gh:ames-market/psst,gh:anl-ceeesa/unitcommitment.jl,gh:antaressimulatorteam/antares_simulator,gh:chengts95/rustpower,gh:curent/andes,gh:e2niee/pandapower,gh:etsap-times/times_model,gh:grid-parity-exchange/egret,gh:gridoptics/gridpack,gh:lanl-ansi/powermodels.jl,gh:marvinler/pypownet,gh:matpower/matpower,gh:mbheinen/bpa-ipf-tsp,gh:powsybl/powsybl-core,gh:powsybl/pypowsybl,gh:pypsa/pypsa,gh:rwl/pypower,gh:sanpen/veragrid"
deBorkee,unknown,,,gh:akkudoktor-eos/eos
deOliveira-R,unknown,,,gh:idaholab/hybrid
deakinmt,unknown,,,gh:powergridmodel/power-grid-model
deantomasevic,professional,dean.io,DEU,gh:akkudoktor-eos/eos
dearmaker,unknown,,,"gh:curent/andes,gh:fzj-iek3-vsa/fine"
deb-3,unknown,,,gh:natlabrockies/paraemt_public
debatir-cell,academic,iowa state university,USA,gh:natlabrockies/paraemt_public
debibooo,academic,university college london,,gh:energyinnovation/eps-us
debog,government,lawrence livermore national laboratory,USA,gh:erf-model/erf
declann,professional,independent,IRL,gh:calliope-project/calliope
dedemii,unknown,,,gh:adgefficiency/energy-py
defigli,unknown,,,gh:akkudoktor-eos/eos
dehorsley,unknown,,AUS,"gh:genxproject/genx.jl,gh:nrel-sienna/powersimulationsdynamics.jl,gh:tulipaenergy/tulipaenergymodel.jl,gh:unsw-ceem/nempy"
dejan-z,unknown,,,gh:oemof/oemof-solph
dembach,unknown,,DEU,gh:akkudoktor-eos/eos
demetz,unknown,,,"gh:tum-ens/rivus,gh:tum-ens/urbs"
denismhz,unknown,,,gh:akkudoktor-eos/eos
denisse-dev,academic,archlinux wikimedia,,gh:antaressimulatorteam/antares_simulator
dennisatabay,unknown,,,"gh:tum-ens/urbs,gh:tum-ewk/ficus"
dennishuang8760,unknown,,,"gh:natlabrockies/h2integrate,gh:natlabrockies/hopp,gh:natlabrockies/sam"
dependabot,unknown,,USA,"gh:adgefficiency/energy-py,gh:gh:adgefficiency/energy-py-linear,gh:ait-energy/iesopt.jl,gh:akkudoktor-eos/eos,gh:ames-market/psst,gh:andrewlyden/pylesa,gh:anl-ceeesa/unitcommitment.jl,gh:antaressimulatorteam/antares_simulator,gh:blue-marble/gridpath,gh:calliope-project/calliope,gh:csenkpiel/inve2st,gh:derrickoswald/cimapplication,gh:e3-/resolve,gh:energy-modelling-toolkit/dispa-set,gh:energysystemsmodellinglab/muse2,gh:energysystemsmodellinglab/muse_os,gh:epgoxford/open,gh:flexigis/flexigis,gh:grid2op/chronix2grid,gh:grid2op/grid2op,gh:hope-model-project/hope,gh:ie3-institute/powersystemdatamodel,gh:ie3-institute/simona,gh:iiasa/message_ix,gh:juliaenergy/powerdynamics.jl,gh:kiedanski/pymarket,gh:lanl-ansi/powermodels.jl,gh:lkruitwagen/global-fossil-fuel-supply-chain,gh:lukasbarner/hydrogenmod.jl,gh:marvinler/pypownet,gh:mesmo-dev/mesmo,gh:natlabrockies/emerge,gh:natlabrockies/sam,gh:nreca-bts/omf,gh:onsset/onsset,gh:opencemorg/opencem,gh:openego/edisgo,gh:powergridmodel/power-grid-model,gh:powsybl/powsybl-core,gh:powsybl/powsybl-open-loadflow,gh:powsybl/pypowsybl,gh:pypsa/pypsa,gh:quintel/etengine,gh:quintel/etmodel,gh:richard-weinhold/pomato,gh:rl-institut/multi-vector-simulator,gh:roseautechnologies/roseau_load_flow,gh:rwl/pypower,gh:sanpen/veragrid,gh:slacgismo/tess,gh:sogno-platform/dpsim,gh:sogno-platform/pymfm,gh:thales1330/psp,gh:tulipaenergy/tulipaenergymodel.jl,gh:unsw-ceem/nempy,gh:zen-universe/zen-garden"
dependabot[bot],unknown,,,"gh:ait-energy/iesopt.jl,gh:akkudoktor-eos/eos,gh:ames-market/psst,gh:andrewlyden/pylesa,gh:antaressimulatorteam/antares_simulator,gh:calliope-project/calliope,gh:derrickoswald/cimapplication,gh:energy-modelling-toolkit/dispa-set,gh:energysystemsmodellinglab/muse2,gh:energysystemsmodellinglab/muse_os,gh:erf-model/erf,gh:flexigis/flexigis,gh:ie3-institute/powersystemdatamodel,gh:ie3-institute/simona,gh:iiasa/message_ix,gh:juliaenergy/powerdynamics.jl,gh:kiedanski/pymarket,gh:lanl-ansi/powermodels.jl,gh:lkruitwagen/global-fossil-fuel-supply-chain,gh:lukasbarner/hydrogenmod.jl,gh:marvinler/pypownet,gh:natlabrockies/sam,gh:nreca-bts/omf,gh:onsset/onsset,gh:opencemorg/opencem,gh:openego/edisgo,gh:powergridmodel/power-grid-model,gh:powsybl/powsybl-core,gh:powsybl/pypowsybl,gh:pypsa/pypsa,gh:quintel/etengine,gh:quintel/etmodel,gh:roseautechnologies/roseau_load_flow,gh:rwl/pypower,gh:sanpen/veragrid,gh:slacgismo/tess,gh:sogno-platform/dpsim,gh:sogno-platform/pymfm,gh:tulipaenergy/tulipaenergymodel.jl,gh:unsw-ceem/nempy,gh:zen-universe/zen-garden"
derco0n,industry,,DEU,gh:akkudoktor-eos/eos
derekwacks,unknown,,USA,"gh:dss-extensions/dss_capi,gh:e2niee/pandapower,gh:genxproject/genx.jl,gh:powergridmodel/power-grid-model,gh:pypsa/pypsa"
dereulenspiegel,professional,grandcentrix,DEU,gh:akkudoktor-eos/eos
derins,professional,freeflow,,gh:slacgismo/tess
derneuere,unknown,,DEU,gh:akkudoktor-eos/eos
derrickoswald,industry,,CHE,"gh:derrickoswald/cimapplication,gh:e2niee/pandapower"
descodess,unknown,,,gh:akkudoktor-eos/eos
desenk,academic,,GBR,gh:epgoxford/open
determ1ne,academic,,,"gh:e2niee/pandapower,gh:matpower/matpower,gh:rwl/pypower"
devTechi,unknown,,,gh:akkudoktor-eos/eos
devThLan,unknown,,DEU,gh:akkudoktor-eos/eos
devcat-net,unknown,,,gh:akkudoktor-eos/eos
developerkolja,professional,independent consultant,DEU,gh:akkudoktor-eos/eos
devenazevedo,unknown,,,gl:sesit/idea
devericklasco,academic,nanjing university of information science and technology,CHN,gh:fzj-iek3-vsa/fine
devil0000000,unknown,,,gh:rwl/pypower
df-dfgit,unknown,,,gh:roseautechnologies/roseau_load_flow
dfasdsfffff,unknown,,,gh:rwl/pypower
dfigus,unknown,,,gh:akkudoktor-eos/eos
dfilastro,industry,accio ltd,CAN,gh:natlabrockies/reopt_api
dfontecha,unknown,,,gh:powergridmodel/power-grid-model
dguittet,unknown,,,"gh:gmlc-dispatches/dispatches,gh:natlabrockies/h2integrate,gh:natlabrockies/hopp,gh:natlabrockies/pysam,gh:natlabrockies/sam"
dgusain1,industry,,NLD,"gh:dgusain1/energysim,gh:genxproject/genx.jl,gh:lanl-ansi/powermodels.jl,gh:oemof/oemof-solph,gh:openipsl/openipsl,gh:powergridmodel/power-grid-model,gh:pypsa/pypsa"
dgxz112,unknown,,,"gh:grid2op/grid2op,gh:nlr-distribution-suite/erad"
dharik13,unknown,,,"gh:genxproject/genx.jl,gh:natlabrockies/reeds-2.0"
dhia-gharsallaoui,academic,flexai,FRA,gh:antaressimulatorteam/antares_simulator
diabolo86,unknown,,,gh:akkudoktor-eos/eos
diamosalmpantis,academic,lund university,SWE,gh:pielube/messpy
dianyy565,unknown,,,gh:matpower/most
diaoruisheng,unknown,,,gh:gridoptics/gridpack
diasrob,unknown,,,"gh:natlabrockies/pysam,gh:natlabrockies/sam"
diddip21,unknown,,DEU,gh:akkudoktor-eos/eos
die-maus,unknown,,,gh:akkudoktor-eos/eos
diederich,unknown,,,gh:akkudoktor-eos/eos
diegoCifelli,unknown,,,gh:future-power-networks/simplus-grid-tool
diegoquintanav,professional,som-energia,CHL,"gh:flexiblepower/powermatcher,gh:rwl/pypower"
dietmarw,unknown,,NOR,"gh:openipsl/openipsl,gh:sanpen/veragrid"
digilaga,unknown,,,gh:oemof/oemof-solph
digitaldachs,unknown,,,gh:akkudoktor-eos/eos
digshock,unknown,,,gh:adgefficiency/energy-py
dihuange,unknown,,,gh:akkudoktor-eos/eos
dikain,unknown,,,gh:akkudoktor-eos/eos
dillard243,unknown,,,gh:openipsl/openipsl
dim666dim,unknown,,CHN,"gh:lanl-ansi/powermodels.jl,gh:rwl/pypower"
dimiphoton,academic,,BEL,gh:energy-modelling-toolkit/dispa-set
dinglei282919,academic,,,"gh:epri-dev/opender,gh:grid2op/grid2op,gh:matpower/matpower,gh:mesmo-dev/mesmo,gh:pnnl/tesp"
dingyu2020,professional,cup_beijing,CHN,"gh:etsap-times/times_model,gh:iiasa/message_ix,gh:osemosys/osemosys,gh:switch-model/switch"
dionator,industry,jila.ai,NLD,gh:energy-modelling-toolkit/dispa-set
diostam,unknown,,,"gh:curent/andes,gh:e2niee/pandapower,gh:gridoptics/gridpack,gh:pypsa/pypsa,gh:sanpen/veragrid"
dipayan14,professional,,,gh:genxproject/genx.jl
dirkarnez,professional,freelance,HKG,gh:erf-model/erf
dirkg173,unknown,,,gh:akkudoktor-eos/eos
dit-hgebhardt,industry,veljus gmbh,,gh:akkudoktor-eos/eos
divdan,unknown,,,gh:emlab/emlab-generation
diving16,academic,,,"gh:curent/andes,gh:e2niee/pandapower,gh:grid2op/grid2op,gh:susantoj/pypower-dynamics"
divisuals,unknown,,,gh:temoaproject/temoa
divyabohra,unknown,,,"gh:gh:adgefficiency/energy-py-linear,gh:calliope-project/calliope,gh:genxproject/genx.jl,gh:juliaenergy/joulia.jl,gh:natlabrockies/sam,gh:quintel/etmodel"
divyesh-khandhedia,unknown,,,gh:curent/andes
djacouma,unknown,,,"gh:microgrids-x/microgrids.py,gh:natlabrockies/pysam,gh:natlabrockies/sam"
djconnolly27,unknown,,,gh:natlabrockies/pysam
djmartingale,unknown,,,"gh:ames-market/psst,gh:rwl/pypower,gh:susantoj/pypower-dynamics,gh:tum-ens/urbs,gh:tum-ewk/opentumflex"
djok,professional,clouway ood,BGR,gh:akkudoktor-eos/eos
djslll,unknown,,,"gh:behrangshirizadeh/eoles_elecres,gh:iee-tugraz/lego"
dkapt,unknown,,GRC,"gh:chrisyeh96/sustaingym,gh:e2niee/pandapower,gh:grid2op/grid2op,gh:natlabrockies/pysam,gh:natlabrockies/sam,gh:openipsl/openipsl,gh:pypsa/pypsa,gh:rwl/pypower,gh:sanpen/veragrid,gh:switch-model/switch"
dkayser,industry,melag medizintechnik gmbh & co. kg,DEU,"gh:oemof/oemof-solph,gh:pypsa/pypsa,gh:sogno-platform/pymfm"
dkruempe,unknown,,,gh:akkudoktor-eos/eos
dkruyt,professional,atcomputing,NLD,gh:powergridmodel/power-grid-model
dkuenne,unknown,,DEU,gh:akkudoktor-eos/eos
dlcole3,unknown,,,"gh:genxproject/genx.jl,gh:macroenergy/macroenergy.jl,gh:nrel-sienna/powersimulations.jl"
dle-n-side,unknown,,,gh:electa-git/flexplan.jl
dlips,unknown,,DEU,gh:akkudoktor-eos/eos
dlopuch,industry,"nanogrid technologies, pbc",USA,"gh:natlabrockies/pysam,gh:natlabrockies/sam"
dlr-ach,unknown,,,gl:dlr-ve/esy/amiris/amiris
dlr-cjs,unknown,,,gh:assume-framework/assume
dlr-cjs,unknown,,,"gl:dlr-ve/esy/amiris/amiris,gl:fame-framework/fame-core"
dlr_elghazi,unknown,,,"gl:dlr-ve/esy/amiris/amiris,gl:fame-framework/fame-core"
dlr_eps,unknown,,,gl:dlr-ve/esy/amiris/amiris
dlr_es,unknown,,,"gl:dlr-ve/esy/amiris/amiris,gl:fame-framework/fame-core"
dlr_fn,unknown,,,"gl:dlr-ve/esy/amiris/amiris,gl:dlr-ve/esy/remix/framework,gl:fame-framework/fame-core"
dlr_jk,unknown,,,"gl:dlr-ve/esy/amiris/amiris,gl:fame-framework/fame-core"
dlvilla,research,sandialabs,USA,gh:andrewlyden/pylesa
dmanty45,unknown,,USA,"gh:genxproject/genx.jl,gh:nrel-sienna/powersimulations.jl"
dmarmullaku,unknown,,,gh:fzj-iek3-vsa/fine
dmoya17,unknown,,,gh:energysystemsmodellinglab/muse_os
dmuldrew,unknown,,,"gh:breakthrough-energy/reise.jl,gh:matpower/matpower"
dmwdavis,academic,,USA,gh:genxproject/genx.jl
dmytrochumakov,industry,,UKR,"gh:juliaenergy/joulia.jl,gh:juliaenergy/powerdynamics.jl,gh:nrel-sienna/powersimulations.jl"
dmytrosmirnov,unknown,,,gh:antaressimulatorteam/antares_simulator
dngs,unknown,,,gh:richard-weinhold/pomato
dnkit24,unknown,,,gh:gridfm/gridfm-graphkit
dnnsmws,unknown,,,gh:akkudoktor-eos/eos
dnt00193,unknown,,,"gh:chengts95/rustpower,gh:curent/andes,gh:e2niee/pandapower,gh:matpower/matpower,gh:pypsa/pypsa,gh:rwl/pypower,gh:thales1330/psp"
dnyt84,unknown,,,gh:akkudoktor-eos/eos
dnzr,unknown,,,gh:akkudoktor-eos/eos
dobrien13,professional,energyinnovation,,gh:energyinnovation/eps-us
dodo1912,unknown,,,gh:akkudoktor-eos/eos
domagojcc,unknown,,DEU,gh:akkudoktor-eos/eos
domee064,unknown,,,gh:akkudoktor-eos/eos
domin211,unknown,,CZE,gh:akkudoktor-eos/eos
dominikbauer,unknown,,,gh:akkudoktor-eos/eos
dominikstraessle,academic,,CHE,"gh:assume-framework/assume,gh:curent/andes,gh:dynawo/dynawo,gh:e2niee/pandapower,gh:powergridmodel/power-grid-model,gh:powsybl/powsybl-open-loadflow,gh:powsybl/pypowsybl,gh:pypsa/pypsa,gh:rwl/pypower,gh:sanpen/veragrid,gh:sogno-platform/dpsim"
dominikusbrian,industry,dreambrook labs,SGP,"gh:energyscope/energyscope,gh:fzj-iek3-vsa/fine"
dommara2,unknown,,,gh:e3-/resolve
domshog,unknown,,,gh:natlabrockies/reopt_api
domtisdell,unknown,,,"gh:bje-/nemo,gh:etsap-times/times_model"
don-jacob,unknown,,,gh:e3-/resolve
dongqi-wu,unknown,,,gh:breakthrough-energy/reise.jl
donjonsn,unknown,,,gh:akkudoktor-eos/eos
donsolid,unknown,,,gh:fzj-iek3-vsa/fine
doofy,unknown,,DEU,gh:akkudoktor-eos/eos
doppioandante,academic,,,"gh:breakthrough-energy/reise.jl,gh:nrel-sienna/powersimulations.jl"
doraut,unknown,,,"gh:oemof/oemof-solph,gh:pypsa/pypsa"
dotahz,unknown,,,gh:curent/andes
dothebart,professional,arangodb,DEU,gh:akkudoktor-eos/eos
dothinking,unknown,,,"gh:calliope-project/calliope,gh:oemof/oemof-solph,gh:pypsa/pypsa"
dottools,unknown,,,gh:akkudoktor-eos/eos
dotungvp1994,unknown,,,gh:akkudoktor-eos/eos
doubianimehdi,unknown,,FRA,gh:akkudoktor-eos/eos
double-a,unknown,,DEU,gh:akkudoktor-eos/eos
doublehmenace,unknown,,,gh:richard-weinhold/pomato
dpaolella,utility,,,"gh:curent/andes,gh:dynawo/dynawo,gh:e2niee/pandapower,gh:eiagov/bluesky,gh:macroenergy/macroenergy.jl,gh:matpower/matpower,gh:powsybl/powsybl-open-loadflow,gh:sanpen/veragrid"
dparrini,industry,psr,BRA,"gh:dss-extensions/dss_capi,gh:epri-dev/opender,gh:matpower/matpower,gh:nreca-bts/omf,gh:nrel-sienna/powersimulationsdynamics.jl,gh:powergridmodel/power-grid-model,gh:powsybl/powsybl-open-loadflow"
dpatinoecheverri,academic,duke university,,gh:genxproject/genx.jl
dpostolovski,industry,nextera,,"gh:calliope-project/calliope,gh:natlabrockies/sam,gh:pypsa/pypsa,gh:temoaproject/temoa"
dr4yyee,unknown,,DEU,"gh:matpower/matpower,gh:matpower/most"
drYukiWang,unknown,,,gh:derrickoswald/cimapplication
drachenfliger13,industry,,DEU,gh:akkudoktor-eos/eos
dradair,unknown,,USA,gh:natlabrockies/sam
drae,industry,kerogen-systems,GBR,gh:akkudoktor-eos/eos
dragonfly2023h,unknown,,,"gh:gridfm/gridfm-graphkit,gh:pielube/messpy"
dragonxu,unknown,,,"gh:gridoptics/gridpack,gh:sogno-platform/dpsim"
drazenjaksic,unknown,,,gh:antaressimulatorteam/antares_simulator
drbacke,unknown,,,gh:akkudoktor-eos/eos
dreamMilk,unknown,,,gh:calliope-project/calliope
dreamsandnightmares,unknown,,,"gh:genxproject/genx.jl,gh:grid2op/grid2op"
drganghe,industry,,,"gh:blue-marble/gridpath,gh:breakthrough-energy/reise.jl,gh:e2niee/pandapower,gh:etsap-times/times_model,gh:fraukewiese/renpass,gh:genxproject/genx.jl,gh:grid-parity-exchange/egret,gh:iiasa/message_ix,gh:lanl-ansi/powermodels.jl,gh:marvinler/pypownet,gh:matpower/matpower,gh:natlabrockies/pysam,gh:natlabrockies/reeds-2.0,gh:natlabrockies/sam,gh:nreca-bts/omf,gh:nrel-sienna/powersimulations.jl,gh:optimal2050/energyrt,gh:osemosys/osemosys,gh:pypsa/pypsa,gh:rwl/pypower,gh:switch-model/switch,gh:temoaproject/temoa,gh:vub-hydr/revub"
drgona,academic,johns hopkins university,USA,"gh:matpower/matpower,gh:pypsa/pypsa,gh:rwl/pypower"
drifter089,professional,acta,THA,"gh:calliope-project/calliope,gh:dynawo/dynawo,gh:pypsa/pypsa"
drinkaBeer,unknown,,,gh:pielube/messpy
drizk1,academic,,,gh:tulipaenergy/tulipaenergymodel.jl
drjod,academic,university of kiel,DEU,gh:oemof/oemof-solph
drjwood,unknown,,AUS,gh:adamgreenhall/minpower
drlenux,unknown,,,gh:akkudoktor-eos/eos
drmatson,industry,,EST,gh:natlabrockies/hopp
drmattimoli,unknown,,,"gh:oemof/oemof-solph,gh:rl-institut/multi-vector-simulator"
drzekunguo,academic,university of hull,GBR,"gh:natlabrockies/h2integrate,gh:natlabrockies/hopp,gh:natlabrockies/paraemt_public"
dsander,unknown,,DEU,gh:akkudoktor-eos/eos
dsbogdanov,industry,conundrum.ai,,"gh:e2niee/pandapower,gh:grid2op/grid2op,gh:rwl/pypower"
dsd-hamsa,professional,dsd renewables,USA,gh:natlabrockies/pysam
dsehloff,research,argonne national lab,,"gh:lanl-ansi/powermodels.jl,gh:lanl-ansi/powermodelsannex.jl"
dsiebel,industry,trivago,DEU,gh:akkudoktor-eos/eos
dsteinkopf,unknown,,,gh:akkudoktor-eos/eos
dsw676676,unknown,,,gh:etsap-times/times_model
dt883080,unknown,,,"gh:curent/andes,gh:e2niee/pandapower,gh:grid2op/grid2op,gh:ie3-institute/powersystemdatamodel,gh:nrel-sienna/powersystemsinvestments.jl,gh:pypsa/pypsa"
dtavan,professional,nashrenewables,ESP,gh:adgefficiency/energy-py
dtjgp,academic,polytechnic institute of turin,ITA,"gh:e2niee/pandapower,gh:powergridmodel/power-grid-model,gh:pypsa/pypsa"
dtonelli,unknown,,,gh:zen-universe/zen-garden
duboisa1,unknown,,,"gh:energyscope/energyscope,gh:pypsa/pypsa"
dujiong88-afk,unknown,,,gh:spf-ost/optihood
dukeboard,unknown,,,"gh:curent/andes,gh:matpower/matpower,gh:powergridmodel/power-grid-model"
dunyuliu,academic,university of texas institute for geophysics,,gh:curent/andes
duqianqian0621,academic,north china electric power university,,gh:ait-energy/iesopt.jl
durgeshkawale,unknown,,,gh:fzj-iek3-vsa/fine
dusanparipovic,utility,reseau de transport d'electricite,SRB,gh:antaressimulatorteam/antares_simulator
dustinma324,professional,amd,,gh:erf-model/erf
dustyirwin,unknown,,USA,gh:natlabrockies/reopt_api
dusvn,unknown,,,gh:antaressimulatorteam/antares_simulator
dut3062796s,unknown,,,gh:akkudoktor-eos/eos
dutlyl,unknown,,,gh:pencleanenergy/match-model
duya1234,unknown,,,"gh:pypsa/pypsa,gh:rwl/pypower"
dvaidhyn,unknown,,,gh:natlabrockies/paraemt_public
dvdrzmv,unknown,,,gh:akkudoktor-eos/eos
dvgitit,professional,self,,gh:akkudoktor-eos/eos
dwillcox,academic,university of california berkeley,USA,gh:erf-model/erf
dwjp,unknown,,,gh:natlabrockies/pysam
dxvisinho,unknown,,,gh:gridoptics/gridpack
dxyzx0,academic,shanghai university of finance and economics,,"gh:lanl-ansi/powermodels.jl,gh:matpower/matpower,gh:rwl/pypower"
dyami-andrews-e3,unknown,,,gh:e3-/resolve
dylancutler,unknown,,,gh:natlabrockies/reopt_api
dylanjm,research,idaho national laboratory,USA,"gh:calliope-project/calliope,gh:idaholab/heron,gh:oemof/oemof-solph,gh:pypsa/pypsa"
dylanjmcconnell,academic,university of new south wales,AUS,"gh:bje-/nemo,gh:natlabrockies/sam,gh:opencemorg/opencem,gh:pypsa/pypsa"
dylawatt,unknown,,,gh:natlabrockies/pysam
dzenhaeusern,unknown,,,gh:spf-ost/optihood
dzonimn,industry,,SGP,gh:upb-lea/electricgrid.jl
dzy-ee,academic,shanghai university,,"gh:e2niee/pandapower,gh:rwl/pypower"
e-hirsch,unknown,,,gh:akkudoktor-eos/eos
e-zaline,unknown,,,"gh:irena-flextool/flextool,gh:powsybl/pypowsybl"
e-zolotarevskaya,academic,potsdam institute for climate change impact research,DEU,gh:oemof/oemof-solph
e3somersethugh,unknown,,,gh:genxproject/genx.jl
e7b7,unknown,,,gh:rwl/pypower
eFrane,unknown,,DEU,gh:antaressimulatorteam/antares_simulator
eabogle,academic,portland state university,USA,gh:erf-model/erf
eahendricks,unknown,,,gh:erf-model/erf
ealux,industry,,RUS,"gh:adamgreenhall/minpower,gh:e2niee/pandapower,gh:gridoptics/gridpack,gh:juliaenergy/powerdynamics.jl,gh:lanl-ansi/powermodels.jl,gh:matpower/matpower,gh:powsybl/powsybl-core,gh:powsybl/powsybl-open-loadflow,gh:powsybl/pypowsybl,gh:pypsa/pypsa,gh:rwl/pypower,gh:sanpen/veragrid"
eanderson4,industry,anderson-optimization,USA,"gh:curent/andes,gh:pypsa/pypsa"
eantonini,professional,open energy transition,ITA,"gh:calliope-project/calliope,gh:pypsa/pypsa"
eaqadeer,unknown,,,"gh:osemosys/osemosys,gh:powergridmodel/power-grid-model"
earstreet,unknown,,,gh:akkudoktor-eos/eos
earwickerh,unknown,,,gh:epgoxford/open
ebh-incom,academic,incomas,,"gh:assume-framework/assume,gh:pypsa/pypsa"
ebigram,academic,carnegie mellon university,USA,"gh:ie3-institute/simona,gh:lanl-ansi/powermodels.jl"
ebirn,professional,vienna biocenter,AUT,gh:akkudoktor-eos/eos
eboigne,academic,stanford university,,gh:etsap-times/times_model
ecarreras,professional,gisce,ESP,"gh:curent/andes,gh:dss-extensions/dss_capi,gh:e2niee/pandapower,gh:manuvarkey/gelectrical,gh:pypsa/pypsa,gh:rwl/pypower"
echappin,unknown,,,gh:emlab/emlab-generation
echo11wzj,unknown,,,gh:adgefficiency/energy-py
echojkie,unknown,,,gh:genxproject/genx.jl
eckelj,industry,riddle&code gmbh & rddl.io,AUT,gh:akkudoktor-eos/eos
econalextw,unknown,,,"gh:etsap-times/times_model,gh:iiasa/message_ix"
ecosang,unknown,,,"gh:oemof/oemof-solph,gh:pypsa/pypsa,gh:tum-ens/urbs"
ecotillasanchez,academic,oregon state university,USA,"gh:e2niee/pandapower,gh:eiagov/bluesky,gh:lanl-ansi/powermodels.jl,gh:matpower/matpower,gh:openipsl/openipsl"
ecturner,unknown,,,gh:natlabrockies/pysam
eddi888,unknown,,,gh:akkudoktor-eos/eos
eddiegulay,industry,louella-company,TZA,gh:akkudoktor-eos/eos
ederst,industry,,USA,gh:akkudoktor-eos/eos
edgBR,industry,,SWE,"gh:adamgreenhall/minpower,gh:energy-modelling-toolkit/dispa-set,gh:frkunz/stelmod,gh:matpower/most,gh:nrel-sienna/powersimulations.jl,gh:tum-ens/urbs"
edidim,unknown,,,gh:akkudoktor-eos/eos
edoardo-dedin,unknown,,,gh:villasframework/node
edsinclair,industry,gridstrong,,gh:eiagov/bluesky
eduardosalaz,academic,ampl,MEX,"gh:anl-ceeesa/unitcommitment.jl,gh:bje-/nemo,gh:energyscope/energyscope,gh:energysystemsmodellinglab/muse2,gh:genxproject/genx.jl,gh:grid2op/grid2op,gh:juliaenergy/powerdynamics.jl,gh:matpower/matpower,gh:nrel-sienna/powersimulations.jl,gh:nrel-sienna/powersimulationsdynamics.jl,gh:pypsa/pypsa,gh:spine-tools/spineopt.jl,gh:switch-model/switch,gh:tum-ens/rivus,gh:tum-ens/urbs"
edvcc,unknown,,,"gh:natlabrockies/pysam,gh:pypsa/pypsa,gh:sanpen/veragrid"
edwardoughton,academic,"george mason university, va",USA,gh:onsset/onsset
edwinksl,government,bureau veritas,SGP,gh:temoaproject/temoa
edx903,unknown,,FRA,"gh:onsset/onsset,gh:osemosys/osemosys,gh:pypsa/pypsa"
eeenadeem,unknown,,,gh:mesmo-dev/mesmo
eeeyoung,unknown,,,gh:energysystemsmodellinglab/muse_os
eejyin,unknown,,,"gh:curent/andes,gh:pypsa/pypsa"
eendru,unknown,,,"gh:e2niee/pandapower,gh:matpower/matpower,gh:rwl/pypower"
eepsman,unknown,,,gh:susantoj/pypower-dynamics
eerohirvijoki,unknown,,,gh:genxproject/genx.jl
eeroinkeri,unknown,,,gh:calliope-project/calliope
eetongsu,unknown,,,"gh:calliope-project/calliope,gh:curent/andes,gh:dynawo/dynawo,gh:e2niee/pandapower,gh:epgoxford/open,gh:genxproject/genx.jl,gh:grid-parity-exchange/egret,gh:grid2op/grid2op,gh:lanl-ansi/powermodels.jl,gh:matpower/matpower,gh:mzy2240/esa,gh:natlabrockies/paraemt_public,gh:nrel-sienna/powersimulationsdynamics.jl,gh:openipsl/openipsl,gh:pnnl/tesp,gh:pypsa/pypsa,gh:rwl/pypower,gh:sanpen/veragrid,gh:susantoj/pypower-dynamics"
eexxyy,unknown,,,"gh:epgoxford/open,gh:grid2op/grid2op,gh:matpower/matpower"
ef8ymis,academic,"school of electrical & electronic engineering, university college dublin",IRL,"gh:lanl-ansi/powermodels.jl,gh:lanl-ansi/powermodelsannex.jl"
efaPHC,professional,photoncycle as,NOR,gh:curent/andes
egbutter,academic,,,"gh:matpower/matpower,gh:matpower/most,gh:natlabrockies/sam,gh:pypsa/pypsa,gh:temoaproject/temoa"
egeriicw,professional,ethos sustainability group,USA,"gh:breakthrough-energy/reise.jl,gh:genxproject/genx.jl,gh:matpower/matpower,gh:natlabrockies/pysam,gh:natlabrockies/reeds-2.0,gh:natlabrockies/sam,gh:nrel-sienna/powersimulations.jl,gh:pencleanenergy/match-model,gh:pypsa/pypsa,gh:sanpen/veragrid,gh:switch-model/switch,gh:temoaproject/temoa,gh:transition-zero/tz-osemosys"
eggzec-tech-usr,professional,eggzec,,"gh:ames-market/psst,gh:curent/andes,gh:e2niee/pandapower,gh:matpower/matpower"
egndz,industry,,IRL,gh:oemof/oemof-solph
egogsen,unknown,,,gh:akkudoktor-eos/eos
ehbartolo,industry,,,"gh:changgang/steps,gh:lanl-ansi/powermodels.jl,gh:natlabrockies/pras,gh:nrel-sienna/powersimulationsdynamics.jl,gh:powergridmodel/power-grid-model,gh:sogno-platform/dpsim,gh:unsw-ceem/nempy"
ehlyzov,professional,https://medium.com/ eugenehlyzov,,gh:derrickoswald/cimapplication
ehreph,unknown,,,gh:akkudoktor-eos/eos
eia-csu,government,energy information administration,,gh:eiagov/bluesky
einkunz,unknown,,,gh:akkudoktor-eos/eos
ejlchappin,academic,delft university of technology,NLD,gh:emlab/emlab-generation
ekatef,professional,open energy transition,,"gh:calliope-project/calliope,gh:dynawo/dynawo,gh:juliaenergy/powerdynamics.jl,gh:leonardgoeke/anymod.jl,gh:oemof/oemof-solph,gh:openego/edisgo,gh:pypsa/pypsa,gh:vub-hydr/revub"
ekgold42,unknown,,,gh:adgefficiency/energy-py
ekiwaka,unknown,,,gh:powergridmodel/power-grid-model
ekoski1,industry,orebed analytics llc,,gh:energyinnovation/eps-us
eksp2,unknown,,,"gh:rwl/pypower,gh:susantoj/pypower-dynamics"
eladendorf,unknown,,,"gh:grid-parity-exchange/egret,gh:temoaproject/temoa,gh:tum-ens/rivus,gh:tum-ens/urbs"
elbotho,professional,serlo-org,DEU,gh:akkudoktor-eos/eos
elch78,unknown,,BEL,gh:akkudoktor-eos/eos
elcombato,professional,airbus,DEU,gh:akkudoktor-eos/eos
elecmohamed,unknown,,IND,gh:natlabrockies/paraemt_public
electric-m,unknown,,,gh:akkudoktor-eos/eos
electronspluscode,unknown,,,gh:genxproject/genx.jl
elecysh,unknown,,,"gh:e2niee/pandapower,gh:rwl/pypower"
elenya-grant,unknown,,,"gh:natlabrockies/h2integrate,gh:natlabrockies/hopp"
elevenarms,unknown,,,"gh:akkudoktor-eos/eos,gh:nlr-distribution-suite/erad"
elhamwalid90-byte,unknown,,,gh:temoaproject/temoa
eliasaadeh608,unknown,,,gh:akkudoktor-eos/eos
eliascarv,academic,,BRA,"gh:electa-git/flexplan.jl,gh:genxproject/genx.jl,gh:juliaenergy/powerdynamics.jl,gh:lanl-ansi/powermodels.jl,gh:nrel-sienna/powersimulations.jl,gh:nrel-sienna/powersimulationsdynamics.jl,gh:nrel-sienna/powersystemsinvestments.jl,gh:spine-tools/spineopt.jl,gh:tulipaenergy/tulipaenergymodel.jl,gh:upb-lea/electricgrid.jl"
eliasinul,academic,"delta e+ research lab, simon fraser university",CAN,"gh:eiagov/bluesky,gh:fzj-iek3-vsa/fine,gh:genxproject/genx.jl,gh:iiasa/message_ix,gh:iit-energysystemmodels/opentepes,gh:natlabrockies/pras,gh:natlabrockies/reeds-2.0,gh:oemof/oemof-solph,gh:rebase-energy/enflow,gh:transition-zero/tz-osemosys"
eliftu,unknown,,,gh:oemof/oemof-solph
elinaspyrou,unknown,,,gh:spine-tools/spineopt.jl
eliotgoodman,unknown,,,gh:assume-framework/assume
elireesewirpsa,unknown,,,gh:tulipaenergy/tulipaenergymodel.jl
elisagaudchau,unknown,,,gh:oemof/oemof-solph
elisapap,unknown,,,gh:oemof/oemof-solph
elisejiuqizhang,academic,mcgill university,CAN,gh:gridfm/gridfm-graphkit
elkir,professional,,not found,gh:antaressimulatorteam/antares_simulator
elkomysara,unknown,,,"gh:balmorelcommunity/balmorel,gh:energy-modelling-toolkit/dispa-set,gh:matpower/matpower,gh:optimal2050/energyrt,gh:osemosys/osemosys,gh:rl-institut/multi-vector-simulator,gh:rwl/pypower,gh:sei-international/nemomod.jl,gh:switch-model/switch,gh:tum-ens/urbs,gh:tum-ewk/ficus"
elloza,academic,university of salamanca,ESP,gh:adgefficiency/energy-py
elnegrogato,unknown,,,gh:akkudoktor-eos/eos
elsholz,unknown,,DEU,gh:akkudoktor-eos/eos
elsuizo,unknown,,ARG,gh:adgefficiency/energy-py
eltociear,industry,,JPN,gh:akkudoktor-eos/eos
eltonelero,unknown,,,"gh:e2niee/pandapower,gh:mesmo-dev/mesmo"
elvisy33,industry,cepri sgcc,,"gh:antaressimulatorteam/antares_simulator,gh:pypsa/pypsa"
emabre,unknown,,,gh:powergridmodel/power-grid-model
eman,professional,kevalaanalytics,USA,"gh:calliope-project/calliope,gh:e2niee/pandapower,gh:natlabrockies/sam,gh:oemof/oemof-solph,gh:rwl/pypower,gh:tum-ens/urbs"
embeddedhao,unknown,,,gh:openipsl/openipsl
emelf,academic,university of south-eastern norway,NOR,gh:curent/andes
emerali,professional,piquil,,gh:juliaenergy/joulia.jl
emesk,academic,"mrc, seureca veolia",ESP,"gh:anl-ceeesa/unitcommitment.jl,gh:critical-infrastructure-systems-lab/pownet,gh:curent/andes,gh:e2niee/pandapower,gh:grid2op/grid2op,gh:gridoptics/gridpack,gh:lanl-ansi/powermodels.jl,gh:natlabrockies/paraemt_public,gh:openipsl/openipsl,gh:powergridmodel/power-grid-model,gh:powsybl/powsybl-open-loadflow,gh:pypsa/pypsa,gh:rwl/pypower,gh:susantoj/pypower-dynamics"
emign,unknown,,DEU,gh:akkudoktor-eos/eos
emiliocanor,unknown,,,gh:genxproject/genx.jl
emilyalbergo,unknown,,,gh:temoaproject/temoa
emirseners,unknown,,,gh:natlabrockies/pysam
emmandecena,industry,,,"gh:gh:adgefficiency/energy-py-linear,gh:grid2op/grid2op,gh:nrel-sienna/powersimulations.jl,gh:osemosys/osemosys,gh:powergridmodel/power-grid-model,gh:pypsa/pypsa,gh:unsw-ceem/nempy"
emmanuelbadmus,academic,,,gh:gridfm/gridfm-graphkit
emmanuelito94,unknown,,,gh:akkudoktor-eos/eos
emotheau,unknown,,USA,gh:erf-model/erf
emrebayramc,unknown,,,gh:natlabrockies/pysam
emrgi,unknown,,,"gh:ames-market/psst,gh:pypsa/pypsa,gh:rwl/pypower,gh:sanpen/veragrid"
endeavourstudy,unknown,,,"gh:critical-infrastructure-systems-lab/pownet,gh:rwl/pypower"
endrebjorndal,unknown,,NOR,"gh:etsap-times/times_model,gh:pypsa/pypsa"
endurance1968,unknown,,DEU,gh:akkudoktor-eos/eos
enel-ihopper,industry,enel,USA,gh:natlabrockies/hopp
energy-iot,industry,,USA,gh:natlabrockies/reopt_api
energy-modelling-club,unknown,,,gh:etsap-times/times_model
energy-projects-renovation-state,industry,,DEU,"gh:powergridmodel/power-grid-model,gh:sogno-platform/dpsim"
energy-solution,unknown,,USA,gh:natlabrockies/pysam
energy_trader07,unknown,,,gl:dlr-ve/esy/amiris/amiris
enertel,industry,enertel ai,CAN,"gh:adamgreenhall/minpower,gh:adgefficiency/energy-py,gh:ames-market/psst,gh:gridfm/gridfm-graphkit"
engahmed1190,unknown,,,gh:adgefficiency/energy-py
engrzahidriaz,unknown,,PAK,gh:curent/andes
enjoyneer87,academic,sungkyunkwan university,KOR,gh:idaholab/hybrid
ensn1to,unknown,,,"gh:akkudoktor-eos/eos,gh:flexiblepower/powermatcher,gh:richard-weinhold/pomato,gh:tum-ewk/opentumflex"
ensonun,academic,imperial college london,,gh:erf-model/erf
enyulion,unknown,,,gh:akkudoktor-eos/eos
eogbe,unknown,,,gh:natlabrockies/pysam
eosram,unknown,,,"gh:fraukewiese/renpass,gh:oemof/oemof-solph,gh:openego/ego,gh:pypsa/pypsa"
epa-dan-kraynak,professional,economist at usepa's ncee,,gh:genxproject/genx.jl
eparamasari,industry,,IDN,"gh:etsap-times/times_model,gh:pypsa/pypsa"
eperim,unknown,,,"gh:e2niee/pandapower,gh:lanl-ansi/powermodels.jl,gh:lanl-ansi/powermodelsannex.jl"
epeterson113,unknown,,,gh:e3-/resolve
epetrishchev,unknown,,RUS,"gh:e2niee/pandapower,gh:grid2op/grid2op,gh:lanl-ansi/powermodels.jl,gh:rwl/pypower"
epsycongroo,unknown,,,gh:akkudoktor-eos/eos
eqfive,unknown,,,gh:akkudoktor-eos/eos
erdisaruhan,unknown,,,"gh:electa-git/flexplan.jl,gh:lanl-ansi/powermodels.jl"
ereznicek,unknown,,,"gh:natlabrockies/h2integrate,gh:natlabrockies/hopp,gh:natlabrockies/rodeo"
eric-muller,unknown,,,gh:pencleanenergy/match-model
ericgeiger1,academic,,,gh:akkudoktor-eos/eos
ericscheier,professional,emrgi,DNK,"gh:genxproject/genx.jl,gh:hope-model-project/hope,gh:iiasa/message_ix,gh:natlabrockies/reeds-2.0,gh:pencleanenergy/match-model,gh:rwl/pypower,gh:temoaproject/temoa"
eriharriso,unknown,,,gh:irena-flextool/flextool
erik-metz,industry,,DEU,gh:akkudoktor-eos/eos
erikajob91,unknown,,,gh:openipsl/openipsl
erikbjornerem,academic,ntnu,NOR,gh:genxproject/genx.jl
erikfilias,industry,,,"gh:e2niee/pandapower,gh:iit-energysystemmodels/openmaster,gh:iit-energysystemmodels/opensduc,gh:iit-energysystemmodels/opentepes,gh:tum-ens/urbs"
erikpohl53,unknown,,,gh:natlabrockies/emerge
erkkar,unknown,,FIN,gh:spine-tools/spineopt.jl
ernestds,unknown,,,"gh:juliaenergy/powerdynamics.jl,gh:nrel-sienna/powersimulationsdynamics.jl"
eromano2016,academic,university of geneva,CHE,gh:antaressimulatorteam/antares_simulator
eroten,government,metropolitan-council,USA,gh:energyinnovation/eps-us
errezz,unknown,,,gh:akkudoktor-eos/eos
erv17huq,unknown,,,gh:akkudoktor-eos/eos
esavage21,unknown,,,gh:natlabrockies/reopt_api
escalacjo,unknown,,,gh:oemof/oemof-solph
esclapez,academic,"imau, utrecht university",NLD,gh:erf-model/erf
esegerstrom,unknown,,,gh:openipsl/openipsl
eshoubak,unknown,,,"gh:curent/andes,gh:gridoptics/gridpack,gh:rwl/pypower"
eshrest1,unknown,,,gh:calliope-project/calliope
espenbodal,academic,sintef energy research,,gh:energymodelsx/energymodelsbase.jl
espenfb,unknown,,,"gh:electa-git/flexplan.jl,gh:energymodelsx/energymodelsbase.jl,gh:nrel-sienna/powersimulations.jl"
esraakyumuk,unknown,,,gh:etsap-times/times_model
esrawli,unknown,,,"gh:gmlc-dispatches/dispatches,gh:grid-parity-exchange/egret"
esske,academic,"fraunhofer institute for environmental, safety, and energy technology umsicht",DEU,gh:oemof/oemof-solph
esterleds,unknown,,,"gh:curent/andes,gh:future-power-networks/simplus-grid-tool,gh:nrel-sienna/powersimulationsdynamics.jl"
esyen,unknown,,,"gh:juliaenergy/powerdynamics.jl,gh:sanpen/veragrid"
ete72-arminius,unknown,,,gh:akkudoktor-eos/eos
ethan-nelson,industry,,USA,"gh:calliope-project/calliope,gh:tum-ens/urbs"
ethanharoutunian,unknown,,,gh:akkudoktor-eos/eos
ethereal-jack,unknown,,,"gh:anl-ceeesa/unitcommitment.jl,gh:chrisyeh96/sustaingym,gh:critical-infrastructure-systems-lab/pownet,gh:e2niee/pandapower,gh:prep-next/prep-shot,gh:pypsa/pypsa,gh:vub-hydr/revub"
etienne-s,unknown,,,gh:antaressimulatorteam/antares_simulator
etienne-v,unknown,,,gh:gridfm/gridfm-graphkit
etpalmer63,industry,,USA,gh:erf-model/erf
ettorebortolini,unknown,,,gh:emlab/emlab-generation
eudoxys,professional,,USA,gh:rwl/pypower
eunseong-park,academic,zew mannheim,DEU,gh:etsap-times/times_model
evajoskin,unknown,,,gh:energy-modelling-toolkit/dispa-set
evan-sharafuddin,academic,,,"gh:natlabrockies/hopp,gh:natlabrockies/wpgnn"
evancasey,unknown,,USA,gh:adgefficiency/energy-py
evelynmitchell,industry,,USA,"gh:akkudoktor-eos/eos,gh:drafproject/draf,gh:lkruitwagen/global-fossil-fuel-supply-chain,gh:nrel-sienna/powersimulations.jl,gh:nrel-sienna/powersimulationsdynamics.jl"
evenshow,unknown,,,"gh:e2niee/pandapower,gh:mesmo-dev/mesmo"
evgenytsydenov,unknown,,GBR,"gh:e2niee/pandapower,gh:grid2op/grid2op,gh:rwl/pypower"
evilknivel,unknown,,,gh:akkudoktor-eos/eos
evoascendent,academic,,DEU,gh:rwl/pypower
evolsign,unknown,,,gh:akkudoktor-eos/eos
evrenmturan,academic,ntnu,,gh:energyscope/energyscope
ewelte,unknown,,,gh:akkudoktor-eos/eos
ewquon,unknown,,,gh:erf-model/erf
exergiovanni,unknown,,MEX,"gh:gridoptics/gridpack,gh:juliaenergy/joulia.jl,gh:pnnl/exago,gh:sei-international/nemomod.jl"
eyangs,academic,china university of mining and technology,CHN,gh:assume-framework/assume
eyingyang,unknown,,,gh:assume-framework/assume
f-kullmann,unknown,,,gh:fzj-iek3-vsa/fine
f4try,academic,xi'an jiaotong university,CHN,"gh:blue-marble/gridpath,gh:calliope-project/calliope,gh:chengts95/rustpower,gh:curent/andes,gh:e2niee/pandapower,gh:matpower/matpower,gh:mesmo-dev/mesmo,gh:natlabrockies/reeds-2.0,gh:pypsa/pypsa,gh:rwl/pypower,gh:sanpen/veragrid,gh:susantoj/pypower-dynamics,gh:switch-model/switch"
fJulius,unknown,,,gh:curent/andes
faasouza,unknown,,,gh:energyscope/energyscope
fabegreat,unknown,,,gh:oemof/oemof-solph
fabianfett,professional,apple,DEU,gh:akkudoktor-eos/eos
fabianhenning,academic,,DEU,gh:akkudoktor-eos/eos
fabioshub,unknown,,NLD,gh:natlabrockies/reopt.jl
fabmid,academic,technical university of berlin,,"gh:fabmid/open-energy-cell-simulation,gh:oemof/oemof-solph"
fachif,unknown,,,gh:openipsl/openipsl
fad75,unknown,,,gh:etsap-times/times_model
fadhlyid,government,,IDN,"gh:matpower/matpower,gh:matpower/most"
faeibson,unknown,,DEU,gh:akkudoktor-eos/eos
faezs,unknown,,PAK,gh:adgefficiency/energy-py
fagan2888,unknown,,USA,"gh:fzj-iek3-vsa/fine,gh:tum-ens/rivus,gh:tum-ens/urbs"
failxoe,unknown,,,gh:akkudoktor-eos/eos
fandarel,unknown,,DEU,gh:akkudoktor-eos/eos
fanjames,unknown,,,"gh:adamgreenhall/minpower,gh:curent/andes,gh:lanl-ansi/powermodels.jl,gh:pypsa/pypsa,gh:richard-weinhold/pomato,gh:rwl/pypower"
fanqblcf,unknown,,,"gh:drafproject/draf,gh:pnnl/exago"
fareedahmade4,unknown,,,gh:future-power-networks/simplus-grid-tool
fares2201,unknown,,,gh:spine-tools/spineopt.jl
farukbir,unknown,,,gh:akkudoktor-eos/eos
fastrom,unknown,,,"gh:e2niee/pandapower,gh:rwl/pypower"
fatemehnajibi,unknown,,GBR,gh:calliope-project/calliope
fatexs,unknown,,,gh:akkudoktor-eos/eos
fatihcengil,academic,university of arkansas,USA,"gh:lanl-ansi/powermodels.jl,gh:lanl-ansi/powermodelsannex.jl"
fatmatto,industry,http://www.apio.cc,ITA,"gh:calliope-project/calliope,gh:powergridmodel/power-grid-model,gh:powsybl/powsybl-core,gh:pypsa/pypsa,gh:rwl/pypower,gh:sanpen/veragrid"
faustoschiavoni,unknown,,ITA,gh:calliope-project/calliope
fayfay-wang,unknown,,,gh:vub-hydr/revub
fazlefahimrohan,unknown,,,gh:akkudoktor-eos/eos
fboelz,unknown,,,gh:akkudoktor-eos/eos
fbozzolo,academic,university of galway,IRL,gh:spine-tools/spineopt.jl
fc4uk,academic,university of virginia,,gh:genxproject/genx.jl
fcg0117,unknown,,,gh:calliope-project/calliope
fcqfcq,unknown,,,"gh:ahalev/python-microgrid,gh:e2niee/pandapower,gh:matpower/most,gh:mesmo-dev/mesmo,gh:natlabrockies/h2integrate"
fcsamp,academic,universidade federal do ceara,BRA,"gh:e2niee/pandapower,gh:flexiblepower/powermatcher,gh:pypsa/pypsa,gh:rwl/pypower,gh:sanpen/veragrid"
fdabrandao,unknown,,PRT,gh:energyscope/energyscope
fdobad,academic,universidad de chile,CHL,gh:opencemorg/opencem
federicagiannunzio,unknown,,,gh:curent/andes
federicober,utility,,FRA,gh:antaressimulatorteam/antares_simulator
federicoparolin,academic,politecnico di milano,ITA,"gh:genxproject/genx.jl,gh:macroenergy/macroenergy.jl"
feiniuchong,unknown,,,gh:matpower/matpower
feixiangge,unknown,,,gh:akkudoktor-eos/eos
feiyizdx,unknown,,,"gh:e2niee/pandapower,gh:rwl/pypower"
feleHaile,professional,data scientist,USA,gh:onsset/onsset
felipefeijoo,academic,pucv,USA,gh:energy-modelling-toolkit/dispa-set
felipeholanda2077,academic,,BRA,"gh:juliaenergy/powerdynamics.jl,gh:nrel-sienna/powersimulationsdynamics.jl"
felipevallejo,industry,paradigma solutions,COL,"gh:calliope-project/calliope,gh:epgoxford/open,gh:irena-flextool/flextool,gh:natlabrockies/emerge,gh:natlabrockies/rodeo,gh:natlabrockies/sam"
felix-elecmod,unknown,,,gh:leonardgoeke/anymod.jl
felix-reck,industry,,DEU,gh:akkudoktor-eos/eos
felix-schafft,unknown,,,gh:oemof/oemof-solph
felix2RB,unknown,,,gh:akkudoktor-eos/eos
felixbouleau,unknown,,USA,gh:akkudoktor-eos/eos
felixcbraun,unknown,,,"gh:natlabrockies/sam,gh:pypsa/pypsa"
felixduemig,unknown,,,gh:zen-universe/zen-garden
felixhus,unknown,,,"gh:calliope-project/calliope,gh:e2niee/pandapower,gh:manuvarkey/gelectrical"
felixkamau,industry,,KEN,gh:natlabrockies/hopp
felixkoeth,unknown,,,gh:rwl/pypower
felixwedding,unknown,,,"gh:grid-parity-exchange/egret,gh:leonardgoeke/anymod.jl,gh:philipphaertel/emprise,gh:pypsa/pypsa"
fengheng520,unknown,,,gh:richard-weinhold/pomato
fensterflieger,unknown,,,gl:diw-evu/dieter_public/dieterpy
ferengi82,unknown,,,gh:akkudoktor-eos/eos
ferolea,professional,fotografia nomada,MEX,gh:energyinnovation/eps-us
ferrandiz,unknown,,,"gh:quintel/etengine,gh:quintel/etmodel,gh:quintel/pyetm"
fesch89,unknown,,,gh:akkudoktor-eos/eos
fevdnhau-web,academic,ghent university,BEL,gh:natlabrockies/reopt_api
fevlehrl,unknown,,,"gh:calliope-project/calliope,gh:oemof/oemof-solph,gh:pypsa/pypsa,gh:switch-model/switch,gh:tum-ens/urbs"
ffiand,unknown,,,gl:dlr-ve/esy/remix/framework
fgbernhardt,unknown,,DEU,gh:akkudoktor-eos/eos
fgro,unknown,,,gh:natlabrockies/pysam
fhasengst,academic,tu wien,AUT,gh:ait-energy/iesopt.jl
fhk,professional,pozibl,,"gh:blue-marble/gridpath,gh:flexigis/flexigis,gh:grid-parity-exchange/egret,gh:lanl-ansi/powermodels.jl,gh:nrel-sienna/powersimulations.jl,gh:nrel-sienna/powersimulationsdynamics.jl,gh:nrel-sienna/powersystemsinvestments.jl,gh:pypsa/pypsa"
figueroa1395,industry,,NLD,gh:powergridmodel/power-grid-model
filipesaraiva,academic,universidade federal do para,BRA,"gh:e2niee/pandapower,gh:grid2op/grid2op,gh:matpower/matpower,gh:pypsa/pypsa,gh:rwl/pypower,gh:sanpen/veragrid"
filipnykvist,unknown,,,gh:spine-tools/spineopt.jl
filippopecci,professional,eiee,ITA,"gh:genxproject/genx.jl,gh:macroenergy/macroenergy.jl,gh:natlabrockies/reeds-2.0"
finnhambly,unknown,,,gh:genxproject/genx.jl
finozzifa,professional,open energy transition,ITA,"gh:oemof/oemof-solph,gh:pypsa/pypsa"
fire-bot,professional,fundersclub,USA,gh:oemof/oemof-solph
firebitsbr,professional,universe,DNK,"gh:antaressimulatorteam/antares_simulator,gh:balmorelcommunity/balmorel,gh:bje-/nemo,gh:calliope-project/calliope,gh:e2niee/pandapower,gh:energy-modelling-toolkit/dispa-set,gh:fzj-iek3-vsa/fine,gh:ie3-institute/powersystemdatamodel,gh:iit-energysystemmodels/opentepes,gh:juliaenergy/joulia.jl,gh:natlabrockies/sam,gh:nrel-sienna/powersimulations.jl,gh:oemof/oemof-solph,gh:oemof/oemof-thermal,gh:temoaproject/temoa,gh:tum-ens/urbs,gh:unsw-ceem/nempy,gh:vub-hydr/revub"
fischan,unknown,,,gh:akkudoktor-eos/eos
fishcf,professional,Bei Jing Qing Neng Hu Lian Ke Ji You Xian Gong Si Yan Zhou Fen Gong Si ,CHN,"gh:adamgreenhall/minpower,gh:e2niee/pandapower,gh:pypsa/pypsa,gh:sanpen/veragrid"
fizeny,unknown,,CHN,"gh:openipsl/openipsl,gh:sanpen/veragrid"
fjmz-UPV,unknown,,,gh:genxproject/genx.jl
fkaiserbio,industry,,DEU,gh:akkudoktor-eos/eos
fkanyako,unknown,,,"gh:iiasa/message_ix,gh:temoaproject/temoa"
fkromer,industry,,,gh:akkudoktor-eos/eos
flashfabrixx,unknown,,DEU,gh:akkudoktor-eos/eos
flechtenberg,academic,,,"gh:calliope-project/calliope,gh:fzj-iek3-vsa/fine"
flecmart,industry,,,gh:akkudoktor-eos/eos
flect-kfukui,industry,"flect co., ltd",JPN,gh:calliope-project/calliope
fleimgruber,unknown,,,"gh:ait-energy/iesopt.jl,gh:juliaenergy/powerdynamics.jl,gh:pypsa/pypsa"
fliesenh,unknown,,,gh:assume-framework/assume
flo-dup,utility,reseau de transport d'electricite,FRA,"gh:curent/andes,gh:powsybl/powsybl-core,gh:powsybl/powsybl-open-loadflow,gh:powsybl/pypowsybl"
floatyboy,professional,ssecia,NOR,gh:akkudoktor-eos/eos
floelhoeffel,unknown,,DEU,gh:akkudoktor-eos/eos
flomnes,utility,reseau de transport d'electricite,FRA,gh:antaressimulatorteam/antares_simulator
floppp,unknown,,ESP,gh:gridoptics/gridpack
florenciaren,academic,harbin engineering university,,gh:emlab/emlab-generation
florian6973,academic,,USA,gh:powergridmodel/power-grid-model
floriandierickx,industry,,FRA,"gh:calliope-project/calliope,gh:energy-modelling-toolkit/dispa-set,gh:genxproject/genx.jl,gh:iiasa/message_ix,gh:natlabrockies/sam,gh:oemof/oemof-solph,gh:optimal2050/energyrt,gh:osemosys/osemosys,gh:pypsa/pypsa,gh:spine-tools/spineopt.jl,gh:temoaproject/temoa,gh:tum-ens/urbs"
florianfreitag,unknown,,DEU,gh:akkudoktor-eos/eos
florianmodel,unknown,,,gh:akkudoktor-eos/eos
florinelaseur,unknown,,,gh:tulipaenergy/tulipaenergymodel.jl
floyd871,unknown,,DEU,gh:akkudoktor-eos/eos
flxhaas,unknown,,,gh:akkudoktor-eos/eos
fly51fly,industry,pris,CHN,"gh:adgefficiency/energy-py,gh:akkudoktor-eos/eos,gh:grid2op/grid2op,gh:lkruitwagen/global-fossil-fuel-supply-chain,gh:pypsa/pypsa"
flyq,unknown,,UKR,gh:adgefficiency/energy-py
fmburunge,academic,university of burundi,BDI,gh:onsset/onsset
fn5,unknown,,,"gh:curent/andes,gh:oemof/oemof-solph,gh:sanpen/veragrid"
fnbillimor,unknown,,,gh:genxproject/genx.jl
fnbillimoria,unknown,,,"gh:curent/andes,gh:e2niee/pandapower,gh:epgoxford/open,gh:genxproject/genx.jl,gh:grid-parity-exchange/egret,gh:lanl-ansi/powermodels.jl,gh:lanl-ansi/powermodelsannex.jl"
fneum,academic,technische universitat berlin,DEU,"gh:breakthrough-energy/reise.jl,gh:calliope-project/calliope,gh:e2niee/pandapower,gh:eiagov/bluesky,gh:epgoxford/open,gh:etsap-times/times_model,gh:fzj-iek3-vsa/fine,gh:genxproject/genx.jl,gh:iiasa/message_ix,gh:iit-energysystemmodels/opentepes,gh:juliaenergy/joulia.jl,gh:juliaenergy/powerdynamics.jl,gh:lanl-ansi/powermodels.jl,gh:lanl-ansi/powermodelsannex.jl,gh:leonardgoeke/anymod.jl,gh:nrel-sienna/powersimulations.jl,gh:oemof/oemof-solph,gh:openego/edisgo,gh:pypsa/pypsa,gh:richard-weinhold/pomato,gh:rwl/pypower,gh:sanpen/veragrid,gh:spine-tools/spineopt.jl,gh:switch-model/switch,gh:temoaproject/temoa"
fogXploit,unknown,,DEU,gh:akkudoktor-eos/eos
fokx,unknown,,,gh:adgefficiency/energy-py
fonew,academic,,CHE,gh:juliaenergy/joulia.jl
for430,unknown,,,gh:natlabrockies/reopt_api
forell45,unknown,,,gh:akkudoktor-eos/eos
forgeries,unknown,,CHN,gh:natlabrockies/pysam
forstertim,professional,,CHE,gh:calliope-project/calliope
fortrieb,industry,,DEU,gh:akkudoktor-eos/eos
fosscat,unknown,,,gh:akkudoktor-eos/eos
foxwood,industry,,SGP,gh:mesmo-dev/mesmo
fpatseas,unknown,,GRC,gh:antaressimulatorteam/antares_simulator
fpbasi,unknown,,,gh:assume-framework/assume
fpedd,industry,axelera ai,CHE,"gh:curent/andes,gh:oemof/oemof-solph"
fpenmacs,unknown,,,gh:akkudoktor-eos/eos
fpiona,unknown,,,"gh:epgoxford/open,gh:epri-dev/opender"
fr00sch,unknown,,,gh:akkudoktor-eos/eos
fracbar,unknown,,DEU,gh:akkudoktor-eos/eos
fradmm,unknown,,,gh:zen-universe/zen-garden
fran-jo,academic,kth royal institute of technology,SWE,gh:openipsl/openipsl
francescolovat,government,danish energy agency,DNK,"gh:etsap-times/times_model,gh:genxproject/genx.jl,gh:iiasa/message_ix,gh:oemof/oemof-solph,gh:osemosys/osemosys,gh:pypsa/pypsa"
francespos,academic,,ITA,gh:erf-model/erf
franciscoViage,industry,viage llc,USA,gh:natlabrockies/pysam
franciscogaluppo,academic,universidade federal de minas gerais,BRA,gh:genxproject/genx.jl
franckgaga,unknown,,CAN,gh:tulipaenergy/tulipaenergymodel.jl
frankhirsch,unknown,,,gh:akkudoktor-eos/eos
frankiethull,industry,,COL,gh:natlabrockies/pysam
frankkopp,unknown,,,gh:akkudoktor-eos/eos
franziska-wegner,academic,esri,USA,gh:rwl/pypower
frapac,professional,mines paris-psl,FRA,"gh:anl-ceeesa/unitcommitment.jl,gh:electa-git/flexplan.jl,gh:lanl-ansi/powermodels.jl,gh:leonardgoeke/anymod.jl,gh:nrel-sienna/powersimulations.jl,gh:oemof/oemof-solph,gh:pypsa/pypsa"
fraukewiese,academic,universitat flensburg,DEU,"gh:balmorelcommunity/balmorel,gh:fraukewiese/renpass,gh:oemof/oemof-solph"
freaky-m0,unknown,,,gh:akkudoktor-eos/eos
fredbreant,unknown,,,gh:antaressimulatorteam/antares_simulator
freddy34,industry,,,gh:onsset/onsset
frederikgeth,industry,,AUS,"gh:energy-modelling-toolkit/dispa-set,gh:epgoxford/open,gh:juliaenergy/powerdynamics.jl,gh:lanl-ansi/powermodels.jl,gh:lanl-ansi/powermodelsannex.jl,gh:matpower/matpower,gh:nreca-bts/omf,gh:powergridmodel/power-grid-model,gh:pypsa/pypsa,gh:roseautechnologies/roseau_load_flow,gh:sanpen/veragrid"
fredrbl,unknown,,,gh:natlabrockies/pysam
fredrikekre,academic,,,gh:juliaenergy/powerdynamics.jl
freeheel,unknown,,,gh:akkudoktor-eos/eos
freeman-lab,unknown,,USA,gh:genxproject/genx.jl
freol35241,unknown,,,"gh:curent/andes,gh:oemof/oemof-solph"
freytrain27,professional,nyu,USA,gh:idaholab/hybrid
frhd,professional,quantyc,DEU,gh:akkudoktor-eos/eos
frickler24,academic,,DEU,gh:akkudoktor-eos/eos
fridaythe14th,unknown,,,gh:powergridmodel/power-grid-model
frie-soptim,unknown,,,gh:powergridmodel/power-grid-model
friederikemeier,academic,fraunhofer institute for wind energy and energy system technology,DEU,"gh:e2niee/pandapower,gh:grid-parity-exchange/egret,gh:lanl-ansi/powermodels.jl,gh:pypsa/pypsa,gh:rwl/pypower"
fril-soptim,academic,soptim,DEU,"gh:powergridmodel/power-grid-model,gh:powsybl/powsybl-core"
fritschy,unknown,,DEU,gh:akkudoktor-eos/eos
fritzphilipp,professional,karlsruher institut fur technologie,,gh:assume-framework/assume
frivollier,unknown,,,"gh:e2niee/pandapower,gh:natlabrockies/sam,gh:oemof/oemof-solph,gh:openego/ego,gh:pypsa/pypsa,gh:rwl/pypower,gh:unsw-ceem/nempy"
frmir,utility,hydro-quebec,CAN,gh:gridfm/gridfm-graphkit
frohro,academic,walla walla university,USA,"gh:natlabrockies/pysam,gh:natlabrockies/sam"
froqstar,industry,bosch ebike systems,DEU,gh:akkudoktor-eos/eos
frosty-geek,industry,sap,DEU,gh:akkudoktor-eos/eos
frostyduck,unknown,,,"gh:e2niee/pandapower,gh:epgoxford/open,gh:marvinler/pypownet,gh:nrel-sienna/powersimulationsdynamics.jl,gh:openego/ego,gh:sogno-platform/dpsim"
frouhi,unknown,,USA,gh:genxproject/genx.jl
fsanniti,academic,university of padua,ITA,gh:matpower/most
fsarfarazi,unknown,,,"gl:dlr-ve/esy/amiris/amiris,gl:fame-framework/fame-core"
fschi,unknown,,,gh:akkudoktor-eos/eos
fschoeni,unknown,,AUT,"gh:ait-energy/iesopt.jl,gh:balmorelcommunity/balmorel"
fschrempf,unknown,,DEU,gh:akkudoktor-eos/eos
fsinbad,unknown,,,gh:akkudoktor-eos/eos
fsonmez,unknown,,,"gh:juliaenergy/powerdynamics.jl,gh:pypsa/pypsa"
fstorck,unknown,,DEU,gh:akkudoktor-eos/eos
fubari,unknown,,,gh:openipsl/openipsl
fullerenedream,academic,,CAN,gh:onsset/onsset
fuofuo-gg,unknown,,,gh:roseautechnologies/roseau_load_flow
furqan463,professional,gepco,PAK,"gh:e2niee/pandapower,gh:powergridmodel/power-grid-model"
fuslwusl,unknown,,DEU,gh:akkudoktor-eos/eos
fuyb1992,industry,beike,CHN,"gh:calliope-project/calliope,gh:e2niee/pandapower,gh:sanpen/veragrid"
fvandebeek,unknown,,,gh:calliope-project/calliope
fvichot,unknown,,AUS,gh:akkudoktor-eos/eos
fw-ccc,unknown,,,"gh:etsap-times/times_model,gh:osemosys/osemosys"
fwPunsher,unknown,,,gh:akkudoktor-eos/eos
fwege,academic,rheinisch westfalische technische hochschule aachen,DEU,"gh:sogno-platform/dpsim,gh:villasframework/node"
fwitte,professional,independent consultant,DEU,"gh:flexigis/flexigis,gh:iiasa/message_ix,gh:lvorspel/digripy,gh:oemof/oemof-solph,gh:oemof/oemof-thermal,gh:pypsa/pypsa"
fwitte,unknown,,,gl:dlr-ve/esy/remix/framework
fwt11,unknown,,,"gh:andrewlyden/pylesa,gh:openipsl/openipsl,gh:pielube/messpy"
fwx17,unknown,,,gh:akkudoktor-eos/eos
fxnitsch,unknown,,,gh:assume-framework/assume
fylbl,unknown,,,gh:epgoxford/open
fzhang-WZ,unknown,,,gh:nlr-distribution-suite/erad
g-moralesespana,utility,tno,,"gh:spine-tools/spineopt.jl,gh:tulipaenergy/tulipaenergymodel.jl"
gSaenzt,unknown,,,"gh:ames-market/psst,gh:assume-framework/assume,gh:breakthrough-energy/reise.jl,gh:genxproject/genx.jl,gh:juliaenergy/powerdynamics.jl,gh:mesmo-dev/mesmo,gh:natlabrockies/pras,gh:natlabrockies/reopt.jl,gh:natlabrockies/sam,gh:sei-international/nemomod.jl,gh:spine-tools/spineopt.jl,gh:youngfaithful/capacityexpansion.jl"
gShahar,academic,tel-aviv university,ISR,gh:pielube/messpy
gaberman95,unknown,,,gh:energyscope/energyscope
gabriel-jcx,academic,delft university of technology,NLD,gh:calliope-project/calliope
gabrielecassetti,professional,e4sma srl,ITA,"gh:calliope-project/calliope,gh:oemof/oemof-solph,gh:osemosys/osemosys,gh:pypsa/pypsa,gh:transition-zero/tz-osemosys"
gac55,professional,,GBR,gh:calliope-project/calliope
gaceladri,unknown,,,gh:adgefficiency/energy-py
gaggenwaschke,unknown,,DEU,gh:akkudoktor-eos/eos
gahrb,professional,"| prev: inrange, avertu, recogn.ice, descartesunderwriting,",,"gh:natlabrockies/pysam,gh:pencleanenergy/match-model"
gaisidewenyi,unknown,,,gh:rwl/pypower
gaoypChina,unknown,,,gh:akkudoktor-eos/eos
gapaolo,unknown,,,gh:zen-universe/zen-garden
gardner48,research,lawrence livermore national laboratory,USA,gh:erf-model/erf
garnoli99,utility,the mobility house,USA,"gh:blue-marble/gridpath,gh:grid-parity-exchange/egret,gh:lanl-ansi/powermodels.jl,gh:osemosys/osemosys,gh:pypsa/pypsa"
garyhartwelldinmore,industry,tern computer inc.,USA,gh:genxproject/genx.jl
gazzu,unknown,,ITA,"gh:chengts95/rustpower,gh:e2niee/pandapower,gh:matpower/matpower,gh:powergridmodel/power-grid-model,gh:powsybl/powsybl-core"
gbarter,government,national renewable energy laboratory,USA,"gh:erf-model/erf,gh:natlabrockies/coral,gh:natlabrockies/hopp,gh:natlabrockies/sam"
gbolla-sms,unknown,,,gh:natlabrockies/reopt.jl
gbrunkhorst,industry,,USA,"gh:calliope-project/calliope,gh:pypsa/pypsa,gh:romulus97/capow_py36"
gbsunicampania,unknown,,,gh:villasframework/node
gcezar,unknown,,,gh:slacgismo/tess
gcpinto,professional,b&w handelsgesellschaft mbh,DEU,gh:akkudoktor-eos/eos
gd-by,unknown,,,gh:etsap-times/times_model
gdg1999,academic,,,"gh:curent/andes,gh:future-power-networks/simplus-grid-tool,gh:sogno-platform/dpsim"
gdgarcia,industry,,BRA,"gh:e2niee/pandapower,gh:lanl-ansi/powermodels.jl,gh:rwl/pypower"
gellwood,unknown,,,gh:natlabrockies/reopt.jl
gen7k,unknown,,,gh:curent/andes
genevievestarke,unknown,,,"gh:natlabrockies/h2integrate,gh:natlabrockies/hopp"
gengurke,unknown,,DEU,gh:akkudoktor-eos/eos
gentledepp,unknown,,AUT,gh:akkudoktor-eos/eos
geoffwright240,unknown,,,gh:adamgreenhall/minpower
geofiber,unknown,,,"gh:etsap-times/times_model,gh:idaholab/heron"
geology1,academic,,,gh:oemof/oemof-solph
georg138,unknown,,,gh:akkudoktor-eos/eos
georg41980,unknown,,,gh:akkudoktor-eos/eos
george88888,unknown,,,"gh:gh:adgefficiency/energy-py-linear,gh:calliope-project/calliope,gh:epgoxford/open,gh:oemof/oemof-solph,gh:pypsa/pypsa,gh:tum-ens/urbs"
georgebabu,professional,airelabsresearch,CAN,"gh:natlabrockies/pysam,gh:natlabrockies/sam"
georghenke,unknown,,,gh:zen-universe/zen-garden
ger08061959,utility,"o.a. ddop, gr-arado",KHM,gh:energy-modelling-toolkit/dispa-set
gereltuya,academic,greendotclimate,,gh:leonardgoeke/anymod.jl
getnetbogale27,academic,debre berhan university,ETH,gh:energysystemsmodellinglab/muse_os
geyixin,professional,huawei,CHN,gh:adgefficiency/energy-py
gezuppe,unknown,,,gh:akkudoktor-eos/eos
ggCaz,unknown,,,gh:akkudoktor-eos/eos
ggiannakidis,unknown,,,gh:etsap-times/times_model
gh471,unknown,,,gh:akkudoktor-eos/eos
ghackenberg,academic,university of applied sciences upper austria,AUT,"gh:e2niee/pandapower,gh:rwl/pypower"
ghazi-git,unknown,,,"gh:natlabrockies/pysam,gh:natlabrockies/sam"
ghost1,unknown,,,gl:sesit/silver
giacfalk,research,international institute for applied systems analysis,ITA,"gh:etsap-times/times_model,gh:fraukewiese/renpass,gh:iiasa/message_ix,gh:macroenergy/macroenergy.jl,gh:onsset/onsset,gh:optimal2050/energyrt,gh:osemosys/osemosys"
giancarlo77,unknown,,,gh:mesmo-dev/mesmo
gianlucapellecchia,unknown,,,"gh:calliope-project/calliope,gh:microgridspy/microgridspy"
giannisvrochidis,unknown,,,"gh:assume-framework/assume,gh:energysystemsmodellinglab/muse_os,gh:fzj-iek3-vsa/fine,gh:irena-flextool/flextool,gh:natlabrockies/reeds-2.0,gh:spine-tools/spineopt.jl"
gianvicolux,professional,open energy transition,ITA,"gh:pypsa/pypsa,gh:temoaproject/temoa"
gieljnssns,unknown,,BEL,gh:akkudoktor-eos/eos
giemic8,professional,exxeta,DEU,gh:akkudoktor-eos/eos
gigihrsetyantho,unknown,,,gh:calliope-project/calliope
gilbert76,unknown,,,gh:akkudoktor-eos/eos
gincrement,professional,open energy transition,BLR,"gh:calliope-project/calliope,gh:microgridspy/microgridspy,gh:pielube/messpy,gh:pypsa/pypsa,gh:sanpen/veragrid,gh:tulipaenergy/tulipaenergymodel.jl"
gingerchien,industry,,,gh:natlabrockies/pysam
giovanni-sansavini,academic,,CHE,gh:zen-universe/zen-garden
gioviciconte,unknown,,,gh:erf-model/erf
gitfeldhase,academic,,,gh:oemof/oemof-solph
gitguardian,industry,,FRA,"gh:antaressimulatorteam/antares_simulator,gh:nreca-bts/omf,gh:quintel/etmodel"
githabbr,unknown,,,gh:akkudoktor-eos/eos
github-actions[bot],unknown,,,"gh:e3-/resolve,gh:energysystemsmodellinglab/muse2,gh:energysystemsmodellinglab/muse_os,gh:flixopt/flixopt,gh:genxproject/genx.jl,gh:ie3-institute/powersystemdatamodel,gh:ie3-institute/simona,gh:juliaenergy/powerdynamics.jl,gh:natlabrockies/reopt.jl,gh:prep-next/prep-shot,gh:pypsa/pypsa,gh:spine-tools/spineopt.jl,gh:tulipaenergy/tulipaenergymodel.jl,gh:upb-lea/electricgrid.jl,gh:zen-universe/zen-garden"
githubsands,unknown,,,gh:powergridmodel/power-grid-model
githubuser1346,unknown,,,gh:akkudoktor-eos/eos
gitjonbu,unknown,,,gh:akkudoktor-eos/eos
gitter-badger,professional,gitter,,"gh:curent/andes,gh:leonardgoeke/anymod.jl,gh:nrel-sienna/powersimulations.jl,gh:powsybl/powsybl-core,gh:spine-tools/spineopt.jl"
gituser789,professional,upb-lea,,gh:upb-lea/electricgrid.jl
giulio-bellizia,unknown,,,gh:epgoxford/open
gizmo404,academic,,,gh:genxproject/genx.jl
gkaf89,academic,university of luxembourg,,gh:openipsl/openipsl
gkhalley,unknown,,USA,"gh:e2niee/pandapower,gh:gridoptics/gridpack,gh:natlabrockies/paraemt_public,gh:openipsl/openipsl,gh:pypsa/pypsa,gh:sanpen/veragrid"
gklank,unknown,,,gh:akkudoktor-eos/eos
gky0302,unknown,,,"gh:curent/andes,gh:grid2op/grid2op,gh:natlabrockies/paraemt_public,gh:nrel-sienna/powersimulationsdynamics.jl,gh:pypsa/pypsa"
gkze,unknown,,,gh:akkudoktor-eos/eos
glarange,academic,"state university new york, stony brook",USA,"gh:adamgreenhall/minpower,gh:genxproject/genx.jl,gh:irena-flextool/flextool,gh:natlabrockies/pras,gh:natlabrockies/reeds-2.0,gh:youngfaithful/capacityexpansion.jl"
glassb,academic,,USA,gh:calliope-project/calliope
glatm,unknown,,,gh:akkudoktor-eos/eos
glenispons,unknown,,,gh:genxproject/genx.jl
glimpens,academic,"uclouvain, enabel",BEL,"gh:energyscope/energyscope,gh:ipese/reho"
global-electrification-platform,academic,,,gh:onsset/onsset
gmamaladze,professional,scilife,DEU,"gh:derrickoswald/cimapplication,gh:matpower/matpower,gh:sanpen/veragrid"
gmantegna,academic,princeton university,USA,"gh:genxproject/genx.jl,gh:temoaproject/temoa"
gmasse,industry,khelone technologies,CAN,gh:akkudoktor-eos/eos
gmisy,unknown,,,"gh:curent/andes,gh:natlabrockies/hopp,gh:natlabrockies/paraemt_public,gh:pnnl/exago,gh:sanpen/veragrid,gh:sogno-platform/dpsim"
gmolinario,unknown,,,gh:onsset/onsset
gmunkenbeck65-afk,unknown,,,gh:akkudoktor-eos/eos
gn-he,unknown,,,gh:genxproject/genx.jl
gnawin,utility,tno,NLD,"gh:calliope-project/calliope,gh:spine-tools/spineopt.jl,gh:tulipaenergy/tulipaenergymodel.jl"
gnn,unknown,,DEU,"gh:oemof/oemof-solph,gh:oemof/oemof-thermal,gh:openego/ego"
gnodar01,academic,broad institute - imaging platform,USA,gh:villasframework/node
go3703,unknown,,,gh:genxproject/genx.jl
godkingjay,academic,sorsogon state university,PHL,"gh:gh:adgefficiency/energy-py-linear,gh:powergridmodel/power-grid-model"
gognlin,unknown,,,"gh:e2niee/pandapower,gh:lanl-ansi/powermodels.jl,gh:natlabrockies/sam,gh:nrel-sienna/powersimulationsdynamics.jl,gh:oemof/oemof-solph"
gogoziyishi,unknown,,,"gh:etsap-times/times_model,gh:osemosys/osemosys"
gohdavid,academic,massachusetts institute of technology,USA,gh:energysystemsmodellinglab/muse_os
gokul-gokz,unknown,,USA,gh:adgefficiency/energy-py
gokul-narayanan1,unknown,,USA,gh:adgefficiency/energy-py
gonezama,unknown,,,gh:powergridmodel/power-grid-model
gongzhiq,professional,atoz,CHN,gh:akkudoktor-eos/eos
goodengineer,professional,https://contra.com/mr_pavl_mazniker_edxz30gh/work?r=mr_pavl_mazniker_edxz30gh,USA,"gh:curent/andes,gh:e2niee/pandapower"
gooplancton,academic,subbyx,ITA,gh:akkudoktor-eos/eos
gorgueugr,unknown,,ESP,gh:adgefficiency/energy-py
goroderickgo,professional,resilient-transition,USA,"gh:blue-marble/gridpath,gh:calliope-project/calliope,gh:e2niee/pandapower,gh:e3-/resolve,gh:eiagov/bluesky,gh:etsap-times/times_model,gh:genxproject/genx.jl,gh:grid-parity-exchange/egret,gh:ie3-institute/simona,gh:iiasa/message_ix,gh:kiedanski/pymarket,gh:lanl-ansi/powermodels.jl,gh:macroenergy/macroenergy.jl,gh:matpower/matpower,gh:natlabrockies/pras,gh:natlabrockies/pysam,gh:natlabrockies/reeds-2.0,gh:nrel-sienna/powersimulations.jl,gh:oemof/oemof-solph,gh:openego/ego,gh:osemosys/osemosys,gh:pypsa/pypsa,gh:rwl/pypower,gh:sanpen/veragrid,gh:sei-international/nemomod.jl,gh:spine-tools/spineopt.jl,gh:switch-model/switch,gh:tum-ens/urbs"
gplssm,academic,reiner lemoine institute,DEU,"gh:oemof/oemof-solph,gh:openego/edisgo,gh:openego/ego,gh:pypsa/pypsa,gh:rl-institut/multi-vector-simulator"
grad-sl,unknown,,,gh:calliope-project/calliope
grantaguinaldo,unknown,,USA,"gh:genxproject/genx.jl,gh:temoaproject/temoa"
grantbuster,research,national renewable energy laboratory,USA,"gh:natlabrockies/hopp,gh:natlabrockies/pras,gh:natlabrockies/pysam,gh:natlabrockies/reeds-2.0,gh:natlabrockies/sam,gh:natlabrockies/wpgnn,gh:nrel-sienna/powersimulations.jl"
grantlee1923,unknown,,,gh:genxproject/genx.jl
greatart872,unknown,,,gh:akkudoktor-eos/eos
greatdoom,unknown,,,gh:akkudoktor-eos/eos
greatfireball,academic,"bioinformatics and system biology, university of giessen, germany",DEU,gh:akkudoktor-eos/eos
grebz-dev,unknown,,,gh:akkudoktor-eos/eos
grecht,academic,"german aerospace center (dlr), institute of networked energy systems",DEU,"gh:e2niee/pandapower,gh:etsap-times/times_model,gh:genxproject/genx.jl,gh:juliaenergy/powerdynamics.jl,gh:lanl-ansi/powermodels.jl,gh:nrel-sienna/powersimulations.jl,gh:nrel-sienna/powersimulationsdynamics.jl,gh:pypsa/pypsa,gh:tulipaenergy/tulipaenergymodel.jl"
greenwilddog,unknown,,,"gh:e2niee/pandapower,gh:genxproject/genx.jl,gh:matpower/matpower,gh:pypsa/pypsa"
greenwoodms06,unknown,,,gh:idaholab/hybrid
greg-neustroev,academic,delft university of technology,NLD,gh:tulipaenergy/tulipaenergymodel.jl
grge,professional,ekistica,,gh:opencemorg/opencem
grgmiller,utility,singularity-energy,USA,"gh:gh:adgefficiency/energy-py-linear,gh:natlabrockies/pysam,gh:natlabrockies/sam,gh:pencleanenergy/match-model,gh:pypsa/pypsa,gh:switch-model/switch"
gridstor,unknown,,,"gh:e3-/resolve,gh:pnnl/exago"
griffincj,unknown,,,"gh:epri-dev/opendss-c,gh:gridoptics/gridpack"
grimmkeeper-here,unknown,,,gh:akkudoktor-eos/eos
grossera,unknown,,,gh:akkudoktor-eos/eos
grossman87,unknown,,,gh:akkudoktor-eos/eos
grosvenor01,academic,,DZA,gh:roseautechnologies/roseau_load_flow
gruenich,unknown,,,gh:gridoptics/gridpack
gschivley,industry,,,"gh:blue-marble/gridpath,gh:e2niee/pandapower,gh:eiagov/bluesky,gh:genxproject/genx.jl,gh:macroenergy/macroenergy.jl,gh:natlabrockies/reeds-2.0,gh:nrel-sienna/powersimulations.jl,gh:nrel-sienna/powersystemsinvestments.jl,gh:osemosys/osemosys,gh:pypsa/pypsa,gh:switch-model/switch,gh:temoaproject/temoa"
gsuryaias,unknown,,,"gh:curent/andes,gh:lanl-ansi/powermodels.jl,gh:pypsa/pypsa,gh:sanpen/veragrid"
gtqite,unknown,,,gh:natlabrockies/pysam
gu997,unknown,,,gh:pielube/messpy
guelfey,utility,grid-x,DEU,"gh:sogno-platform/dpsim,gh:villasframework/node"
gugrimm,unknown,,,"gh:assume-framework/assume,gh:pypsa/pypsa"
guido-cgn,unknown,,,gh:akkudoktor-eos/eos
guidogz,unknown,,,"gh:calliope-project/calliope,gh:etsap-times/times_model"
guijc,academic,the university of shanghai electric power university,CHN,"gh:adgefficiency/energy-py,gh:chrisyeh96/sustaingym,gh:oemof/oemof-solph"
guilhermebodin,professional,psrenergy and lampspuc,BRA,"gh:anl-ceeesa/unitcommitment.jl,gh:genxproject/genx.jl,gh:lanl-ansi/powermodels.jl,gh:nrel-sienna/powersimulations.jl,gh:psrenergy/sddpdso.jl,gh:richard-weinhold/pomato"
guilpier-code,unknown,,,gh:antaressimulatorteam/antares_simulator
guimarais,professional,data scientist at novo banco,PRT,gh:antaressimulatorteam/antares_simulator
gully,academic,ut austin astronomy,USA,"gh:energyinnovation/eps-us,gh:pypsa/pypsa"
guohaiping,utility,,,gh:mbheinen/bpa-ipf-tsp
guoluyang,unknown,,,"gh:e2niee/pandapower,gh:pypsa/pypsa,gh:rwl/pypower"
guoqing22,unknown,,CHN,"gh:e2niee/pandapower,gh:pypsa/pypsa"
guqinglei123,unknown,,,gh:curent/andes
gutzbenj,professional,otto group data.works | og-dw,DEU,"gh:ahalev/python-microgrid,gh:calliope-project/calliope,gh:e3-/resolve,gh:fzj-iek3-vsa/fine,gh:natlabrockies/reeds-2.0,gh:oemof/oemof-solph,gh:pypsa/pypsa,gh:slacgismo/tess"
guysnove,financial,,,gh:eiagov/bluesky
gvne,industry,,FRA,gh:akkudoktor-eos/eos
gvzdus,unknown,,,gh:akkudoktor-eos/eos
gwebster124,unknown,,,gh:etsap-times/times_model
gwenfitz,unknown,,,gh:natlabrockies/hopp
gwyxjtu,academic,xjtu 0w1 club,,"gh:ahalev/python-microgrid,gh:e2niee/pandapower,gh:energysystemsmodellinglab/muse_os,gh:fzj-iek3-vsa/fine,gh:grid2op/grid2op,gh:powergridmodel/power-grid-model,gh:pypsa/pypsa,gh:tum-ens/urbs"
gwzhangy,professional,amss,CHN,"gh:e2niee/pandapower,gh:oemof/oemof-solph,gh:pypsa/pypsa"
gxexakis,unknown,,,"gh:calliope-project/calliope,gh:flexiblepower/powermatcher,gh:leonardgoeke/anymod.jl"
gyunggyung,academic,,,gh:curent/andes
gzahl,unknown,,DEU,gh:akkudoktor-eos/eos
gzclarence,unknown,,,"gh:tulipaenergy/tulipaenergymodel.jl,gh:uu-er/adopt-net0"
h-a-a,unknown,,,"gh:gridoptics/gridpack,gh:matpower/matpower,gh:natlabrockies/sam,gh:pypsa/pypsa,gh:rwl/pypower,gh:susantoj/pypower-dynamics"
h-fournier,unknown,,,gh:antaressimulatorteam/antares_simulator
h-heinrichs,unknown,,,gh:fzj-iek3-vsa/fine
h1he2li3,academic,,,gh:fzj-iek3-vsa/fine
haavardhvarnes,unknown,,NOR,gh:tulipaenergy/tulipaenergymodel.jl
habtemariam2727,academic,delft university of technology,NLD,gh:powergridmodel/power-grid-model
hackl,academic,princeton university,USA,"gh:e2niee/pandapower,gh:marvinler/pypownet,gh:powergridmodel/power-grid-model,gh:pypsa/pypsa,gh:rwl/pypower"
hadamann,unknown,,,gh:akkudoktor-eos/eos
hadieshraghi,academic,north carolina state university,USA,gh:temoaproject/temoa
hadiibrahim-Engin,unknown,,,gh:ie3-institute/simona
hagan2025,academic,university of michigan - ann arbor,USA,gh:natlabrockies/pysam
hagor,unknown,,,gh:akkudoktor-eos/eos
hahaha-hub221,unknown,,,"gh:sogno-platform/pymfm,gh:soheilmohseni/pymicrogridcontrol"
hahaleyile,unknown,,,gh:oemof/oemof-solph
haidescs,unknown,,USA,gh:akkudoktor-eos/eos
hailiangliu89,unknown,,,"gh:anl-ceeesa/unitcommitment.jl,gh:e2niee/pandapower,gh:juliaenergy/joulia.jl,gh:pypsa/pypsa,gh:temoaproject/temoa"
hailoc12,professional,aiv group,VNM,gh:akkudoktor-eos/eos
hakanergun,academic,ku leuven / energyville,BEL,"gh:anl-ceeesa/unitcommitment.jl,gh:electa-git/flexplan.jl,gh:lanl-ansi/powermodels.jl"
hakanozlemis,unknown,,,"gh:e2niee/pandapower,gh:epgoxford/open"
halarmustafa,unknown,,,gh:epgoxford/open
halduaij,unknown,,,gh:curent/andes
haloproof,academic,tsinghua university,,"gh:matpower/matpower,gh:natlabrockies/reopt.jl,gh:rwl/pypower"
hamanmar,unknown,,DEU,gh:akkudoktor-eos/eos
hamannju,unknown,,,"gh:akkudoktor-eos/eos,gh:calliope-project/calliope,gh:energyinnovation/eps-us,gh:etsap-times/times_model,gh:grid-parity-exchange/egret,gh:nrel-sienna/powersimulationsdynamics.jl,gh:pypsa/pypsa,gh:sanpen/veragrid"
hammaad2002,industry,,PAK,"gh:genxproject/genx.jl,gh:pypsa/pypsa"
hamzaali412,unknown,,,gh:natlabrockies/paraemt_public
hamzamaryam,unknown,,,"gh:emlab/emlab-generation,gh:energyinnovation/eps-us"
han-ol,unknown,,,gh:pypsa/pypsa
hanbu62,industry,,ZAF,gh:natlabrockies/pysam
handanz,industry,ntnu,SWE,gh:onsset/onsset
hangoe,unknown,,,gh:zen-universe/zen-garden
hangoverzzqq,unknown,,,gh:rwl/pypower
hangtianzhang,unknown,,,gh:fzj-iek3-vsa/fine
hanjiang98,academic,the hong kong polytechnic university,CHN,"gh:ait-energy/iesopt.jl,gh:idaholab/hybrid"
hankers,unknown,,,gh:akkudoktor-eos/eos
hanna-fields,research,national renewable energy laboratory,USA,gh:natlabrockies/pysam
hanneseilers,industry,h. eilers ingenieursdienstleistungen,DEU,gh:akkudoktor-eos/eos
hannesfelipe,unknown,,,gh:spine-tools/spineopt.jl
hanoolchoi75,unknown,,,gh:energysystemsmodellinglab/muse_os
hansbickhofe,professional,hans bickhofe,DEU,gh:akkudoktor-eos/eos
hansrosenberg,unknown,,,gh:powergridmodel/power-grid-model
hanweixg,unknown,,,gh:rwl/pypower
hanzei,professional,mattermost,,gh:akkudoktor-eos/eos
hao-li-2022,unknown,,,"gh:assume-framework/assume,gh:pypsa/pypsa"
haojiang1118,unknown,,,gh:natlabrockies/reopt.jl
haolinwang1313,academic,southeast university,CHN,"gh:changgang/steps,gh:e2niee/pandapower,gh:matpower/matpower,gh:sanpen/veragrid"
haoxian-zhao,unknown,,,"gh:tum-ens/rivus,gh:tum-ens/urbs"
haoxuanx,unknown,,,"gh:mbheinen/bpa-ipf-tsp,gh:rwl/pypower,gh:sanpen/veragrid,gh:susantoj/pypower-dynamics"
happy119911,unknown,,,"gh:adgefficiency/energy-py,gh:oemof/oemof-solph,gh:tum-ens/urbs"
hardik8641,unknown,,,gh:openipsl/openipsl
hardoverflow,professional,syseleven,DEU,gh:akkudoktor-eos/eos
harish2704,industry,,IND,"gh:adamgreenhall/minpower,gh:openipsl/openipsl"
hariswaran,unknown,,,gh:erf-model/erf
harrison1905,unknown,,,gh:akkudoktor-eos/eos
harry-utk,unknown,,,gh:rwl/pypower
harrylojames,unknown,,,"gh:oemof/oemof-solph,gh:pypsa/pypsa"
harryprince,professional,mobike,,"gh:adamgreenhall/minpower,gh:matpower/matpower"
harshal-c,unknown,,,"gh:calliope-project/calliope,gh:pypsa/pypsa"
harshangrjn,government,los alamos national laboratory,USA,"gh:lanl-ansi/powermodels.jl,gh:lanl-ansi/powermodelsannex.jl"
hartwork,industry,,FRA,gh:powergridmodel/power-grid-model
harunhasdal,unknown,,GBR,gh:natlabrockies/pysam
hasankhalilan,unknown,,,gh:akkudoktor-eos/eos
hasierughybvhl,unknown,,,gh:akkudoktor-eos/eos
hassaku,unknown,,,gh:adgefficiency/energy-py
hatimak,unknown,,IND,gh:villasframework/node
haukebents,academic,,,"gh:calliope-project/calliope,gh:e2niee/pandapower,gh:flexigis/flexigis,gh:pypsa/pypsa,gh:sanpen/veragrid,gh:tum-ens/rivus,gh:tum-ens/urbs"
haup,unknown,,,gh:akkudoktor-eos/eos
hawbecker,unknown,,,gh:erf-model/erf
hayamonawwar,unknown,,,"gh:curent/andes,gh:natlabrockies/paraemt_public"
hbaerbel,unknown,,,gh:akkudoktor-eos/eos
hbj307,unknown,,,"gh:mbheinen/bpa-ipf-tsp,gh:natlabrockies/sam,gh:thales1330/psp"
hbshrestha,academic,,DEU,"gh:ancillaryservicesacquisitionmodel/asam,gh:calliope-project/calliope,gh:curent/andes,gh:e2niee/pandapower,gh:esmap-world-bank-group/epm,gh:flexigis/flexigis,gh:irena-flextool/flextool,gh:macroenergy/macroenergy.jl,gh:matpower/matpower,gh:natlabrockies/pras,gh:nrel-sienna/powersimulations.jl,gh:onsset/onsset,gh:powergridmodel/power-grid-model,gh:prep-next/prep-shot,gh:spine-tools/spineopt.jl,gh:tum-ens/urbs"
hchris1,unknown,,DEU,gh:akkudoktor-eos/eos
hclabxing,unknown,,,"gh:calliope-project/calliope,gh:pypsa/pypsa"
hd-dinghan,unknown,,,gh:grid2op/grid2op
hdfeos,professional,the hdf group,USA,gh:calliope-project/calliope
hdinia,industry,,FRA,gh:antaressimulatorteam/antares_simulator
hdportillo,professional,cloud and process intelligence s.a.s. de c.v.,SLV,gh:natlabrockies/sam
hdr2-00,academic,,,gh:upb-lea/electricgrid.jl
hdunham,unknown,,,gh:natlabrockies/reopt.jl
he-so,unknown,,DEU,gh:akkudoktor-eos/eos
hebaolee,unknown,,,gh:rwl/pypower
hebbeltower,unknown,,,gh:akkudoktor-eos/eos
heesang-yoo,unknown,,,gh:idaholab/hybrid
hegnerl,unknown,,,gh:zen-universe/zen-garden
heinerengelhardt,professional,dbfernverkehr,DEU,gh:akkudoktor-eos/eos
hellebauer,unknown,,,gh:akkudoktor-eos/eos
helpjulia,unknown,,,gh:temoaproject/temoa
helvecioneto,academic,brazilian national institute for space research (inpe),BRA,gh:calliope-project/calliope
hendrik1774o,academic,uni oldenburg,DEU,gh:akkudoktor-eos/eos
hengxuanzhang,unknown,,,gh:rwl/pypower
henhuy,unknown,,,gh:oemof/oemof-solph
henner78,unknown,,,gh:akkudoktor-eos/eos
henrikt-ma,unknown,,,gh:openipsl/openipsl
hermmanhender,academic,"universidad tecnologica nacional, facultad regional mendoza, grupo cliope - energia, ambiente y desarrollo sustentable, mendoza, argentina",DEU,"gh:adgefficiency/energy-py,gh:akkudoktor-eos/eos,gh:natlabrockies/pysam,gh:pielube/messpy"
heroalex,unknown,,,gh:akkudoktor-eos/eos
herow,unknown,,,gh:adgefficiency/energy-py
herrminni,industry,meisterbohne software gmbh,DEU,gh:akkudoktor-eos/eos
herzog-m,academic,,DEU,"gh:curent/andes,gh:e2niee/pandapower"
heshusiuss,unknown,,,gh:quintel/pyetm
hewei8622,unknown,,,gh:powergridmodel/power-grid-model
hexaeder,unknown,,,"gh:future-power-networks/simplus-grid-tool,gh:juliaenergy/powerdynamics.jl,gh:openipsl/openipsl,gh:transient-official/transient-lib"
heyerbobby,utility,,AUS,gh:assume-framework/assume
hgallagh,academic,ur-->rit-->rit,USA,gh:genxproject/genx.jl
hgopalan,research,national renewable energy laboratory,,gh:erf-model/erf
hh30hh,academic,lancaster university,,"gh:e2niee/pandapower,gh:grid2op/grid2op,gh:marvinler/pypownet,gh:pypsa/pypsa,gh:rwl/pypower,gh:switch-model/switch"
hhhxxjj,unknown,,,"gh:energy-modelling-toolkit/dispa-set,gh:pypsa/pypsa"
hhoeschle,professional,carbonaltdelete,BEL,gh:spine-tools/spineopt.jl
hhuang-fzj,industry,forschungszentrum juelich gmbh,,gh:assume-framework/assume
hhuhzl1128,unknown,,,gh:curent/andes
hhutyou,professional,montanuniversitat leoben,AUT,gh:genxproject/genx.jl
hiattco,unknown,,,gh:akkudoktor-eos/eos
hiddegrootes,unknown,,,gh:calliope-project/calliope
highTowerSU,unknown,,,gh:akkudoktor-eos/eos
highlando,unknown,,,gh:akkudoktor-eos/eos
highlights-gao,unknown,,,gh:akkudoktor-eos/eos
highway900,unknown,,,"gh:andrewlyden/pylesa,gh:flexigis/flexigis,gh:pypsa/pypsa"
hilmandepe,unknown,,,"gh:calliope-project/calliope,gh:pypsa/pypsa"
himahuja,academic,,IND,"gh:gridoptics/gridpack,gh:natlabrockies/reeds-2.0"
himovicibracadabra-glitch,academic,tu ilmenau,DEU,gh:gridfm/gridfm-graphkit
hippokratius,unknown,,,gh:akkudoktor-eos/eos
hiramdi,unknown,,,gh:natlabrockies/reopt_api
hithuanand,academic,,,gh:adamgreenhall/minpower
hj801js,unknown,,,gh:sogno-platform/dpsim
hkamitm,academic,,,gh:breakthrough-energy/reise.jl
hkeko,unknown,,PRT,gh:rwl/pypower
hklion,research,lawrence berkeley national laboratory,,gh:erf-model/erf
hkoller,unknown,,AUT,gh:ait-energy/iesopt.jl
hkumar747,academic,georgetown-mdi,USA,gh:eiagov/bluesky
hliu1020,unknown,,,gh:genxproject/genx.jl
hlolmar,unknown,,,gh:akkudoktor-eos/eos
hm-shen,unknown,,,"gh:ames-market/psst,gh:e2niee/pandapower,gh:lanl-ansi/powermodels.jl,gh:matpower/matpower,gh:pypsa/pypsa,gh:rwl/pypower"
hmasrur,academic,,,"gh:andrewlyden/pylesa,gh:blue-marble/gridpath,gh:critical-infrastructure-systems-lab/pownet,gh:energy-modelling-toolkit/dispa-set,gh:epgoxford/open,gh:fzj-iek3-vsa/fine,gh:idaholab/hybrid,gh:iiasa/message_ix,gh:mesmo-dev/mesmo,gh:pypsa/pypsa,gh:romulus97/capow_py36,gh:spine-tools/spineopt.jl,gh:transient-official/transient-lib"
hnd56,unknown,,,gh:akkudoktor-eos/eos
hnkolla,unknown,,,gh:erf-model/erf
hnnngt,unknown,,,gh:oemof/oemof-solph
hoangluong,unknown,,,gh:rwl/pypower
hoangnguyen-274,professional,fsoft,,gh:calliope-project/calliope
hodges-troy,unknown,,,"gh:ahalev/python-microgrid,gh:eiagov/bluesky,gh:natlabrockies/pras,gh:natlabrockies/sam,gh:nreca-bts/omf,gh:nrel-sienna/powersimulations.jl,gh:pnnl/exago,gh:powsybl/powsybl-core,gh:pypsa/pypsa"
hoffigk,unknown,,,gh:akkudoktor-eos/eos
holgerteichgraeber,academic,stanford university,,"gh:calliope-project/calliope,gh:switch-model/switch,gh:youngfaithful/capacityexpansion.jl"
hondamz,unknown,,,gh:akkudoktor-eos/eos
hong-hanh-dang,unknown,,,"gh:adgefficiency/energy-py,gh:calliope-project/calliope"
hongjin7,unknown,,,"gh:lanl-ansi/powermodels.jl,gh:lanl-ansi/powermodelsannex.jl"
hongliang1987,unknown,,,gh:gridoptics/gridpack
honglinwen,unknown,,,"gh:adgefficiency/energy-py,gh:e2niee/pandapower"
hongqiangZ,academic,zhejiang university,CHN,gh:energyscope/energyscope
hoomannnnnn,unknown,,,gh:calliope-project/calliope
hoppefant,unknown,,,gh:akkudoktor-eos/eos
hornse,unknown,,,gh:akkudoktor-eos/eos
hound,unknown,,,"gh:calliope-project/calliope,gh:quintel/etengine,gh:quintel/etmodel"
houndci-bot,professional,houndci,,gh:calliope-project/calliope
houstonwarren,academic,,AUS,gh:juliaenergy/powerdynamics.jl
howerdni,industry,,CHN,"gh:curent/andes,gh:e2niee/pandapower"
hpbock,unknown,,DEU,gh:akkudoktor-eos/eos
hqc87v5,unknown,,CHN,gh:powergridmodel/power-grid-model
hsinganallur,unknown,,,gh:zen-universe/zen-garden
hsitaram,unknown,,,gh:erf-model/erf
hslulukas,unknown,,,gh:zen-universe/zen-garden
hthiel,unknown,,,gh:akkudoktor-eos/eos
huabulengdeng,unknown,,,"gh:adgefficiency/energy-py,gh:gh:adgefficiency/energy-py-linear,gh:fzj-iek3-vsa/fine,gh:oemof/oemof-solph,gh:tum-ewk/ficus,gh:unsw-ceem/nempy"
huandalu,academic,zhejiang university,CHN,"gh:pypsa/pypsa,gh:rwl/pypower"
huangjp725,unknown,,,"gh:e2niee/pandapower,gh:matpower/matpower,gh:pypsa/pypsa,gh:rwl/pypower,gh:sanpen/veragrid"
huangrenke,unknown,,,gh:gridoptics/gridpack
huangyichao1,academic,,,gh:akkudoktor-eos/eos
huangynj,professional,ou,,gh:erf-model/erf
huazai-beyond121,academic,north china university of water resources and electric power,CHN,gh:vub-hydr/revub
hubert-associates,professional,hubert & associates,USA,gh:natlabrockies/reopt.jl
hubertus65,industry,model based innovation llc,USA,"gh:dynawo/dynawo,gh:openipsl/openipsl"
huevosabio,unknown,,,gh:rwl/pypower
hugo-antoine-rtei,unknown,,,"gh:antaressimulatorteam/antares_simulator,gh:powsybl/pypowsybl"
hugo-digiugno,unknown,,,gh:richard-weinhold/pomato
huguesdevimeux,academic,eth zurich,CHE,gh:gridfm/gridfm-graphkit
huihsu,unknown,,,"gh:curent/andes,gh:e2niee/pandapower,gh:grid2op/grid2op,gh:marvinler/pypownet,gh:matpower/matpower,gh:rwl/pypower,gh:susantoj/pypower-dynamics"
huiq666,unknown,,,"gh:anl-ceeesa/unitcommitment.jl,gh:e2niee/pandapower,gh:rwl/pypower"
hujb2000,industry,,,gh:akkudoktor-eos/eos
hujihuji630,unknown,,,"gh:mesmo-dev/mesmo,gh:pielube/messpy"
hunterjones-tshs,unknown,,,gh:genxproject/genx.jl
hurak,academic,"faculty of electrical engineering, czech technical university in prague",CZE,"gh:anl-ceeesa/unitcommitment.jl,gh:lanl-ansi/powermodels.jl,gh:nrel-sienna/powersimulations.jl,gh:nrel-sienna/powersimulationsdynamics.jl,gh:pypsa/pypsa,gh:spine-tools/spineopt.jl"
hustee,unknown,,,"gh:behrangshirizadeh/eoles_elecres,gh:blue-marble/gridpath,gh:calliope-project/calliope,gh:critical-infrastructure-systems-lab/pownet,gh:energy-modelling-toolkit/dispa-set,gh:frkunz/stelmod,gh:genxproject/genx.jl,gh:grid-parity-exchange/egret,gh:iit-energysystemmodels/opentepes,gh:leonardgoeke/anymod.jl,gh:matpower/most,gh:natlabrockies/rodeo,gh:nreca-bts/omf,gh:richard-weinhold/pomato,gh:rwl/pypower,gh:slacgismo/tess,gh:switch-model/switch,gh:tum-ens/urbs"
huyfanne,unknown,,,gh:e2niee/pandapower
huyu12138888,academic,jiaotong university,CHN,gh:natlabrockies/reopt.jl
hvanderweijde,professional,open energy transition,NLD,"gh:genxproject/genx.jl,gh:pypsa/pypsa"
hvmarco,unknown,,,gh:natlabrockies/pysam
hwacc-y,unknown,,,gh:temoaproject/temoa
hyanworkspace,unknown,,CHN,gh:assume-framework/assume
hydromac,utility,,POL,gh:oemof/oemof-solph
hyperion0706,unknown,,,"gh:curent/andes,gh:e2niee/pandapower,gh:grid2op/grid2op"
hypothal,unknown,,,gh:temoaproject/temoa
hyyyjie,unknown,,,gh:adgefficiency/energy-py
hzchiang,academic,tianjin university,CHN,"gh:chrisyeh96/sustaingym,gh:curent/andes,gh:e2niee/pandapower,gh:genxproject/genx.jl,gh:grid2op/grid2op"
hzgzh,utility,,CHN,"gh:breakthrough-energy/reise.jl,gh:curent/andes,gh:genxproject/genx.jl,gh:leonardgoeke/anymod.jl,gh:nrel-sienna/powersimulations.jl,gh:thales1330/psp"
i-mein,industry,,,"gh:tum-ens/urbs,gh:tum-ewk/ficus"
i-sanz,professional,fundacion-circe,,gh:nlr-distribution-suite/erad
iAhsanJaved,unknown,,PAK,gh:calliope-project/calliope
iAnkiit,unknown,,IND,gh:genxproject/genx.jl
iPoberezhets,academic,,RUS,"gh:assume-framework/assume,gh:pypsa/pypsa"
iam-armanahmed,academic,washington state university,USA,"gh:adgefficiency/energy-py,gh:marvinler/pypownet"
iamamun1,academic,university of north carolina at charlotte,USA,"gh:curent/andes,gh:lanl-ansi/powermodels.jl,gh:pnnl/tesp,gh:pypsa/pypsa,gh:richard-weinhold/pomato"
iamamun123,unknown,,,"gh:assume-framework/assume,gh:epgoxford/open,gh:pnnl/exago,gh:pnnl/tesp"
iamecks,professional,msi,CAN,"gh:e2niee/pandapower,gh:future-power-networks/simplus-grid-tool,gh:rwl/pypower"
iamed2,professional,beacon biosignals,CAN,"gh:lanl-ansi/powermodels.jl,gh:lanl-ansi/powermodelsannex.jl"
iamliamc,unknown,,USA,gh:natlabrockies/reopt_api
iankurgarg,academic,google,USA,gh:temoaproject/temoa
iaravena,research,lawrence livermore national laboratory,USA,gh:curent/andes
iasonask,unknown,,,gh:spine-tools/spineopt.jl
ibanmd,unknown,,USA,gh:genxproject/genx.jl
ibr,unknown,,DEU,gh:akkudoktor-eos/eos
ibsperstad,academic,sintef energy research,NOR,gh:electa-git/flexplan.jl
icesplendent,unknown,,,gh:powergridmodel/power-grid-model
icewyatt,unknown,,,gh:rwl/pypower
ichbinmartin,unknown,,,gh:oemof/oemof-solph
icmisafitri,unknown,,,gh:temoaproject/temoa
idelder,unknown,,,gh:temoaproject/temoa
idloea,unknown,,,gl:diw-evu/dieter_public/dieterpy
ieeeWang,academic,,NLD,gh:powergridmodel/power-grid-model
iflyhere,unknown,,,gh:akkudoktor-eos/eos
iftzp,academic,,,gh:emlab/emlab-generation
igarizio,academic,google,CHL,"gh:assume-framework/assume,gh:kiedanski/pymarket"
igchin,professional,,AUS,gh:opencemorg/opencem
ignacioavilamdp,academic,,ARG,"gh:curent/andes,gh:dynawo/dynawo,gh:e2niee/pandapower,gh:juliaenergy/powerdynamics.jl,gh:nrel-sienna/powersimulationsdynamics.jl,gh:openipsl/openipsl,gh:pypsa/pypsa,gh:sanpen/veragrid,gh:sogno-platform/dpsim"
ijbd,unknown,,,"gh:critical-infrastructure-systems-lab/pownet,gh:natlabrockies/pysam"
iki,industry,,CZE,gh:adamgreenhall/minpower
ikkez,industry,f3-factory,DEU,gh:akkudoktor-eos/eos
ikonikon,academic,imperial college london,GBR,"gh:e2niee/pandapower,gh:genxproject/genx.jl,gh:oemof/oemof-solph,gh:powsybl/powsybl-core"
ilongshan,unknown,,CHN,gh:calliope-project/calliope
im-onu,utility,onu-energy,DEU,gh:drafproject/draf
im_catta,unknown,,ITA,gl:dlr-ve/esy/amiris/amiris
imaxxs,professional,deeptrail,USA,"gh:genxproject/genx.jl,gh:natlabrockies/sam"
imenrahmani,unknown,,,gh:roseautechnologies/roseau_load_flow
imgendk,unknown,,,gh:gridfm/gridfm-graphkit
imharrisonking,unknown,,GBR,"gh:calliope-project/calliope,gh:pypsa/pypsa"
imitator19,unknown,,,"gh:changgang/steps,gh:curent/andes,gh:grid-parity-exchange/egret,gh:nrel-sienna/powersimulationsdynamics.jl,gh:rwl/pypower"
imoverclocked,unknown,,,gh:ie3-institute/simona
imsaumil,utility,electric power research institute,,"gh:curent/andes,gh:e2niee/pandapower,gh:natlabrockies/reeds-2.0"
imsupsup,industry,encored technologies,KOR,"gh:adgefficiency/energy-py,gh:rwl/pypower"
imztz,unknown,,,"gh:grid2op/grid2op,gh:rwl/pypower"
inderdeepdhir,unknown,,,gh:natlabrockies/pysam
indexzero,unknown,,USA,"gh:curent/andes,gh:eiagov/bluesky,gh:genxproject/genx.jl"
indra098124,unknown,,,gh:erf-model/erf
indu-manogaran,unknown,,,"gh:natlabrockies/hopp,gh:natlabrockies/reopt.jl"
infomaven,professional,independent developer,USA,gh:opencemorg/opencem
infracritical,academic,,USA,"gh:eiagov/bluesky,gh:natlabrockies/reopt.jl"
inikowui,unknown,,,gh:natlabrockies/reopt_api
ink-splatters,unknown,,NLD,gh:powergridmodel/power-grid-model
inl-labtrack,research,idaho national laboratory,USA,gh:idaholab/hybrid
innerlee,professional,cuhk,HKG,"gh:lanl-ansi/powermodels.jl,gh:rwl/pypower"
interesting-AI,unknown,,,gh:akkudoktor-eos/eos
interregna,unknown,,,"gh:genxproject/genx.jl,gh:lanl-ansi/powermodels.jl,gh:pypsa/pypsa"
introvert,unknown,,SWE,gh:akkudoktor-eos/eos
intui,professional,intuisoft ug (haftungsbeschrankt),DEU,gh:akkudoktor-eos/eos
invenia,unknown,,CAN,"gh:lanl-ansi/powermodels.jl,gh:lanl-ansi/powermodelsannex.jl"
invisibleroads,utility,crosscompute,USA,"gh:e2niee/pandapower,gh:eiagov/bluesky,gh:epri-dev/opender,gh:epri-dev/opendss-c,gh:natlabrockies/sam,gh:nreca-bts/omf,gh:onsset/onsset,gh:pypsa/pypsa"
iovardas,professional,eviden,AUT,gh:erf-model/erf
ipacs007,unknown,,,gh:akkudoktor-eos/eos
ipesTTH,unknown,,,"gh:tum-ens/rivus,gh:tum-ens/urbs"
ipssdev3,unknown,,,gh:susantoj/pypower-dynamics
ipthomp,unknown,,,"gh:natlabrockies/pysam,gh:natlabrockies/sam"
iqkotze,unknown,,,gh:akkudoktor-eos/eos
irenaflextool,unknown,,,gh:irena-flextool/flextool
iripiri,unknown,,,"gh:sogno-platform/dpsim,gh:villasframework/node"
irm-codebase,academic,delft university of technology,,"gh:calliope-project/calliope,gh:genxproject/genx.jl,gh:tulipaenergy/tulipaenergymodel.jl"
irux,unknown,,DEU,gh:akkudoktor-eos/eos
isaac-gumbrell,unknown,,,gh:lanl-ansi/powermodels.jl
isaac-tes,unknown,,DEU,gh:juliaenergy/powerdynamics.jl
isaacpiche,unknown,,,gh:derrickoswald/cimapplication
isabellasoldner,professional,,GBR,"gh:irena-flextool/flextool,gh:transition-zero/tz-osemosys"
isaias-b,industry,hivemindtechnologies,DEU,gh:akkudoktor-eos/eos
isawall317,unknown,,,"gh:oemof/oemof-solph,gh:pypsa/pypsa"
ishankhatri90,academic,,USA,"gh:ames-market/psst,gh:curent/andes,gh:e2niee/pandapower,gh:juliaenergy/powerdynamics.jl,gh:matpower/matpower,gh:pypsa/pypsa,gh:rwl/pypower,gh:sanpen/veragrid,gh:thales1330/psp"
ishankholkar,unknown,,,gh:mesmo-dev/mesmo
isi07,unknown,,,gh:akkudoktor-eos/eos
isilber,research,pacific northwest national laboratory,,gh:curent/andes
iskenderroglu,unknown,,,"gh:matpower/matpower,gh:rwl/pypower"
islamiros,unknown,,,gh:roseautechnologies/roseau_load_flow
islamjahidul,unknown,,,gh:curent/andes
ismini90,unknown,,,gh:emlab/emlab-generation
issacgreenway,unknown,,,gh:pielube/messpy
isthatasim,unknown,,ITA,"gh:ames-market/psst,gh:critical-infrastructure-systems-lab/pownet,gh:e2niee/pandapower,gh:marvinler/pypownet,gh:matpower/matpower"
iszfp,unknown,,,"gh:matpower/matpower,gh:rwl/pypower"
it-xiang,unknown,,,"gh:adgefficiency/energy-py,gh:calliope-project/calliope,gh:pypsa/pypsa"
itsabhinavjain,industry,regisedge solutions,IND,gh:akkudoktor-eos/eos
itsantilas89,industry,"epu, dss, ntua",GRC,"gh:curent/andes,gh:gridfm/gridfm-graphkit"
itsezc,unknown,,GBR,gh:akkudoktor-eos/eos
itz-Jana,unknown,,,gh:akkudoktor-eos/eos
iuljan,unknown,,DEU,"gh:calliope-project/calliope,gh:e2niee/pandapower,gh:oemof/oemof-solph,gh:oemof/oemof-thermal,gh:openego/edisgo"
iut62elec,academic,aws,USA,"gh:derrickoswald/cimapplication,gh:nreca-bts/omf,gh:pnnl/tesp"
ivalencius,academic,boston college,USA,gh:oemof/oemof-solph
ivan-nekic,unknown,,,gh:akkudoktor-eos/eos
ivanhigueram,academic,,USA,gh:calliope-project/calliope
ivanightingale,professional,ai4opt,GEO,"gh:e2niee/pandapower,gh:lanl-ansi/powermodels.jl,gh:lanl-ansi/powermodelsannex.jl,gh:matpower/matpower,gh:pypsa/pypsa,gh:rwl/pypower"
ivanmrz,academic,ait austrian institute of technology gmbh,AUT,gh:ait-energy/iesopt.jl
iveronanomi,professional,everywhere and nowhere,RUS,gh:derrickoswald/cimapplication
ivy20212026,unknown,,,"gh:blue-marble/gridpath,gh:matpower/matpower,gh:natlabrockies/h2integrate,gh:natlabrockies/hopp,gh:natlabrockies/mafrit,gh:natlabrockies/rodeo"
j-das,unknown,,,"gh:e2niee/pandapower,gh:genxproject/genx.jl,gh:pypsa/pypsa"
j-ijaradar,academic,tu dresden,DEU,gh:richard-weinhold/pomato
j-magnolia,academic,vanderbilt university,USA,gh:energyinnovation/eps-us
j-pang,unknown,,,gh:mesmo-dev/mesmo
j-priesmann,unknown,,,gh:fzj-iek3-vsa/fine
j-ti,unknown,,,gh:oemof/oemof-solph
j0m0k0,academic,,USA,"gh:e2niee/pandapower,gh:openipsl/openipsl,gh:rwl/pypower,gh:sanpen/veragrid"
j0ntan,unknown,,,"gh:adamgreenhall/minpower,gh:gridoptics/gridpack,gh:matpower/matpower,gh:pypsa/pypsa,gh:rwl/pypower,gh:sanpen/veragrid"
jAI2tea,unknown,,,gh:akkudoktor-eos/eos
jaakkohypi,unknown,,,gh:calliope-project/calliope
jaapschoutenalliander,unknown,,,gh:powergridmodel/power-grid-model
jac0basaurus,unknown,,USA,gh:natlabrockies/reopt_api
jac2345,unknown,,,gh:opencemorg/opencem
jaccoheres,professional,alliander,NLD,gh:powergridmodel/power-grid-model
jack-ning080,academic,nanchang university,CHN,"gh:e2niee/pandapower,gh:grid2op/grid2op,gh:matpower/matpower,gh:pypsa/pypsa,gh:rwl/pypower,gh:sanpen/veragrid"
jack-wu-master,unknown,,,gh:oemof/oemof-solph
jackjackk,unknown,,,"gh:calliope-project/calliope,gh:osemosys/osemosys,gh:switch-model/switch"
jackpegler,unknown,,,gh:adgefficiency/energy-py
jacksavage,unknown,,,gh:gridoptics/gridpack
jacksonGreenStone,academic,peaking university,CHN,"gh:powergridmodel/power-grid-model,gh:pypsa/pypsa"
jackyjjp,unknown,,,"gh:energyscope/energyscope,gh:etsap-times/times_model,gh:leonardgoeke/anymod.jl,gh:osemosys/osemosys,gh:sei-international/nemomod.jl,gh:temoaproject/temoa"
jacob-mannhardt,unknown,,,"gh:pypsa/pypsa,gh:zen-universe/zen-garden"
jacob-roth,unknown,,,gh:juliaenergy/powerdynamics.jl
jacobjahnke,professional,nzero,,gh:natlabrockies/reopt_api
jacobjahnkeES,unknown,,,gh:natlabrockies/pysam
jacobmays,unknown,,,gh:adamgreenhall/minpower
jadeaffenjaeger,unknown,,DEU,"gh:calliope-project/calliope,gh:openego/edisgo"
jadeq,unknown,,,"gh:curent/andes,gh:dynawo/dynawo,gh:e2niee/pandapower,gh:natlabrockies/paraemt_public,gh:powsybl/powsybl-core,gh:sogno-platform/dpsim"
jadirc,unknown,,,gh:akkudoktor-eos/eos
jaegerstar,unknown,,,"gh:dynawo/dynawo,gh:gridoptics/gridpack,gh:natlabrockies/paraemt_public,gh:pypsa/pypsa,gh:sogno-platform/dpsim"
jaeyeon302,academic,"ece, seoul national university",KOR,gh:natlabrockies/paraemt_public
jafluri,unknown,,,gh:zen-universe/zen-garden
jagelta,unknown,,,gh:akkudoktor-eos/eos
jahanbani,unknown,,,"gh:blue-marble/gridpath,gh:curent/andes,gh:e2niee/pandapower,gh:genxproject/genx.jl,gh:lanl-ansi/powermodels.jl,gh:matpower/matpower,gh:natlabrockies/coral,gh:natlabrockies/emerge,gh:natlabrockies/gear-scoup,gh:natlabrockies/h2integrate,gh:natlabrockies/hopp,gh:natlabrockies/hybridbosse,gh:natlabrockies/mafrit,gh:natlabrockies/paraemt_public,gh:natlabrockies/pras,gh:natlabrockies/pysam,gh:natlabrockies/reeds-2.0,gh:natlabrockies/reopt.jl,gh:natlabrockies/rodeo,gh:natlabrockies/sam,gh:natlabrockies/wpgnn,gh:nlr-distribution-suite/erad,gh:rwl/pypower,gh:sanpen/veragrid,gh:switch-model/switch"
jahnludvik,unknown,,,"gh:adgefficiency/energy-py,gh:balmorelcommunity/balmorel,gh:behrangshirizadeh/eoles_elecres,gh:oemof/oemof-solph,gh:pypsa/pypsa,gh:vub-hydr/revub"
jainmilan,research,pacific northwest national laboratory,USA,gh:gridoptics/gridpack
jajhall,academic,university of edinburgh ergo-code,GBR,"gh:breakthrough-energy/reise.jl,gh:spine-tools/spineopt.jl"
jakob-wo,unknown,,,"gh:oemof/oemof-solph,gh:oemof/oemof-thermal"
jalazawa,utility,reseau de transport d'electricite,,gh:antaressimulatorteam/antares_simulator
jalberto86,unknown,,,gh:etsap-times/times_model
jalexand3r,unknown,,,gh:curent/andes
jalving,professional,atomic machines,USA,"gh:ahalev/python-microgrid,gh:breakthrough-energy/reise.jl,gh:gmlc-dispatches/dispatches,gh:juliaenergy/powerdynamics.jl,gh:lanl-ansi/powermodels.jl,gh:natlabrockies/reopt.jl,gh:natlabrockies/sam,gh:nrel-sienna/powersimulations.jl,gh:spine-tools/spineopt.jl"
jamartinh,industry,,ESP,gh:adgefficiency/energy-py
jamesD33064,professional,nsysu,,gh:rwl/pypower
jamesdeluk,professional,clearwatt,GBR,"gh:bje-/nemo,gh:calliope-project/calliope,gh:powergama/powergama,gh:pypsa/pypsa,gh:rwl/pypower,gh:switch-model/switch,gh:tum-ens/urbs"
jamesglynn,industry,esma | energy systems modelling analytics limited,IRL,"gh:balmorelcommunity/balmorel,gh:calliope-project/calliope,gh:eiagov/bluesky,gh:etsap-times/times_model,gh:genxproject/genx.jl,gh:highres-model/highres-europe,gh:iiasa/message_ix,gh:macroenergy/macroenergy.jl,gh:natlabrockies/reeds-2.0,gh:niclasmattsson/supergrid,gh:oemof/oemof-solph,gh:osemosys/osemosys,gh:spine-tools/spineopt.jl"
jameskitt616,unknown,,,gh:akkudoktor-eos/eos
jamesthesnake,unknown,,USA,"gh:juliaenergy/powerdynamics.jl,gh:lanl-ansi/powermodels.jl"
jamestiotio,industry,meta,,"gh:curent/andes,gh:lanl-ansi/powermodels.jl"
jamesturner246,academic,imperialcollegelondon,GBR,gh:energysystemsmodellinglab/muse_os
jamezco7,unknown,,ESP,gh:mesmo-dev/mesmo
jamon8888,government,buro,FRA,gh:akkudoktor-eos/eos
jamshid-y,unknown,,,"gh:energysystemsmodellinglab/muse2,gh:energysystemsmodellinglab/muse_os,gh:etsap-times/times_model"
jandolezal,industry,,USA,"gh:e2niee/pandapower,gh:genxproject/genx.jl,gh:lanl-ansi/powermodels.jl"
jandrewmc,professional,nasa,USA,gh:natlabrockies/reopt_api
janekm,unknown,,,gh:calliope-project/calliope
janengelmohr,unknown,,DEU,gh:akkudoktor-eos/eos
janinefreeman,research,national renewable energy laboratory,,"gh:natlabrockies/pysam,gh:natlabrockies/sam"
jankoc,unknown,,,"gh:ahalev/python-microgrid,gh:energymodelsx/energymodelsbase.jl,gh:oemof/oemof-solph"
janlav,academic,kth royal institute of technology,SWE,gh:openipsl/openipsl
janlisse,industry,sonnen gmbh,,gh:juliaenergy/powerdynamics.jl
jannisif,unknown,,,gh:akkudoktor-eos/eos
janosch1337,unknown,,,gh:akkudoktor-eos/eos
janpecht,unknown,,,gh:akkudoktor-eos/eos
janschroeter,unknown,,DEU,gh:akkudoktor-eos/eos
janstenner,unknown,,,gh:upb-lea/electricgrid.jl
janu000,unknown,,,gh:gridfm/gridfm-graphkit
janusbbq,unknown,,,gh:curent/andes
janusdebondt,utility,elia grid international,,gh:antaressimulatorteam/antares_simulator
japan07,unknown,,,gh:epgoxford/open
japham0,unknown,,,gh:erf-model/erf
jardzwaan,unknown,,,gh:assume-framework/assume
jaredthecoder,academic,recordedfuture,USA,gh:antaressimulatorteam/antares_simulator
jaredthomas68,research,national renewable energy laboratory,USA,"gh:natlabrockies/h2integrate,gh:natlabrockies/hopp"
jaro-rokan,unknown,,,gh:akkudoktor-eos/eos
jaronschulz,industry,,DEU,gh:akkudoktor-eos/eos
jasonchon,unknown,,,gh:powergridmodel/power-grid-model
jasonrwang,unknown,,,gl:sesit/idea
jasonrwang,academic,,CAN,gh:osemosys/osemosys
jasonwcfan,unknown,,USA,gh:natlabrockies/reopt_api
jasonzjc,industry,"uiuc, utk",,gh:openipsl/openipsl
jaspersival,professional,alliander,NLD,gh:powergridmodel/power-grid-model
jauricestudios,academic,,GBR,gh:temoaproject/temoa
javadbayazi,academic,universite de montreal,CAN,gh:gridfm/gridfm-graphkit
javiarrobas,professional,wedoco,ESP,"gh:calliope-project/calliope,gh:lanl-ansi/powermodels.jl"
javierclb,industry,,,"gh:gh:adgefficiency/energy-py-linear,gh:anl-ceeesa/unitcommitment.jl,gh:critical-infrastructure-systems-lab/pownet,gh:genxproject/genx.jl,gh:leonardgoeke/anymod.jl,gh:nreca-bts/omf,gh:nrel-sienna/powersimulations.jl,gh:pypsa/pypsa,gh:sei-international/nemomod.jl,gh:switch-model/switch"
jaxstuhr,unknown,,,"gh:blue-marble/gridpath,gh:pencleanenergy/match-model"
jay-dave,academic,ku leuven,BEL,"gh:electa-git/flexplan.jl,gh:lanl-ansi/powermodels.jl,gh:matpower/matpower"
jaya11651,unknown,,,gh:breakthrough-energy/reise.jl
jayantpatil289,academic,rice university,USA,gh:openipsl/openipsl
jayinai,industry,,,gh:adgefficiency/energy-py
jayomacg,academic,,,"gh:etsap-times/times_model,gh:temoaproject/temoa"
jazzmuesli,unknown,,,gh:akkudoktor-eos/eos
jballanc,industry,,USA,gh:juliaenergy/powerdynamics.jl
jbanik,unknown,,,gh:akkudoktor-eos/eos
jbaumg,unknown,,,gh:energy-modelling-toolkit/dispa-set
jbdietrich,unknown,,DNK,"gh:calliope-project/calliope,gh:e2niee/pandapower,gh:pypsa/pypsa,gh:rebase-energy/enflow,gh:sanpen/veragrid"
jbdunc2,professional,industrial info,USA,"gh:natlabrockies/sam,gh:temoaproject/temoa"
jbegaint,professional,apple,USA,gh:roseautechnologies/roseau_load_flow
jberude,professional,accenture,,gh:akkudoktor-eos/eos
jbi35,unknown,,DEU,gh:akkudoktor-eos/eos
jboalml,academic,comillas pontifical university,ESP,gh:epgoxford/open
jcamargo,unknown,,,"gh:curent/andes,gh:powergridmodel/power-grid-model,gh:pypsa/pypsa"
jcboukas,unknown,,,gh:energy-modelling-toolkit/dispa-set
jccamargo94,professional,guane enterprise,COL,gh:lanl-ansi/powermodels.jl
jcd000,unknown,,,gh:adamgreenhall/minpower
jcgue,unknown,,,gh:genxproject/genx.jl
jchildress,unknown,,USA,"gh:ames-market/psst,gh:curent/andes,gh:flexiblepower/powermatcher,gh:mzy2240/esa,gh:powsybl/powsybl-core,gh:pypsa/pypsa,gh:sanpen/veragrid"
jchylik,academic,ntnu,NOR,gh:erf-model/erf
jcmarblegranite,professional,jc marble granite 805,MEX,gh:natlabrockies/pysam
jcrabtree,professional,qomplx,USA,gh:rwl/pypower
jcs-eng,industry,wds engenharia,BRA,"gh:e2niee/pandapower,gh:powergridmodel/power-grid-model,gh:sanpen/veragrid"
jcwang587,unknown,,,gh:temoaproject/temoa
jd-foster,academic,csiro,AUS,"gh:calliope-project/calliope,gh:leonardgoeke/anymod.jl,gh:nrel-sienna/powersimulations.jl,gh:opencemorg/opencem,gh:temoaproject/temoa,gh:unsw-ceem/nempy"
jd-lara,government,national renewable energy laboratory,USA,"gh:anl-ceeesa/unitcommitment.jl,gh:curent/andes,gh:e2niee/pandapower,gh:genxproject/genx.jl,gh:juliaenergy/joulia.jl,gh:juliaenergy/powerdynamics.jl,gh:lanl-ansi/powermodels.jl,gh:lanl-ansi/powermodelsannex.jl,gh:natlabrockies/sam,gh:nrel-sienna/powersimulations.jl,gh:nrel-sienna/powersimulationsdynamics.jl,gh:nrel-sienna/powersystemsinvestments.jl,gh:pypsa/pypsa,gh:spine-tools/spineopt.jl,gh:tulipaenergy/tulipaenergymodel.jl"
jdarlay,professional,hexaly,FRA,gh:antaressimulatorteam/antares_simulator
jdaviescoates,professional,united diversity,GBR,gh:andrewlyden/pylesa
jdavis,professional,substackinc,USA,gh:genxproject/genx.jl
jdecarolis,unknown,,,gh:temoaproject/temoa
jdedecca,unknown,,,"gh:pypsa/pypsa,gh:rwl/pypower"
jdemaeseneire,unknown,,USA,"gh:anl-ceeesa/unitcommitment.jl,gh:assume-framework/assume,gh:curent/andes,gh:e2niee/pandapower,gh:grid2op/grid2op,gh:gridfm/gridfm-graphkit,gh:lanl-ansi/powermodels.jl,gh:mzy2240/esa,gh:nrel-sienna/powersimulations.jl,gh:pypsa/pypsa"
jdiaz97,industry,,DNK,gh:genxproject/genx.jl
jdseng,unknown,,,"gh:natlabrockies/coral,gh:natlabrockies/emerge,gh:natlabrockies/gear-scoup,gh:natlabrockies/h2integrate,gh:natlabrockies/hopp,gh:natlabrockies/hybridbosse,gh:natlabrockies/mafrit,gh:natlabrockies/paraemt_public,gh:natlabrockies/pras,gh:natlabrockies/pysam,gh:natlabrockies/reeds-2.0,gh:natlabrockies/reopt.jl,gh:natlabrockies/rodeo,gh:natlabrockies/sam,gh:natlabrockies/wpgnn"
jdwit,unknown,,NLD,"gh:calliope-project/calliope,gh:oemof/oemof-solph"
jeankone,unknown,,DEU,gh:akkudoktor-eos/eos
jeanmidevacc,industry,,CAN,gh:calliope-project/calliope
jedbrown,industry,cu boulder,,"gh:calliope-project/calliope,gh:gridoptics/gridpack"
jeff-public,academic,,,"gh:matpower/matpower,gh:matpower/most"
jeff-ws,professional,western spark,USA,"gh:eiagov/bluesky,gh:temoaproject/temoa"
jeffersonpimenta,unknown,,,gh:akkudoktor-eos/eos
jeffreyo726,unknown,,,gh:rwl/pypower
jeffreysward,utility,rmi,USA,"gh:blue-marble/gridpath,gh:genxproject/genx.jl"
jeis4wpi,academic,,,gh:erf-model/erf
jeisenman23,unknown,,,gh:calliope-project/calliope
jeke07,unknown,,,gh:akkudoktor-eos/eos
jemil-atlas,industry,atlas optimization gmbh,CHE,gh:energy-modelling-toolkit/dispa-set
jemmiewww,utility,,CHN,"gh:curent/andes,gh:e2niee/pandapower,gh:matpower/matpower,gh:pypsa/pypsa,gh:rwl/pypower"
jengstud,unknown,,,"gh:fzj-iek3-vsa/fine,gh:oemof/oemof-solph"
jenhagg,unknown,,,"gh:breakthrough-energy/reise.jl,gh:pypsa/pypsa"
jennes,unknown,,DEU,gh:akkudoktor-eos/eos
jensch-dlr,unknown,,,gh:leonardgoeke/anymod.jl
jensch-dlr,unknown,,,gl:dlr-ve/esy/remix/framework
jenszimmert,unknown,,,gh:fzj-iek3-vsa/fine
jentjr,unknown,,USA,gh:calliope-project/calliope
jeremiahpslewis,unknown,,DEU,"gh:akkudoktor-eos/eos,gh:andrewlyden/pylesa,gh:juliaenergy/powerdynamics.jl,gh:leonardgoeke/anymod.jl,gh:nrel-sienna/powersimulations.jl,gh:nrel-sienna/powersimulationsdynamics.jl"
jeremyalva,industry,,,"gh:natlabrockies/reopt.jl,gh:natlabrockies/sam"
jeroenpaling,unknown,,,gh:emlab/emlab-generation
jerrychen777,unknown,,,"gh:ie3-institute/powersystemdatamodel,gh:ie3-institute/simona,gh:powsybl/powsybl-core"
jerrypotts,research,national renewable energy laboratory,,"gh:genxproject/genx.jl,gh:nrel-sienna/powersystemsinvestments.jl,gh:switch-model/switch"
jerrysong0128,academic,peking university,CHN,"gh:osemosys/osemosys,gh:pypsa/pypsa,gh:temoaproject/temoa"
jesse-dugan,government,,USA,gh:nlr-distribution-suite/erad
jesseasamoa,unknown,,,gh:natlabrockies/reopt_api
jessehettema,unknown,,,gh:emlab/emlab-generation
jesseholzerpnnl,research,pacific northwest national laboratory,USA,gh:rwl/pypower
jetuk,unknown,,GBR,"gh:oemof/oemof-solph,gh:pypsa/pypsa"
jeunjetta,unknown,,,"gh:blue-marble/gridpath,gh:curent/andes,gh:gridfm/gridfm-graphkit,gh:nrel-sienna/powersimulationsdynamics.jl,gh:powsybl/powsybl-core,gh:pypsa/pypsa"
jey-fresh,unknown,,,gh:akkudoktor-eos/eos
jf-morris,academic,massachusetts institute of technology,USA,gh:genxproject/genx.jl
jfallon1997,academic,,GBR,gh:calliope-project/calliope
jfct001,unknown,,FIN,"gh:adgefficiency/energy-py,gh:pypsa/pypsa"
jfreissmann,academic,flensburg university of applied sciences,DEU,gh:oemof/oemof-solph
jgallegocalderon,research,idaho national laboratory,USA,gh:vub-hydr/revub
jghouse88,utility,woodside energy,,gh:gmlc-dispatches/dispatches
jgmill,unknown,,,"gh:calliope-project/calliope,gh:emma-model/emma,gh:osemosys/osemosys,gh:pypsa/pypsa"
jgmonroe1,unknown,,,"gh:breakthrough-energy/reise.jl,gh:temoaproject/temoa"
jgn-isea,unknown,,,gh:fzj-iek3-vsa/fine
jgower11,unknown,,,gl:dlr-ve/esy/amiris/amiris
jgu2,unknown,,,gh:calliope-project/calliope
jgunstone,industry,maxfordham,GBR,"gh:calliope-project/calliope,gh:e2niee/pandapower,gh:manuvarkey/gelectrical,gh:oemof/oemof-solph,gh:pypsa/pypsa,gh:rwl/pypower,gh:sanpen/veragrid"
jgwagenfeld,unknown,,,"gh:calliope-project/calliope,gh:fzj-iek3-vsa/fine,gh:natlabrockies/sam,gh:oemof/oemof-solph,gh:pypsa/pypsa,gh:tum-ens/urbs"
jh9604,unknown,,,gh:oemof/oemof-solph
jhancock1975,unknown,,,gh:akkudoktor-eos/eos
jhbruhn,unknown,,DEU,"gh:calliope-project/calliope,gh:oemof/oemof-solph"
jheusser,unknown,,,gh:adgefficiency/energy-py
jhimelic,professional,first principles advisory,USA,"gh:blue-marble/gridpath,gh:genxproject/genx.jl,gh:natlabrockies/pras,gh:natlabrockies/reeds-2.0,gh:nrel-sienna/powersimulations.jl,gh:switch-model/switch"
jhumci,academic,mci management center innsbruck internationale hochschule gmbh,,gh:oemof/oemof-solph
jhw45birch,unknown,,,"gh:ie3-institute/powersystemdatamodel,gh:nreca-bts/omf,gh:switch-model/switch"
jhyun0919,unknown,,USA,"gh:curent/andes,gh:powergridmodel/power-grid-model,gh:sanpen/veragrid"
jiahy17,academic,tsinghua university,CHN,gh:curent/andes
jiajunW2004,unknown,,,gh:genxproject/genx.jl
jiajunw204829,unknown,,,gh:genxproject/genx.jl
jialinyi94,academic,university of pennsylvania,GBR,"gh:eiagov/bluesky,gh:pypsa/pypsa"
jiangliheng,unknown,,CHN,gh:etsap-times/times_model
jiangongliye189,unknown,,,gh:adgefficiency/energy-py
jianzuo,unknown,,,"gh:adgefficiency/energy-py,gh:anl-ceeesa/unitcommitment.jl,gh:fabmid/open-energy-cell-simulation,gh:genxproject/genx.jl,gh:lanl-ansi/powermodels.jl,gh:leonardgoeke/anymod.jl,gh:natlabrockies/sam,gh:nrel-sienna/powersimulations.jl,gh:nrel-sienna/powersimulationsdynamics.jl,gh:pielube/messpy"
jiaqiwu1,unknown,,,"gh:e2niee/pandapower,gh:matpower/matpower,gh:rwl/pypower"
jiaxuwen,unknown,,,gh:curent/andes
jiaying,unknown,,,gh:erf-model/erf
jiedxu,academic,"house of energy, climate and finance, university duisburg-essen",DEU,"gh:anl-ceeesa/unitcommitment.jl,gh:calliope-project/calliope,gh:curent/andes,gh:dynawo/dynawo,gh:e2niee/pandapower,gh:energy-modelling-toolkit/dispa-set,gh:genxproject/genx.jl,gh:lanl-ansi/powermodels.jl,gh:matpower/matpower,gh:nrel-sienna/powersimulationsdynamics.jl,gh:powergridmodel/power-grid-model,gh:pypsa/pypsa,gh:sanpen/veragrid"
jieyao-MilestoneHub,industry,,,"gh:natlabrockies/pysam,gh:pencleanenergy/match-model"
jiffyspace,unknown,,,gh:akkudoktor-eos/eos
jihun-yoon,unknown,,KOR,gh:adgefficiency/energy-py
jimmy0415,unknown,,,gh:adamgreenhall/minpower
jingwei-18,academic,tsinghua university,,gh:rwl/pypower
jinningwang,academic,no affiliation,USA,"gh:blue-marble/gridpath,gh:curent/andes,gh:dss-extensions/dss_capi,gh:e2niee/pandapower,gh:gridoptics/gridpack,gh:matpower/matpower,gh:matpower/most,gh:mzy2240/esa,gh:natlabrockies/paraemt_public,gh:natlabrockies/reeds-2.0,gh:powergridmodel/power-grid-model,gh:pypsa/pypsa,gh:rwl/pypower,gh:sogno-platform/dpsim"
jinukuntlaakhilakumargoud-web,unknown,,,gh:powergridmodel/power-grid-model
jinzhuyu,academic,ut arlington,USA,gh:matpower/most
jiweiqi,unknown,,,"gh:genxproject/genx.jl,gh:juliaenergy/joulia.jl,gh:sei-international/nemomod.jl,gh:switch-model/switch"
jjgybill,unknown,,,gh:mesmo-dev/mesmo
jjjgoulding,unknown,,,gh:calliope-project/calliope
jjurczyk,unknown,,,gh:oemof/oemof-solph
jjyao-1,unknown,,,"gh:ahalev/python-microgrid,gh:e2niee/pandapower,gh:matpower/matpower,gh:microgridspy/microgridspy,gh:rwl/pypower"
jk,academic,milchundzucker,DEU,"gh:akkudoktor-eos/eos,gh:pnnl/tesp"
jkehm,industry,,,gh:breakthrough-energy/reise.jl
jkfm,professional,flexpwr,,gh:oemof/oemof-solph
jkisse,academic,,,"gh:e2niee/pandapower,gh:leonardgoeke/anymod.jl"
jkiviluo,industry,nodal-tools,,"gh:irena-flextool/flextool,gh:nrel-sienna/powersimulations.jl,gh:nrel-sienna/powersimulationsdynamics.jl,gh:spine-tools/spineopt.jl,gh:tulipaenergy/tulipaenergymodel.jl"
jkraasch,unknown,,CAN,"gl:sesit/copper,gl:sesit/idea,gl:sesit/silver"
jkskolf,unknown,,,gh:gmlc-dispatches/dispatches
jl293,unknown,,,gh:akkudoktor-eos/eos
jlcox119,unknown,,,gh:natlabrockies/hopp
jlockshin,unknown,,,gh:natlabrockies/pysam
jmaack24,research,national lab of the rockies,,"gh:lanl-ansi/powermodels.jl,gh:natlabrockies/paraemt_public,gh:nrel-sienna/powersimulations.jl"
jmarquez-leal,unknown,,,gh:natlabrockies/pysam
jmartin4u,unknown,,,"gh:natlabrockies/h2integrate,gh:natlabrockies/hopp"
jmdvilela,professional,puc-rio | psr,BRA,gh:psrenergy/sddpdso.jl
jmdxp,unknown,,,"gh:matpower/matpower,gh:pypsa/pypsa,gh:rwl/pypower"
jmetzl,unknown,,,gh:calliope-project/calliope
jmhrtmnn,academic,rwth aachen university,,gh:fzj-iek3-vsa/fine
jmirocha,government,,USA,gh:erf-model/erf
jmiszczak,academic,,,gh:ie3-institute/simona
jmk6102,academic,,USA,gh:genxproject/genx.jl
jmkerloch,unknown,,,gh:antaressimulatorteam/antares_simulator
jmmauricio,academic,universidad de sevilla,ESP,gh:susantoj/pypower-dynamics
jmontalvo94,academic,engie,BEL,"gh:genxproject/genx.jl,gh:grid2op/grid2op,gh:matpower/matpower,gh:pypsa/pypsa"
jmorris-uk,utility,ukaea,GBR,gh:genxproject/genx.jl
jmorrisnrel,unknown,,,gh:calliope-project/calliope
jmperla,government,united states environmental protection agency,USA,"gh:eiagov/bluesky,gh:switch-model/switch"
jmpohl,unknown,,USA,gh:natlabrockies/reopt_api
jmsexton03,government,,USA,gh:erf-model/erf
jmutke,unknown,,,gh:fzj-iek3-vsa/fine
jneumann93,unknown,,,gh:natlabrockies/pysam
jnhzzzk,unknown,,,"gh:e2niee/pandapower,gh:pypsa/pypsa,gh:rwl/pypower"
jnicklau,unknown,,,gh:assume-framework/assume
jniffene,unknown,,,gh:natlabrockies/hopp
jnnr,academic,delft university of technology,DEU,"gh:calliope-project/calliope,gh:oemof/oemof-solph,gh:oemof/oemof-thermal,gh:pypsa/pypsa,gh:reegis/deflex"
jo-bao,unknown,,,"gh:ie3-institute/powersystemdatamodel,gh:ie3-institute/simona"
jo-gross,unknown,,DEU,gh:akkudoktor-eos/eos
joanmaba,unknown,,,gh:akkudoktor-eos/eos
joanvelro,industry,capgemini engineering,ESP,"gh:e2niee/pandapower,gh:grid2op/grid2op,gh:marvinler/pypownet,gh:rwl/pypower,gh:sanpen/veragrid"
joaoppeters,academic,lacsep eesc-usp,BRA,"gh:curent/andes,gh:e2niee/pandapower,gh:epri-dev/opender,gh:openipsl/openipsl,gh:powergridmodel/power-grid-model,gh:pypsa/pypsa,gh:rwl/pypower,gh:sanpen/veragrid,gh:sogno-platform/dpsim,gh:thales1330/psp"
joaquimg,unknown,,BRA,"gh:anl-ceeesa/unitcommitment.jl,gh:genxproject/genx.jl,gh:lanl-ansi/powermodels.jl,gh:nrel-sienna/powersimulations.jl,gh:richard-weinhold/pomato,gh:spine-tools/spineopt.jl,gh:tulipaenergy/tulipaenergymodel.jl"
jochenseeber,unknown,,,gh:akkudoktor-eos/eos
jocobtt,industry,seekr,USA,gh:natlabrockies/pysam
joconnor-ml,professional,,,gh:adgefficiency/energy-py
jody,academic,metropolitan state university of denver,USA,gh:spine-tools/spineopt.jl
joe-lane,unknown,,,gh:genxproject/genx.jl
joe-rodden1,unknown,,,gh:genxproject/genx.jl
joehood,unknown,,USA,gh:rwl/pypower
joekbullard,academic,centre for sustainable energy,GBR,gh:andrewlyden/pylesa
joel-jose101,unknown,,,"gh:anl-ceeesa/unitcommitment.jl,gh:curent/andes,gh:genxproject/genx.jl,gh:grid-parity-exchange/egret,gh:natlabrockies/reeds-2.0,gh:nrel-sienna/powersimulations.jl,gh:richard-weinhold/pomato,gh:tulipaenergy/tulipaenergymodel.jl,gh:tum-ens/urbs"
joel_jose,unknown,,,gl:diw-evu/dieter_public/dieterpy
joelmathias-dev,unknown,,,gh:gmlc-dispatches/dispatches
joernahrens,industry,adesso mobile solutions,DEU,gh:akkudoktor-eos/eos
joeseakinsarup,unknown,,,gh:calliope-project/calliope
joevoo82,unknown,,,gh:akkudoktor-eos/eos
joeweaver,academic,"newcastle university, uk",GBR,gh:temoaproject/temoa
joflorianjo,unknown,,,gh:akkudoktor-eos/eos
jofranz,unknown,,,gh:akkudoktor-eos/eos
johann-cm,industry,enqt-gmbh,DEU,gh:akkudoktor-eos/eos
johannes1992,unknown,,,gh:fzj-iek3-vsa/fine
johanneshiry,academic,,,"gh:e2niee/pandapower,gh:ie3-institute/powersystemdatamodel,gh:ie3-institute/simona"
johannesschmude,academic,ibm research,USA,gh:gridfm/gridfm-graphkit
johanvanmol,unknown,,,gh:akkudoktor-eos/eos
johburger,unknown,,,"gh:natlabrockies/pysam,gh:zen-universe/zen-garden"
johforn,academic,greenpeace usa,USA,gh:eiagov/bluesky
johhell,industry,"retired, but happy",AUT,"gh:juliaenergy/powerdynamics.jl,gh:openipsl/openipsl"
john,utility,rmi,,gh:energyinnovation/eps-us
johnathanvic,academic,carnegie mellon university,,gh:genxproject/genx.jl
johnfettig,unknown,,USA,gh:gridoptics/gridpack
johnjasa,research,national renewable energy laboratory,,"gh:natlabrockies/h2integrate,gh:natlabrockies/hopp,gh:natlabrockies/pysam"
johnmckibbin,utility,,AUS,"gh:electa-git/flexplan.jl,gh:lanl-ansi/powermodels.jl,gh:nrel-sienna/powersimulations.jl"
johnschu647,unknown,,,gh:rwl/pypower
jojoethz,unknown,,,gh:zen-universe/zen-garden
joker-fightclub,industry,,,gh:akkudoktor-eos/eos
jokervTv,unknown,,CHN,gh:erf-model/erf
jokochems,academic,dlr - institute of networked energy systems,DEU,"gh:csenkpiel/inve2st,gh:oemof/oemof-solph,gh:reegis/deflex"
jokroese,professional,radical-data,NLD,"gh:oemof/oemof-solph,gh:pypsa/pypsa"
jomeie,unknown,,,gh:akkudoktor-eos/eos
jonahdanziger,unknown,,,gh:genxproject/genx.jl
jonas2,unknown,,,gh:akkudoktor-eos/eos
jonasbecker00,unknown,,,gh:fzj-iek3-vsa/fine
jonasmeier1212,utility,grid-x,DEU,gh:akkudoktor-eos/eos
jonasweiss,unknown,,,gh:gridfm/gridfm-graphkit
jonathan-g,academic,vanderbilt university,USA,"gh:energyinnovation/eps-us,gh:oemof/oemof-solph"
jonathan-nieman,unknown,,,"gh:etsap-times/times_model,gh:osemosys/osemosys"
jonathan-peel,unknown,,CHE,gh:zen-universe/zen-garden
jonduan,academic,university of victoria,,"gh:calliope-project/calliope,gh:lanl-ansi/powermodels.jl,gh:oemof/oemof-solph,gh:osemosys/osemosys,gh:pypsa/pypsa"
jongoncalves,unknown,,,gh:slacgismo/tess
jonike,unknown,,,gh:antaressimulatorteam/antares_simulator
jonkimdev,unknown,,,"gh:epri-dev/opender,gh:oemof/oemof-solph,gh:tum-ens/urbs"
jonpagh,unknown,,,gh:drafproject/draf
jonte-wallin,unknown,,,gh:natlabrockies/hopp
joollnl,unknown,,,"gh:grid-parity-exchange/egret,gh:gridfm/gridfm-graphkit"
joongchan1,unknown,,,"gh:ames-market/psst,gh:ancillaryservicesacquisitionmodel/asam,gh:bje-/nemo,gh:ie3-institute/simona,gh:oemof/oemof-solph,gh:pypsa/pypsa,gh:richard-weinhold/pomato,gh:unsw-ceem/nempy"
jordanm304,research,national energy technology laboratory,,gh:erf-model/erf
jorgecmartinez,academic,instituto tecnologico de la energia,ESP,gh:assume-framework/assume
jorisberkhout,professional,quintel intelligence,,"gh:quintel/etengine,gh:quintel/etmodel,gh:quintel/pyetm"
joroeder,academic,university of bremen,DEU,"gh:oemof/oemof-solph,gh:oemof/oemof-thermal"
jorritvm,unknown,,,gh:antaressimulatorteam/antares_simulator
josca90,unknown,,,gh:adgefficiency/energy-py
josecerejo,unknown,,,"gh:natlabrockies/reeds-2.0,gh:natlabrockies/reopt.jl,gh:natlabrockies/sam"
josefineselke,academic,martin-luther-universitat halle-wittenberg,,gh:akkudoktor-eos/eos
josefkoell,unknown,,,gh:spine-tools/spineopt.jl
josemmohedano,unknown,,,"gh:quintel/etengine,gh:quintel/etmodel,gh:quintel/pyetm"
josephko91,unknown,,,gh:natlabrockies/reopt_api
josephwinston,unknown,,,"gh:etsap-times/times_model,gh:flexiblepower/powermatcher"
josepowera,unknown,,,gh:akkudoktor-eos/eos
joserom,unknown,,,gh:iit-energysystemmodels/openmaster
josh28x,unknown,,AUS,"gh:gh:adgefficiency/energy-py-linear,gh:bje-/nemo,gh:calliope-project/calliope,gh:e2niee/pandapower,gh:nreca-bts/omf,gh:pypsa/pypsa,gh:unsw-ceem/nempy"
joshdr83,academic,the university of texas at austin,USA,gh:genxproject/genx.jl
joshua-cogliati-inl,research,idaho national laboratory,USA,"gh:gmlc-dispatches/dispatches,gh:idaholab/heron"
joshuaeh,academic,the university of texas-austin,USA,"gh:natlabrockies/reopt.jl,gh:natlabrockies/sam"
josuaa,unknown,,,gh:akkudoktor-eos/eos
jotaigna,professional,itp analytics,AUS,"gh:bje-/nemo,gh:opencemorg/opencem"
joules-michael,utility,camus energy,USA,gh:natlabrockies/pysam
jpacilo,industry,,SGP,"gh:blue-marble/gridpath,gh:grid2op/grid2op,gh:oemof/oemof-solph,gh:osemosys/osemosys,gh:pypsa/pypsa,gh:tum-ens/urbs"
jpatricksss,unknown,,,gh:powergridmodel/power-grid-model
jpawlowski,industry,workoho,DEU,gh:akkudoktor-eos/eos
jpengNREL,unknown,,,gh:natlabrockies/hopp
jpnorenam,industry,canonical,COL,"gh:sogno-platform/dpsim,gh:villasframework/node"
jqin020,unknown,,,"gh:anl-ceeesa/unitcommitment.jl,gh:genxproject/genx.jl,gh:grid-parity-exchange/egret,gh:grid2op/grid2op,gh:rwl/pypower"
jr-42,academic,,FRA,gh:tum-ewk/ficus
jrannoni,unknown,,,"gh:natlabrockies/h2integrate,gh:natlabrockies/hopp"
jrasko,academic,,DEU,gh:assume-framework/assume
jravani,academic,deggendorf institute of technology,DEU,gh:calliope-project/calliope
jreijnders,unknown,,,gh:oemof/oemof-solph
jremus94,unknown,,,gh:spf-ost/optihood
jreniel,unknown,,,gh:erf-model/erf
jrissman,unknown,,,gh:energyinnovation/eps-us
jrodan,unknown,,DEU,gh:akkudoktor-eos/eos
jroethle,unknown,,,gh:natlabrockies/reopt_api
jrood-nrel,research,national renewable energy laboratory,,gh:erf-model/erf
jruan6,unknown,,,gh:genxproject/genx.jl
jrutley1,unknown,,,gh:genxproject/genx.jl
jruzekowicz,unknown,,,gh:natlabrockies/hopp
jschatti,unknown,,,gh:zen-universe/zen-garden
jschroeter,professional,knime,DEU,gh:akkudoktor-eos/eos
jsejdija,industry,nowum,DEU,"gh:assume-framework/assume,gh:calliope-project/calliope"
jsenn,industry,microsoft,,gh:calliope-project/calliope
jsiirola,unknown,,,"gh:gmlc-dispatches/dispatches,gh:grid-parity-exchange/egret"
jsloan-rcea,unknown,,,gh:pencleanenergy/match-model
jssengo,unknown,,,gh:temoaproject/temoa
jtbaker,unknown,,USA,"gh:calliope-project/calliope,gh:chengts95/rustpower,gh:genxproject/genx.jl,gh:pypsa/pypsa"
jtello,unknown,,TUR,"gh:e2niee/pandapower,gh:juliaenergy/powerdynamics.jl,gh:nrel-sienna/powersimulationsdynamics.jl,gh:openipsl/openipsl,gh:pypsa/pypsa,gh:thales1330/psp"
jtkadlec,unknown,,,gh:natlabrockies/reopt.jl
jtock,academic,fh munster university of applied sciences,DEU,"gh:assume-framework/assume,gh:fzj-iek3-vsa/fine"
jtrim18,unknown,,,gh:natlabrockies/pysam
jtwild,unknown,,,gh:powergridmodel/power-grid-model
juan-suarezp,industry,,,"gh:natlabrockies/paraemt_public,gh:pypsa/pypsa,gh:sanpen/veragrid"
juan11iguel,utility,plataforma solar de almeria (psa),ESP,"gh:natlabrockies/pysam,gh:powergridmodel/power-grid-model"
juandi-net,unknown,,,gh:gridfm/gridfm-graphkit
juanjospina,unknown,,,"gh:lanl-ansi/powermodels.jl,gh:natlabrockies/paraemt_public,gh:natlabrockies/reopt.jl,gh:pnnl/exago"
juansenga1,unknown,,,gh:genxproject/genx.jl
juanxincai1,academic,,,"gh:changgang/steps,gh:juliaenergy/powerdynamics.jl"
jucao,academic,keele university,,"gh:andrewlyden/pylesa,gh:epgoxford/open,gh:oemof/oemof-solph,gh:rl-institut/multi-vector-simulator"
juchengquan,unknown,,SGP,"gh:e2niee/pandapower,gh:nreca-bts/omf,gh:nrel-sienna/powersimulations.jl,gh:oemof/oemof-solph,gh:pypsa/pypsa,gh:sanpen/veragrid"
judejeh,academic,,GBR,"gh:calliope-project/calliope,gh:energysystemsmodellinglab/muse_os,gh:etsap-times/times_model,gh:natlabrockies/reeds-2.0"
judypark,academic,carnegie mellon university,,gh:iiasa/message_ix
jufemaiz,industry,ace-teknologi,AUS,gh:opencemorg/opencem
julian-belina,unknown,,,"gh:fzj-iek3-vsa/fine,gh:pypsa/pypsa"
julian-gamboa-ensino,industry,,,gh:rwl/pypower
julian-hohmann,unknown,,,"gh:ie3-institute/powersystemdatamodel,gh:ie3-institute/simona"
juliana-steinbach,unknown,,,gh:antaressimulatorteam/antares_simulator
julianaklas,academic,,,gh:energyscope/energyscope
julianbischof,academic,institute for housing and environment (iwu),DEU,gh:akkudoktor-eos/eos
juliandie,unknown,,,gh:akkudoktor-eos/eos
juliettegiraud-2004,unknown,,,gh:powergridmodel/power-grid-model
julioolvera1,academic,pace,GBR,"gh:natlabrockies/pysam,gh:natlabrockies/sam,gh:pypsa/pypsa,gh:sanpen/veragrid"
juliusbergmann,unknown,,,gh:oemof/oemof-solph
juliusmeier,industry,,,"gh:calliope-project/calliope,gh:eiagov/bluesky,gh:fzj-iek3-vsa/fine,gh:genxproject/genx.jl,gh:iiasa/message_ix,gh:iit-energysystemmodels/opentepes,gh:juliaenergy/joulia.jl,gh:leonardgoeke/anymod.jl,gh:natlabrockies/pras,gh:natlabrockies/reeds-2.0,gh:powergridmodel/power-grid-model,gh:pypsa/pypsa,gh:richard-weinhold/pomato,gh:sanpen/veragrid,gh:spine-tools/spineopt.jl,gh:temoaproject/temoa,gh:tulipaenergy/tulipaenergymodel.jl,gh:zen-universe/zen-garden"
julmag,unknown,,,gh:akkudoktor-eos/eos
julza03,unknown,,,gh:antaressimulatorteam/antares_simulator
junbozhao,academic,virginia tech,USA,"gh:epri-dev/opender,gh:natlabrockies/paraemt_public,gh:pypsa/pypsa,gh:sanpen/veragrid,gh:sogno-platform/dpsim"
junchen93,unknown,,,"gh:curent/andes,gh:e2niee/pandapower,gh:grid2op/grid2op,gh:marvinler/pypownet,gh:matpower/matpower,gh:pypsa/pypsa"
juncienf,unknown,,,gh:oemof/oemof-solph
junglegobs,academic,https://www.mech.kuleuven.be/en/tme/research/energy-systems-integration-modeling/people/00128861,,"gh:lanl-ansi/powermodels.jl,gh:sei-international/nemomod.jl,gh:spine-tools/spineopt.jl"
junjie-zh,unknown,,DEU,"gh:openipsl/openipsl,gh:sogno-platform/dpsim"
junzengx14,academic,university of california berkeley,USA,gh:mesmo-dev/mesmo
junzhangE3,industry,"energy & environmental economics, inc",USA,"gh:genxproject/genx.jl,gh:pnnl/exago"
jurasofish,unknown,,AUS,"gh:curent/andes,gh:e2niee/pandapower,gh:pypsa/pypsa,gh:sanpen/veragrid,gh:susantoj/pypower-dynamics,gh:unsw-ceem/nempy"
juri1305,industry,,DEU,gh:akkudoktor-eos/eos
just-cameron,industry,letta-ai,USA,gh:tulipaenergy/tulipaenergymodel.jl
justb81,unknown,,,gh:akkudoktor-eos/eos
justicelee,unknown,,,"gh:grid2op/grid2op,gh:thales1330/psp,gh:villasframework/node"
justinhohner,unknown,,,"gh:natlabrockies/pysam,gh:slacgismo/tess"
justiy,unknown,,,gh:epgoxford/open
jvgkr,unknown,,,gh:assume-framework/assume
jw3126,unknown,,DEU,gh:juliaenergy/powerdynamics.jl
jwadsack-e3,unknown,,,gh:e3-/resolve
jwende,unknown,,,"gh:akkudoktor-eos/eos,gh:genxproject/genx.jl"
jwhart9-svg,unknown,,,gh:calliope-project/calliope
jwinter6,industry,steinbrenner laborsysteme gmbh,DEU,gh:akkudoktor-eos/eos
jwy9mp6xcs-create,unknown,,,gh:eiagov/bluesky
jxiong22,unknown,,,gh:curent/andes
jxw124230,unknown,,,gh:idaholab/hybrid
jy369c14,academic,tsinghua university,CHN,gh:openipsl/openipsl
jywang2016,unknown,,CHN,gh:calliope-project/calliope
jzwar,academic,,,gh:akkudoktor-eos/eos
jzy1258294,unknown,,,gh:natlabrockies/mafrit
k-okosun,unknown,,,gh:fzj-iek3-vsa/fine
k1nshuk,research,national renewable energy laboratory,,gh:natlabrockies/hopp
kSperczynski,unknown,,,gh:tulipaenergy/tulipaenergymodel.jl
kTelaar,unknown,,,gh:spine-tools/spineopt.jl
kaarthiksundar,research,los alamos national laboratory,USA,"gh:lanl-ansi/powermodels.jl,gh:lanl-ansi/powermodelsannex.jl"
kadiiiri,unknown,,NLD,"gh:powergridmodel/power-grid-model,gh:powsybl/powsybl-open-loadflow"
kaelodd,professional,inview,GRC,gh:oemof/oemof-solph
kagalenko-m-b,unknown,,,"gh:juliaenergy/joulia.jl,gh:lanl-ansi/powermodels.jl,gh:matpower/matpower,gh:nrel-sienna/powersimulationsdynamics.jl"
kago76,unknown,,DEU,gh:akkudoktor-eos/eos
kahemker,unknown,,,gh:natlabrockies/pysam
kai-zheng,unknown,,,"gh:dynawo/dynawo,gh:idaholab/hybrid"
kaiATtum,unknown,,,gh:mesmo-dev/mesmo
kaiser-data,academic,,DEU,gh:fzj-iek3-vsa/fine
kaitlyn-loftus,professional,leap-stc,USA,gh:erf-model/erf
kaixiangfeng,unknown,,,gh:oemof/oemof-solph
kalebsm,unknown,,,"gh:genxproject/genx.jl,gh:natlabrockies/pras,gh:natlabrockies/reeds-2.0"
kalinathk,unknown,,USA,"gh:curent/andes,gh:matpower/matpower"
kamaladekola,unknown,,NLD,"gh:pypsa/pypsa,gh:richard-weinhold/pomato,gh:tulipaenergy/tulipaenergymodel.jl"
kamathhrishi,industry,,USA,gh:adgefficiency/energy-py
kamilien1,professional,gridtech ip,USA,"gh:adamgreenhall/minpower,gh:calliope-project/calliope,gh:tum-ens/urbs"
kamuichan80,academic,university of kansas,KOR,"gh:natlabrockies/pysam,gh:natlabrockies/sam"
kandersolar,research,sandia national laboratories,,"gh:natlabrockies/pysam,gh:natlabrockies/sam"
kangqiu,unknown,,,gh:genxproject/genx.jl
kapasi1234,academic,national institute of wind energy,IND,gh:genxproject/genx.jl
karbon0x,unknown,,USA,gh:genxproject/genx.jl
karima9119,academic,,USA,"gh:adgefficiency/energy-py,gh:e2niee/pandapower,gh:pypsa/pypsa"
karimali5,unknown,,,gh:erf-model/erf
kartoza,industry,,ZAF,gh:onsset/onsset
karuna-bhaila,academic,university of arkansas,USA,gh:rwl/pypower
kasheex,unknown,,,gh:curent/andes
kasparm,unknown,,,"gh:breakthrough-energy/reise.jl,gh:matpower/matpower,gh:matpower/most,gh:rwl/pypower"
kastnerp,academic,georgia tech,USA,gh:energyinnovation/eps-us
katgraham27,unknown,,,"gh:genxproject/genx.jl,gh:richard-weinhold/pomato"
katherinedykes,unknown,,,gh:natlabrockies/hopp
kathjordan,academic,,USA,gh:temoaproject/temoa
kathjordan17,unknown,,,gh:temoaproject/temoa
kathvargasr,unknown,,,gh:antaressimulatorteam/antares_simulator
katiepurnell,unknown,,,gh:opencemorg/opencem
katrinleinweber,professional,gitlabhq,not found,gh:calliope-project/calliope
katronai,unknown,,,gh:gridfm/gridfm-graphkit
kaufe,unknown,,,gh:akkudoktor-eos/eos
kavs26,unknown,,NLD,"gh:dgusain1/energysim,gh:e2niee/pandapower,gh:grid2op/grid2op,gh:pypsa/pypsa"
kavvkon,academic,,GRC,"gh:adgefficiency/energy-py,gh:energy-modelling-toolkit/dispa-set"
kbogodar14-debug,unknown,,,gh:curent/andes
kbrcke,unknown,,,gh:oemof/oemof-solph
kbrunik,unknown,,,"gh:natlabrockies/h2integrate,gh:natlabrockies/hopp"
kcerva,academic,,,"gh:epgoxford/open,gh:lkruitwagen/global-fossil-fuel-supply-chain"
kcosta1,unknown,,,gh:idaholab/hybrid
kdcornejoc,academic,universidad nacional mayor de san marcos,PER,"gh:e2niee/pandapower,gh:juliaenergy/powerdynamics.jl,gh:nrel-sienna/powersimulations.jl,gh:oemof/oemof-solph,gh:powergridmodel/power-grid-model,gh:pypsa/pypsa,gh:sanpen/veragrid"
kdhayal,unknown,,IND,"gh:lanl-ansi/powermodels.jl,gh:nrel-sienna/powersimulations.jl,gh:openego/edisgo,gh:openipsl/openipsl,gh:pypsa/pypsa"
kdheepak,unknown,,CAN,"gh:ames-market/psst,gh:dss-extensions/dss_capi,gh:e2niee/pandapower,gh:grid-parity-exchange/egret,gh:iit-energysystemmodels/opentepes,gh:lanl-ansi/powermodels.jl,gh:natlabrockies/coral,gh:natlabrockies/emerge,gh:natlabrockies/gear-scoup,gh:natlabrockies/h2integrate,gh:natlabrockies/hopp,gh:natlabrockies/hybridbosse,gh:natlabrockies/mafrit,gh:natlabrockies/paraemt_public,gh:natlabrockies/pras,gh:natlabrockies/pysam,gh:natlabrockies/reeds-2.0,gh:natlabrockies/reopt.jl,gh:natlabrockies/rodeo,gh:natlabrockies/sam,gh:natlabrockies/wpgnn,gh:nlr-distribution-suite/erad,gh:nrel-sienna/powersimulations.jl,gh:nrel-sienna/powersimulationsdynamics.jl,gh:nrel-sienna/powersystemsinvestments.jl,gh:rwl/pypower,gh:tulipaenergy/tulipaenergymodel.jl"
kdogx,unknown,,,gh:richard-weinhold/pomato
kduchrow,unknown,,DEU,gh:akkudoktor-eos/eos
kedarnath39,unknown,,,gh:natlabrockies/reopt_api
kelu124,industry,,FRA,gh:oemof/oemof-solph
kemaldemirag,unknown,,,"gh:andrewlyden/pylesa,gh:e2niee/pandapower,gh:pypsa/pypsa,gh:sanpen/veragrid"
kenanbacak,unknown,,,gh:akkudoktor-eos/eos
kennedy-mindermann,unknown,,,"gh:natlabrockies/reeds-2.0,gh:nrel-sienna/powersimulations.jl,gh:nrel-sienna/powersimulationsdynamics.jl,gh:nrel-sienna/powersystemsinvestments.jl"
kennyvinente,unknown,,,"gh:anl-ceeesa/unitcommitment.jl,gh:lanl-ansi/powermodels.jl,gh:lanl-ansi/powermodelsannex.jl,gh:rwl/pypower"
kenplusplus,industry,intel,CHN,gh:oemof/oemof-solph
kenyastyle,unknown,,,gh:natlabrockies/reopt_api
keremakdemir,research,pacific northwest national laboratory,USA,"gh:genxproject/genx.jl,gh:pypsa/pypsa"
kerstenr,unknown,,,gh:akkudoktor-eos/eos
kersulis,professional,ercot,USA,"gh:blue-marble/gridpath,gh:lanl-ansi/powermodels.jl,gh:lanl-ansi/powermodelsannex.jl,gh:matpower/matpower,gh:rwl/pypower"
keshava,professional,disco,USA,"gh:matpower/matpower,gh:osemosys/osemosys,gh:rwl/pypower"
keshavaspanda,unknown,,,"gh:drafproject/draf,gh:mesmo-dev/mesmo"
ketchalegend,industry,,DEU,gh:akkudoktor-eos/eos
kev300,unknown,,,gh:akkudoktor-eos/eos
kevbenjam,unknown,,,gh:akkudoktor-eos/eos
kevin-wang-uchi,academic,university of chicago,USA,gh:slacgismo/tess
kevinkirchhof,unknown,,DEU,gh:akkudoktor-eos/eos
kevinliupy,unknown,,,gh:natlabrockies/reopt_api
kevinsegal,industry,segal industries,USA,gh:akkudoktor-eos/eos
kevinvdbekerom,unknown,,,gh:powergridmodel/power-grid-model
kevinveragoo,unknown,,,gh:mesmo-dev/mesmo
keyafs,unknown,,,gh:genxproject/genx.jl
kfnt-eiko,unknown,,,"gh:changgang/steps,gh:curent/andes,gh:future-power-networks/simplus-grid-tool"
kgantchev,industry,ameru.ai,BGR,gh:powergridmodel/power-grid-model
kglass,unknown,,,gh:gridoptics/gridpack
khade217,professional,dvibe,,gh:akkudoktor-eos/eos
khanht8,unknown,,,gh:akkudoktor-eos/eos
khannurien,research,lab-sticc,FRA,gh:energyscope/energyscope
khashashin,industry,,CHE,"gh:natlabrockies/sam,gh:oemof/oemof-solph"
khasmammadov,unknown,,,gh:etsap-times/times_model
khavernathy,unknown,,,"gh:natlabrockies/pysam,gh:natlabrockies/sam"
khinkelman,academic,university of vermont,,gh:openipsl/openipsl
khmic,unknown,,,gh:curent/andes
khoderj,unknown,,,gh:adgefficiency/energy-py
khurrumsaleem,professional,pieas,PAK,gh:idaholab/hybrid
ki511,unknown,,,"gh:matpower/matpower,gh:rwl/pypower"
killer0071234,industry,strabag infrastructure & safety solutions gmbh,AUT,gh:akkudoktor-eos/eos
kilteris,unknown,,,"gh:genxproject/genx.jl,gh:pypsa/pypsa,gh:rebase-energy/enflow"
kim-mskw,professional,karlsruher institut fur technologie,,gh:assume-framework/assume
kimiwangjm,unknown,,,gh:natlabrockies/reopt_api
kimte72,unknown,,,gh:rwl/pypower
kinbo1111,academic,,,gh:akkudoktor-eos/eos
kingsing,unknown,,,"gh:adamgreenhall/minpower,gh:e2niee/pandapower,gh:pypsa/pypsa,gh:rwl/pypower,gh:sanpen/veragrid,gh:susantoj/pypower-dynamics"
kiplabat,industry,,,"gh:onsset/onsset,gh:osemosys/osemosys"
kipovic,unknown,,,gh:akkudoktor-eos/eos
kiran27teja,unknown,,,"gh:nlr-distribution-suite/erad,gh:pypsa/pypsa"
kiranch219,unknown,,,gh:powergridmodel/power-grid-model
kiranshila,industry,,USA,gh:juliaenergy/joulia.jl
kiryph,unknown,,DEU,gh:akkudoktor-eos/eos
kissyh,academic,weixin middle school,,gh:akkudoktor-eos/eos
kit-hplp,unknown,,ARE,"gh:adgefficiency/energy-py,gh:antaressimulatorteam/antares_simulator,gh:energy-modelling-toolkit/dispa-set,gh:grid-parity-exchange/egret"
kittokin,unknown,,,gh:temoaproject/temoa
kjozsef84,unknown,,,gh:akkudoktor-eos/eos
kkarthik11,unknown,,,"gh:ie3-institute/powersystemdatamodel,gh:ie3-institute/simona"
kkaya674,unknown,,,gh:tulipaenergy/tulipaenergymodel.jl
kknos,unknown,,DEU,gh:fzj-iek3-vsa/fine
kkozersk,unknown,,,gh:spine-tools/spineopt.jl
kkrah,unknown,,,gh:natlabrockies/reopt_api
kksharma3951,academic,concordia university,CAN,gh:erf-model/erf
klasrocket,unknown,,,gh:akkudoktor-eos/eos
klaustopher,professional,opf,DEU,gh:akkudoktor-eos/eos
kleini,professional,open-xchange,DEU,gh:akkudoktor-eos/eos
klfrick2,research,idaho national laboratory,,"gh:gmlc-dispatches/dispatches,gh:idaholab/heron,gh:idaholab/hybrid"
klitiqako,financial,,,gh:rwl/pypower
kloeffler,unknown,,,gl:dlr-ve/esy/remix/framework
klorel,unknown,,,gh:antaressimulatorteam/antares_simulator
klunico,unknown,,,gh:akkudoktor-eos/eos
kma33,unknown,,USA,"gh:breakthrough-energy/reise.jl,gh:energyinnovation/eps-us,gh:etsap-times/times_model,gh:genxproject/genx.jl,gh:natlabrockies/reeds-2.0,gh:pypsa/pypsa,gh:sanpen/veragrid"
kman2022,unknown,,,"gh:natlabrockies/pysam,gh:pypsa/pypsa"
kmax12,unknown,,USA,"gh:blue-marble/gridpath,gh:pencleanenergy/match-model"
kmplngj,unknown,,DEU,gh:akkudoktor-eos/eos
kmprashant92,unknown,,,gh:genxproject/genx.jl
kndehaan,unknown,,,"gh:quintel/etengine,gh:quintel/etmodel,gh:quintel/pyetm"
knut0815,unknown,,,"gh:calliope-project/calliope,gh:e2niee/pandapower,gh:fraukewiese/renpass,gh:oemof/oemof-solph,gh:osemosys/osemosys,gh:pypsa/pypsa,gh:reegis/deflex,gh:robbiemorrison/deeco,gh:rwl/pypower,gh:sanpen/veragrid,gh:tum-ewk/ficus"
kobong8,unknown,,,gh:idaholab/hybrid
koenigderorangen,unknown,,,"gh:energymodelsx/energymodelsbase.jl,gh:flixopt/flixopt,gh:tulipaenergy/tulipaenergymodel.jl"
koepfle07,unknown,,,gh:akkudoktor-eos/eos
kokel,unknown,,DEU,gh:akkudoktor-eos/eos
kollera,unknown,,,gh:akkudoktor-eos/eos
komar1987,academic,utrecht university,NLD,gh:calliope-project/calliope
koneill-lboro,academic,,GBR,"gh:idaholab/heron,gh:idaholab/hybrid,gh:pypsa/pypsa,gh:spine-tools/spineopt.jl"
konosubakonoakua,academic,imp  bosch  caep  uestc,IND,gh:curent/andes
konradkiss,unknown,,,gh:assume-framework/assume
konstantinblaesi,unknown,,DEU,gh:akkudoktor-eos/eos
kornerc,academic,austrian institute of technology - ait,AUT,"gh:ait-energy/iesopt.jl,gh:curent/andes,gh:e2niee/pandapower,gh:powergridmodel/power-grid-model"
kosaka90,government,pacific northwest national laboratory,USA,gh:erf-model/erf
kosmylo,unknown,,,"gh:assume-framework/assume,gh:e2niee/pandapower"
kostemplays,academic,,,"gh:genxproject/genx.jl,gh:macroenergy/macroenergy.jl"
kotarbinski,unknown,,,gh:natlabrockies/hopp
kpphalak,unknown,,,"gh:adgefficiency/energy-py,gh:gh:adgefficiency/energy-py-linear"
kptkip,unknown,,,gh:akkudoktor-eos/eos
krahl,unknown,,DEU,gh:akkudoktor-eos/eos
kreativmonkey,professional,puzzle,DEU,gh:akkudoktor-eos/eos
kristiyandd,professional,inmindit,,gh:adgefficiency/energy-py
krombel,unknown,,,gh:akkudoktor-eos/eos
krose,unknown,,DNK,"gh:rebase-energy/enflow,gh:richard-weinhold/pomato"
krudt,unknown,,DEU,gh:akkudoktor-eos/eos
kryptik03,unknown,,MYS,gh:powergridmodel/power-grid-model
ksbeattie,government,lawrence berkeley national laboratory,USA,gh:gmlc-dispatches/dispatches
kscholty,unknown,,,gh:akkudoktor-eos/eos
kschulze26,unknown,,,gh:fzj-iek3-vsa/fine
kshitizkhanal7,academic,ncsu,USA,gh:oemof/oemof-solph
kstief,unknown,,,gh:akkudoktor-eos/eos
ktboy0502,unknown,,,"gh:curent/andes,gh:ie3-institute/simona,gh:lanl-ansi/powermodels.jl,gh:sanpen/veragrid"
ktehranchi,academic,stanford university,USA,"gh:blue-marble/gridpath,gh:eiagov/bluesky,gh:genxproject/genx.jl,gh:lanl-ansi/powermodels.jl,gh:macroenergy/macroenergy.jl,gh:natlabrockies/pras,gh:natlabrockies/reeds-2.0,gh:nrel-sienna/powersimulations.jl,gh:nrel-sienna/powersystemsinvestments.jl,gh:pencleanenergy/match-model,gh:pypsa/pypsa,gh:rebase-energy/enflow,gh:spine-tools/spineopt.jl,gh:stanford-eao/bridges,gh:switch-model/switch,gh:transition-zero/tz-osemosys,gh:tulipaenergy/tulipaenergymodel.jl"
kthy,professional,utiligize,DNK,gh:akkudoktor-eos/eos
ktye-UF,unknown,,,"gh:curent/andes,gh:mzy2240/esa"
kufemusik,unknown,,,gh:akkudoktor-eos/eos
kujenga,industry,additiveai,USA,"gh:breakthrough-energy/reise.jl,gh:lkruitwagen/global-fossil-fuel-supply-chain,gh:natlabrockies/sam"
kumareshramesh,unknown,,,gh:prayas-energy/rumi
kun-ops,unknown,,,"gh:e2niee/pandapower,gh:rwl/pypower"
kunalpuri-prediqt,industry,prediqt technologies,,gh:erf-model/erf
kuosea,unknown,,,"gh:e2niee/pandapower,gh:natlabrockies/pysam,gh:natlabrockies/sam,gh:oemof/oemof-solph,gh:pypsa/pypsa,gh:tum-ens/urbs"
kurbansitterley,unknown,,,gh:natlabrockies/pysam
kurt-rhee,industry,,,"gh:natlabrockies/pysam,gh:natlabrockies/sam"
kuuyee,professional,"Xin Neng Yuan , Ling Tan , Lu Se Jiao Tong ",CHN,"gh:curent/andes,gh:e2niee/pandapower"
kuzha,academic,ecole de technologie superieure,CAN,gh:pnnl/tesp
kyleniemeyer,academic,oregon state university,USA,gh:assume-framework/assume
kyleniemeyer,academic,oregon state university,USA,"gl:dlr-ve/esy/amiris/amiris,gl:fame-framework/fame-core"
kyumcu,unknown,,,"gh:curent/andes,gh:nrel-sienna/powersimulationsdynamics.jl"
kziemski,professional,qcompute,USA,gh:powergridmodel/power-grid-model
l-kotzur,professional,independent consultant,DEU,"gh:fzj-iek3-vsa/fine,gh:oemof/oemof-solph,gh:pypsa/pypsa"
l-welder,professional,climate analytics,DEU,gh:fzj-iek3-vsa/fine
l1605104148-hue,unknown,,,gh:natlabrockies/hopp
l3miage-pichouda,unknown,,,gh:roseautechnologies/roseau_load_flow
labothap,academic,university of liege,,gh:energy-modelling-toolkit/dispa-set
labrahams,unknown,,,gh:emlab/emlab-generation
labtainer,unknown,,,gh:akkudoktor-eos/eos
lacknc,unknown,,,gh:curent/andes
ladidadida,unknown,,,gh:akkudoktor-eos/eos
lalajiayou,unknown,,,"gh:anl-ceeesa/unitcommitment.jl,gh:critical-infrastructure-systems-lab/pownet,gh:curent/andes,gh:electa-git/flexplan.jl,gh:energy-modelling-toolkit/dispa-set,gh:pypsa/pypsa,gh:sanpen/veragrid,gh:sogno-platform/dpsim"
lalala02-616,academic,china,CHN,gh:grid2op/grid2op
lalyko,unknown,,DEU,gh:akkudoktor-eos/eos
lamemate,academic,freie universitat berlin,DEU,gh:akkudoktor-eos/eos
lamorton,industry,zap energy inc,USA,gh:breakthrough-energy/reise.jl
lanesmith,academic,stanford university,USA,"gh:breakthrough-energy/reise.jl,gh:genxproject/genx.jl"
langestefan,industry,,NLD,"gh:juliaenergy/powerdynamics.jl,gh:lanl-ansi/powermodels.jl,gh:nrel-sienna/powersimulationsdynamics.jl,gh:tulipaenergy/tulipaenergymodel.jl"
lanwin,professional,landaumedia,DEU,gh:akkudoktor-eos/eos
laotan-666,unknown,,,"gh:akkudoktor-eos/eos,gh:epgoxford/open,gh:natlabrockies/sam"
lapersanc,academic,icta-uab,ESP,gh:calliope-project/calliope
lararou,unknown,,,"gh:ie3-institute/powersystemdatamodel,gh:ie3-institute/simona"
larenspear,research,pacific northwest national laboratory,USA,gh:erf-model/erf
larkoe,unknown,,,gh:akkudoktor-eos/eos
larleth,unknown,,,gh:akkudoktor-eos/eos
larsrinn,unknown,,,"gh:natlabrockies/pysam,gh:pypsa/pypsa,gh:tum-ens/urbs"
lassediercks,professional,independent,DEU,gh:akkudoktor-eos/eos
lau-arias,unknown,,DEU,"gh:fabmid/open-energy-cell-simulation,gh:iit-energysystemmodels/opentepes,gh:oemof/oemof-solph"
laumek,academic,,GBR,"gh:breakthrough-energy/reise.jl,gh:fraukewiese/renpass"
lauraahwa,unknown,,,gh:genxproject/genx.jl
laurenceandrews,industry,,GBR,"gh:calliope-project/calliope,gh:oemof/oemof-solph,gh:pypsa/pypsa"
laurent-laporte-pro,industry,,FRA,gh:antaressimulatorteam/antares_simulator
laurin-kraemer,academic,,CHE,"gh:oemof/oemof-solph,gh:rl-institut/multi-vector-simulator"
lavdrimpom,unknown,,,gh:akkudoktor-eos/eos
lavi-16,unknown,,,gh:akkudoktor-eos/eos
lawitschka,professional,informedtechnologies,DEU,gh:akkudoktor-eos/eos
lawrenceccheung,unknown,,,gh:erf-model/erf
lawrencehui,industry,,GBR,gh:epgoxford/open
layonmeli,unknown,,,gh:drafproject/draf
lazcamus,professional,camusenergy,,gh:natlabrockies/pysam
lazydancer,industry,wattsworth analysis inc,CAN,"gh:e2niee/pandapower,gh:pypsa/pypsa,gh:rwl/pypower,gh:sanpen/veragrid"
lb970006,unknown,,,gh:pielube/messpy
lbandqbx,unknown,,,gh:curent/andes
lbianchi-lbl,research,lawrence berkeley national laboratory,USA,"gh:gmlc-dispatches/dispatches,gh:grid-parity-exchange/egret"
lblabr,unknown,,,gh:calliope-project/calliope
lbonaldo,academic,princeton university,USA,"gh:blue-marble/gridpath,gh:genxproject/genx.jl,gh:macroenergy/macroenergy.jl"
lcarasik,academic,virginia commonwealth university,USA,gh:idaholab/hybrid
lcford2,industry,,,gh:temoaproject/temoa
lchb000,unknown,,,"gh:etsap-times/times_model,gh:quintel/etmodel"
lclflash,unknown,,,"gh:mbheinen/bpa-ipf-tsp,gh:powergridmodel/power-grid-model,gh:pypsa/pypsa,gh:sogno-platform/dpsim,gh:thales1330/psp"
ldemattos,unknown,,,"gh:e2niee/pandapower,gh:natlabrockies/paraemt_public,gh:pypsa/pypsa,gh:sanpen/veragrid"
ldowen,unknown,,,gh:erf-model/erf
ldxib2,unknown,,,gl:dlr-ve/esy/amiris/amiris
learning-chip,unknown,,,"gh:breakthrough-energy/reise.jl,gh:curent/andes,gh:lanl-ansi/powermodels.jl,gh:pypsa/pypsa"
lebertbe,unknown,,,gh:rwl/pypower
leeguoqd,unknown,,,"gh:curent/andes,gh:e2niee/pandapower,gh:genxproject/genx.jl,gh:grid2op/grid2op,gh:powergridmodel/power-grid-model,gh:pypsa/pypsa,gh:sanpen/veragrid"
leeraiyan,unknown,,,"gh:dynawo/dynawo,gh:gridfm/gridfm-graphkit,gh:sanpen/veragrid"
lefang16,academic,,,"gh:curent/andes,gh:e2niee/pandapower,gh:lanl-ansi/powermodels.jl,gh:matpower/matpower,gh:nrel-sienna/powersimulations.jl,gh:nrel-sienna/powersimulationsdynamics.jl,gh:pypsa/pypsa,gh:rwl/pypower"
legendary0604,unknown,,,gh:curent/andes
legendenomgeorg,unknown,,DNK,gh:richard-weinhold/pomato
lehoangduc,industry,,VNM,gh:akkudoktor-eos/eos
leigao-ceee,unknown,,,"gh:calliope-project/calliope,gh:oemof/oemof-solph,gh:pypsa/pypsa,gh:temoaproject/temoa"
leiweke,unknown,,,gh:akkudoktor-eos/eos
leiwu84,unknown,,,"gh:e2niee/pandapower,gh:powergridmodel/power-grid-model"
lekic-aleksandra,unknown,,,gh:juliaenergy/powerdynamics.jl
lemonsource,academic,southeast university,CHN,"gh:etsap-times/times_model,gh:oemof/oemof-solph,gh:pypsa/pypsa,gh:rl-institut/multi-vector-simulator"
lensum,academic,"fraunhofer institute for environmental, safety, and energy technology umsicht",,gh:oemof/oemof-solph
leo-smi,professional,utfpr,BRA,"gh:natlabrockies/pysam,gh:natlabrockies/sam"
leoauri,unknown,,DEU,gh:adgefficiency/energy-py
leofab,industry,https://www.linkedin.com/company/93248823/,BRA,gh:rwl/pypower
leon558,professional,krieger it,,gh:akkudoktor-eos/eos
leonardgoeke,academic,eth zurich,,"gh:calliope-project/calliope,gh:juliaenergy/joulia.jl,gh:leonardgoeke/anymod.jl,gh:richard-weinhold/pomato"
leonardocarreras,academic,rwth aachen university,DEU,"gh:grid2op/grid2op,gh:sogno-platform/dpsim,gh:villasframework/node"
leoniewgnr,unknown,,,gh:natlabrockies/reopt_api
leonox,unknown,,DEU,gh:akkudoktor-eos/eos
leonscap,academic,zhejiang university,CHN,"gh:anl-ceeesa/unitcommitment.jl,gh:matpower/matpower,gh:pypsa/pypsa,gh:rwl/pypower"
leonstegmann,unknown,,,gh:akkudoktor-eos/eos
leopardracer,industry,,UKR,gh:calliope-project/calliope
leovsch,academic,tu/e,,gh:powergridmodel/power-grid-model
leroum,unknown,,,gh:oemof/oemof-solph
les-g-a,academic,mitei,USA,gh:genxproject/genx.jl
leskin,academic,,USA,gh:idaholab/hybrid
leticiasdrummond,professional,unicamp,BRA,gh:natlabrockies/sam
lewie,unknown,,,gh:akkudoktor-eos/eos
lewis-liu-99,unknown,,,gh:oemof/oemof-solph
leyalaoshan,unknown,,,gh:akkudoktor-eos/eos
leyetunji,unknown,,,"gh:oemof/oemof-solph,gh:rl-institut/multi-vector-simulator"
lf-energy-projects-renovation-state,industry,,DEU,"gh:powergridmodel/power-grid-model,gh:powsybl/powsybl-core,gh:powsybl/powsybl-open-loadflow,gh:powsybl/pypowsybl,gh:sogno-platform/dpsim"
lfthwjx,unknown,,,gh:akkudoktor-eos/eos
lgflorentino,industry,,AUS,"gh:juliaenergy/powerdynamics.jl,gh:matpower/matpower,gh:rwl/pypower"
lgoette,unknown,,DEU,gh:akkudoktor-eos/eos
lgtm-migrator,professional,github,,gh:oemof/oemof-solph
lhm0503,unknown,,,"gh:curent/andes,gh:e2niee/pandapower,gh:grid2op/grid2op,gh:pypsa/pypsa,gh:rwl/pypower"
lhof23,unknown,,,gh:ait-energy/iesopt.jl
lhw-kl,unknown,,,gh:mesmo-dev/mesmo
li100-atmocn,unknown,,,gh:erf-model/erf
liam-veitch,unknown,,GBR,gh:susantoj/pypower-dynamics
liangb612,unknown,,,gh:pielube/messpy
liangpeng190113,unknown,,,"gh:rwl/pypower,gh:sanpen/veragrid"
liaoyinan,unknown,,CHN,gh:curent/andes
libelle666,unknown,,,gh:akkudoktor-eos/eos
libertyx82,unknown,,DEU,gh:akkudoktor-eos/eos
liboshu,academic,peking university,THA,"gh:etsap-times/times_model,gh:iiasa/message_ix,gh:osemosys/osemosys"
licongren,unknown,,,gh:etsap-times/times_model
lidalei,industry,fareharbor,NLD,gh:powergridmodel/power-grid-model
lieblinger,unknown,,,gh:akkudoktor-eos/eos
lieyanhonghu,unknown,,,"gh:curent/andes,gh:e2niee/pandapower,gh:matpower/matpower,gh:openego/ego,gh:pypsa/pypsa,gh:rwl/pypower,gh:sanpen/veragrid"
lifa123,unknown,,CHN,"gh:behrangshirizadeh/eoles_elecres,gh:juliaenergy/powerdynamics.jl,gh:nrel-sienna/powersimulations.jl"
ligi,professional,ethereum,,gh:akkudoktor-eos/eos
lilabov,unknown,,,gh:akkudoktor-eos/eos
lilanger,academic,technical university of denmark,DNK,"gh:balmorelcommunity/balmorel,gh:spine-tools/spineopt.jl"
lilaohan2000,unknown,,,gh:upb-lea/electricgrid.jl
liliaferrouk,academic,university of grenoble alpes,FRA,gh:roseautechnologies/roseau_load_flow
lilyWuhan,industry,wuhan,CHN,gh:powergridmodel/power-grid-model
lin-mengya,unknown,,,gh:mesmo-dev/mesmo
lindachepngeno,unknown,,,gh:akkudoktor-eos/eos
lindnemi,academic,technische universitat berlin,DEU,"gh:juliaenergy/powerdynamics.jl,gh:oemof/oemof-solph,gh:pypsa/pypsa,gh:richard-weinhold/pomato"
lingkang95,academic,tu/e,,"gh:e2niee/pandapower,gh:powergridmodel/power-grid-model"
linmeng316,unknown,,,gh:curent/andes
linmumuzf,unknown,,,gh:adgefficiency/energy-py
lintongtale,unknown,,,"gh:ahalev/python-microgrid,gh:e2niee/pandapower,gh:grid2op/grid2op,gh:pypsa/pypsa,gh:rwl/pypower,gh:sanpen/veragrid"
linusng,unknown,,SGP,gh:akkudoktor-eos/eos
linyunfeng201203,unknown,,,"gh:e2niee/pandapower,gh:matpower/matpower,gh:nrel-sienna/powersimulations.jl,gh:nrel-sienna/powersimulationsdynamics.jl,gh:sogno-platform/dpsim,gh:thales1330/psp"
lion7p,unknown,,,gh:assume-framework/assume
lionking102,unknown,,,gh:akkudoktor-eos/eos
liqiangvip,unknown,,,gh:curent/andes
liquidhiter,professional,microchip,NOR,gh:curent/andes
lisb20,unknown,,,gh:rwl/pypower
litengmu,academic,tianjin university,CHN,"gh:anl-ceeesa/unitcommitment.jl,gh:curent/andes,gh:e2niee/pandapower,gh:energy-modelling-toolkit/dispa-set,gh:genxproject/genx.jl,gh:grid-parity-exchange/egret,gh:iit-energysystemmodels/opensduc,gh:lanl-ansi/powermodels.jl,gh:matpower/matpower,gh:nrel-sienna/powersimulationsdynamics.jl,gh:pnnl/exago,gh:pypsa/pypsa"
litithio,unknown,,,gh:akkudoktor-eos/eos
litotes18,unknown,,,"gl:dlr-ve/esy/amiris/amiris,gl:fame-framework/fame-core"
littlesTong,unknown,,,gh:eiagov/bluesky
liu2bao,unknown,,,gh:susantoj/pypower-dynamics
liu3p,unknown,,,gh:tulipaenergy/tulipaenergymodel.jl
liu4113231988,unknown,,,gh:akkudoktor-eos/eos
liudaizong,academic,wuhan university,CHN,gh:adgefficiency/energy-py
liudger,industry,liudimation,NLD,gh:akkudoktor-eos/eos
liujacklucky-art,unknown,,,gh:curent/andes
liushaohuai5,unknown,,,"gh:grid2op/grid2op,gh:rwl/pypower"
liushmh,unknown,,,gh:akkudoktor-eos/eos
liushuaikasumi,unknown,,,gh:natlabrockies/reopt_api
liuwa666,unknown,,,"gh:juliaenergy/powerdynamics.jl,gh:nrel-sienna/powersimulations.jl,gh:nrel-sienna/powersimulationsdynamics.jl,gh:upb-lea/electricgrid.jl"
liuxuan-scut,unknown,,,gh:derrickoswald/cimapplication
liuygnb123,academic,south china university of technology,,gh:calliope-project/calliope
livhendx,unknown,,,gh:oemof/oemof-solph
lixiangk1,unknown,,,gh:natlabrockies/reopt.jl
lixiao00093,unknown,,,"gh:curent/andes,gh:nrel-sienna/powersimulationsdynamics.jl"
lixinyue-luna,unknown,,,"gh:adgefficiency/energy-py,gh:energy-modelling-toolkit/dispa-set,gh:marvinler/pypownet,gh:nreca-bts/omf,gh:pypsa/pypsa,gh:rwl/pypower,gh:sanpen/veragrid"
liyangw6,unknown,,,gh:e3-/resolve
liyifu93,industry,microsoft,USA,"gh:e2niee/pandapower,gh:grid-parity-exchange/egret,gh:grid2op/grid2op,gh:gridoptics/gridpack,gh:matpower/matpower,gh:mzy2240/esa,gh:natlabrockies/reeds-2.0,gh:openipsl/openipsl,gh:pnnl/exago,gh:rwl/pypower"
liyimin596,unknown,,,"gh:curent/andes,gh:sanpen/veragrid"
lizhangwen1024,unknown,,,"gh:adamgreenhall/minpower,gh:rwl/pypower,gh:susantoj/pypower-dynamics"
lizhizhou,professional,morgan stanley,CHN,"gh:pypsa/pypsa,gh:rwl/pypower"
lizzz766,academic,tsinghua university,CHN,"gh:future-power-networks/simplus-grid-tool,gh:juliaenergy/powerdynamics.jl,gh:matpower/matpower,gh:nrel-sienna/powersimulationsdynamics.jl"
lkbsys,unknown,,,gh:oemof/oemof-solph
lkkinetic,unknown,,,gh:slacgismo/tess
lks-hrsch,industry,develappersgmbh,DEU,gh:akkudoktor-eos/eos
lkwg82,professional,db systel,DEU,gh:akkudoktor-eos/eos
ll-ara,unknown,,,gh:spine-tools/spineopt.jl
lleboulleux,professional,institut de planetologie et d'astrophysique de grenoble (ipag),FRA,gh:roseautechnologies/roseau_load_flow
llenroc,industry,,EST,gh:natlabrockies/paraemt_public
llnl,government,,USA,gh:erf-model/erf
lmbringas,academic,sytex,ARG,gh:natlabrockies/reopt_api
lmilletb,unknown,,DEU,gh:oemof/oemof-solph
lmmx,unknown,,GBR,gh:calliope-project/calliope
lnksz,industry,efr-gmbh,,"gh:tum-ens/rivus,gh:tum-ens/urbs"
loanpal-engineering,unknown,,,"gh:natlabrockies/pysam,gh:natlabrockies/sam"
lochotzke,unknown,,,gh:akkudoktor-eos/eos
loderb,unknown,,,gh:openipsl/openipsl
loeffko,academic,technical university of berlin,DEU,gh:lukasbarner/hydrogenmod.jl
logankilpatrick,industry,google,,gh:juliaenergy/powerdynamics.jl
logictao,unknown,,,gh:akkudoktor-eos/eos
loisdml,unknown,,,gh:erf-model/erf
loisdmln,unknown,,,gh:erf-model/erf
lokesh-edge,professional,theedgehq,,"gh:arras-energy/gridlabd,gh:curent/andes,gh:dynawo/dynawo,gh:gridoptics/gridpack,gh:matpower/matpower,gh:nrel-sienna/powersimulations.jl,gh:nrel-sienna/powersimulationsdynamics.jl,gh:powsybl/powsybl-open-loadflow"
lola1989,professional,,USA,gh:natlabrockies/pysam
loliverio,unknown,,,gh:genxproject/genx.jl
lolow,academic,,PRT,"gh:balmorelcommunity/balmorel,gh:behrangshirizadeh/eoles_elecres,gh:etsap-times/times_model,gh:macroenergy/macroenergy.jl,gh:optimal2050/energyrt,gh:osemosys/osemosys,gh:pypsa/pypsa,gh:quintel/etmodel,gh:sei-international/nemomod.jl,gh:switch-model/switch,gh:temoaproject/temoa"
lonaparte,unknown,,,gh:powergridmodel/power-grid-model
longchangkai666-lab,unknown,,,gh:curent/andes
longlevan,professional,cenaero,BEL,gh:oemof/oemof-solph
longlimin,unknown,,,"gh:genxproject/genx.jl,gh:pypsa/pypsa"
looksgood,professional,alibaba,CHN,gh:rwl/pypower
loongmxbt,academic,starsoul science&technology,,"gh:adamgreenhall/minpower,gh:akkudoktor-eos/eos,gh:ames-market/psst,gh:anl-ceeesa/unitcommitment.jl,gh:assume-framework/assume,gh:calliope-project/calliope,gh:chengts95/rustpower,gh:critical-infrastructure-systems-lab/pownet,gh:curent/andes,gh:e2niee/pandapower,gh:energy-modelling-toolkit/dispa-set,gh:fzj-iek3-vsa/fine,gh:grid-parity-exchange/egret,gh:juliaenergy/powerdynamics.jl,gh:lanl-ansi/powermodels.jl,gh:lkruitwagen/global-fossil-fuel-supply-chain,gh:nrel-sienna/powersimulations.jl,gh:oemof/oemof-solph,gh:openego/ego,gh:pypsa/pypsa,gh:richard-weinhold/pomato,gh:sanpen/veragrid,gh:sogno-platform/dpsim,gh:spine-tools/spineopt.jl,gh:switch-model/switch,gh:tulipaenergy/tulipaenergymodel.jl,gh:tum-ens/urbs,gh:unsw-ceem/nempy"
lorberi,unknown,,,gh:akkudoktor-eos/eos
lord-william,unknown,,,gh:oemof/oemof-solph
lordleoo,unknown,,,"gh:matpower/matpower,gh:matpower/most"
lorenzleutgeb,academic,max planck institute for informatics,,gh:akkudoktor-eos/eos
lorenzopilotti,unknown,,,"gh:fzj-iek3-vsa/fine,gh:grid-parity-exchange/egret,gh:microgridspy/microgridspy"
loric2008,unknown,,,"gh:e2niee/pandapower,gh:matpower/matpower,gh:pypsa/pypsa,gh:sanpen/veragrid"
lotia,unknown,,,gh:curent/andes
lottekremer,unknown,,,gh:tulipaenergy/tulipaenergymodel.jl
louipa,academic,"engineering student, imt atlantique",FRA,gh:akkudoktor-eos/eos
louischaman,unknown,,,gh:calliope-project/calliope
louispt1,unknown,,,"gh:quintel/etengine,gh:quintel/etmodel,gh:quintel/pyetm"
louisyuan2411,unknown,,,gh:openipsl/openipsl
lovinduw,unknown,,,gh:fzj-iek3-vsa/fine
lpcacho,unknown,,,gh:calliope-project/calliope
lpleipeng,unknown,,,gh:akkudoktor-eos/eos
lpmi-13,unknown,,,gh:emlab/emlab-generation
lrecknagel,professional,ampeersenergy,DEU,"gh:calliope-project/calliope,gh:osemosys/osemosys,gh:pypsa/pypsa"
lroald,academic,uw madison,,"gh:lanl-ansi/powermodels.jl,gh:lanl-ansi/powermodelsannex.jl"
lschmeling,utility,lupix energy,DEU,gh:oemof/oemof-solph
lsindoni,unknown,,,"gh:lanl-ansi/powermodels.jl,gh:lanl-ansi/powermodelsannex.jl"
lsmithiv,unknown,,,gh:breakthrough-energy/reise.jl
lsoucasse,professional,imec,BEL,gh:tulipaenergy/tulipaenergymodel.jl
lsq642036192,unknown,,,"gh:e2niee/pandapower,gh:pypsa/pypsa,gh:richard-weinhold/pomato"
lsqzero,unknown,,,gh:curent/andes
lthurner,industry,retoflow gmbh,DEU,"gh:e2niee/pandapower,gh:lanl-ansi/powermodels.jl,gh:matpower/matpower,gh:powergridmodel/power-grid-model,gh:rwl/pypower"
ltong4867,industry,clexerl technologies,,gh:akkudoktor-eos/eos
lu-ter,professional,deutsches biomasseforschungszentrum,DEU,gh:oemof/oemof-solph
lu-ter,unknown,,,gl:dlr-ve/esy/amiris/amiris
luap-pik,academic,,DEU,"gh:curent/andes,gh:juliaenergy/powerdynamics.jl,gh:lanl-ansi/powermodels.jl,gh:sanpen/veragrid"
lubaiying,unknown,,,gh:roseautechnologies/roseau_load_flow
luca827,unknown,,,"gh:curent/andes,gh:e2niee/pandapower,gh:pypsa/pypsa"
lucaNicoli88,unknown,,,gh:tum-ewk/ficus
lucamungo,academic,,ITA,"gh:assume-framework/assume,gh:eiagov/bluesky,gh:genxproject/genx.jl,gh:lanl-ansi/powermodels.jl"
lucanus42,unknown,,,gh:akkudoktor-eos/eos
lucarammel,academic,artelys,FRA,"gh:antaressimulatorteam/antares_simulator,gh:powsybl/pypowsybl,gh:pypsa/pypsa"
lucas-vivier,financial,cired,FRA,"gh:csenkpiel/inve2st,gh:energy-modelling-toolkit/dispa-set,gh:esmap-world-bank-group/epm"
lucasgautheron,academic,university of missouri,USA,"gh:antaressimulatorteam/antares_simulator,gh:nrel-sienna/powersimulations.jl"
lucasschn,academic,uc3m,ESP,gh:oemof/oemof-solph
lucassm,academic,federal university of ceara,BRA,"gh:adamgreenhall/minpower,gh:akkudoktor-eos/eos,gh:antaressimulatorteam/antares_simulator,gh:blue-marble/gridpath,gh:calliope-project/calliope,gh:curent/andes,gh:dss-extensions/dss_capi,gh:dynawo/dynawo,gh:e2niee/pandapower,gh:electa-git/flexplan.jl,gh:energy-modelling-toolkit/dispa-set,gh:epri-dev/opender,gh:epri-dev/opendss-c,gh:lanl-ansi/powermodels.jl,gh:lanl-ansi/powermodelsannex.jl,gh:matpower/matpower,gh:natlabrockies/paraemt_public,gh:oemof/oemof-solph,gh:openego/edisgo,gh:pnnl/tesp,gh:powergridmodel/power-grid-model,gh:powsybl/powsybl-core,gh:pypsa/pypsa,gh:richard-weinhold/pomato,gh:rwl/pypower,gh:sanpen/veragrid,gh:sogno-platform/dpsim,gh:thales1330/psp,gh:tum-ens/urbs"
lucky2k12,unknown,,DEU,gh:akkudoktor-eos/eos
luckypackets,unknown,,,gh:akkudoktor-eos/eos
luckyrain6666,unknown,,,"gh:idaholab/heron,gh:idaholab/hybrid"
ludovice0316,unknown,,,gh:curent/andes
luenti,unknown,,,gh:akkudoktor-eos/eos
luetha,professional,cbs,DNK,gh:juliaenergy/joulia.jl
lufreju,unknown,,,gh:akkudoktor-eos/eos
luistrebejo,professional,enersur,PER,gh:rwl/pypower
luitner,unknown,,,gh:akkudoktor-eos/eos
lujasone,unknown,,CHN,"gh:anl-ceeesa/unitcommitment.jl,gh:e2niee/pandapower,gh:grid-parity-exchange/egret,gh:grid2op/chronix2grid,gh:grid2op/grid2op,gh:gridoptics/gridpack"
lukas-rokka,unknown,,SWE,"gh:genxproject/genx.jl,gh:oemof/oemof-solph"
lukasSpo,industry,celebrate company gmbh,DEU,gh:oemof/oemof-solph
lukasmahr,unknown,,,gh:akkudoktor-eos/eos
lukasschirren,academic,imperial college london,,gh:pypsa/pypsa
luke-marshall,unknown,,,"gh:gh:adgefficiency/energy-py-linear,gh:bje-/nemo,gh:opencemorg/opencem"
lukereed,professional,res,USA,gh:natlabrockies/pysam
lukli,academic,ait austrian institute of technology,AUT,gh:ait-energy/iesopt.jl
luloenciso,industry,,ARG,gh:powergridmodel/power-grid-model
lulzzz,unknown,,,"gh:calliope-project/calliope,gh:nreca-bts/omf,gh:osemosys/osemosys,gh:switch-model/switch"
lurpi,professional,here and there,CHE,gh:oemof/oemof-solph
luthfianto,unknown,,IDN,"gh:energy-modelling-toolkit/dispa-set,gh:tum-ens/urbs"
luwgithub,unknown,,,gh:genxproject/genx.jl
luyajie,unknown,,,gh:curent/andes
lvandepaer,unknown,,,gh:etsap-times/times_model
lvanfretti,academic,"rensselaer polytechnic institute, alsetlab, openipsl",USA,"gh:adamgreenhall/minpower,gh:idaholab/hybrid,gh:lanl-ansi/powermodels.jl,gh:openipsl/openipsl,gh:rwl/pypower,gh:sanpen/veragrid"
lvorspel,academic,fraunhofer ifam,DEU,"gh:lvorspel/digripy,gh:oemof/oemof-solph"
lwshalls,unknown,,,"gh:genxproject/genx.jl,gh:nrel-sienna/powersimulations.jl"
lww6666,unknown,,,gh:rwl/pypower
lxlsygc,academic,university of glasgow,GBR,gh:oemof/oemof-solph
lyh910926,unknown,,,gh:vub-hydr/revub
lymereJ,research,pacific northwest national laboratory,FRA,gh:oemof/oemof-solph
lynncal,unknown,,,gh:natlabrockies/pysam
lyone0,unknown,,,gh:curent/andes
lyonsv,industry,built software,,gh:adgefficiency/energy-py
lyquentxy,unknown,,,gh:oemof/oemof-solph
lyraSchiffer,unknown,,,gh:oemof/oemof-solph
lyunhe,academic,tsinghua university,CHN,"gh:anl-ceeesa/unitcommitment.jl,gh:lanl-ansi/powermodels.jl,gh:rwl/pypower"
lzheng28,unknown,,,gh:gridoptics/gridpack
lzlzlzbuaa,unknown,,,gh:etsap-times/times_model
lzq-zbc,utility,,,"gh:lanl-ansi/powermodels.jl,gh:matpower/matpower,gh:rwl/pypower"
m-beshara,academic,johns hopkins university,USA,gh:erf-model/erf
m-dandrea,government,danish energy agency,DNK,"gh:balmorelcommunity/balmorel,gh:etsap-times/times_model"
m-gaster,academic,,,gh:onsset/onsset
m-mirz,unknown,,,"gh:powergridmodel/power-grid-model,gh:rwl/pypower,gh:sanpen/veragrid,gh:sogno-platform/dpsim,gh:villasframework/node"
m-staggenborg,unknown,,,gh:fzj-iek3-vsa/fine
m-wo,unknown,,,gh:akkudoktor-eos/eos
m0028,industry,b28,not found,gh:akkudoktor-eos/eos
m00nsome,unknown,,,gh:akkudoktor-eos/eos
m00o00site,unknown,,,gh:akkudoktor-eos/eos
m1muralid,unknown,,,"gh:nlr-distribution-suite/erad,gh:nrel-sienna/powersystemsinvestments.jl"
m2cci-ficota,unknown,,,gh:roseautechnologies/roseau_load_flow
m3y3l,unknown,,,gh:adgefficiency/energy-py
m4rz910,unknown,,,"gh:blue-marble/gridpath,gh:eiagov/bluesky,gh:genxproject/genx.jl,gh:natlabrockies/pras,gh:natlabrockies/reeds-2.0,gh:natlabrockies/sam,gh:nrel-sienna/powersimulations.jl,gh:pypsa/pypsa,gh:temoaproject/temoa"
m7r,unknown,,DEU,gh:akkudoktor-eos/eos
mPnd4ve3xZtwV,unknown,,,gh:akkudoktor-eos/eos
maaikeelgersma,unknown,,,gh:tulipaenergy/tulipaenergymodel.jl
mab-wien,unknown,,AUT,gh:akkudoktor-eos/eos
maber43,unknown,,,gh:tum-ens/rivus
mabijkerk,professional,quintel,NLD,"gh:quintel/etengine,gh:quintel/etmodel,gh:quintel/pyetm"
mabra94,unknown,,DEU,gh:akkudoktor-eos/eos
macher627,unknown,,,gh:akkudoktor-eos/eos
macroenergy,utility,,USA,gh:genxproject/genx.jl
madalsa,academic,,,"gh:calliope-project/calliope,gh:switch-model/switch"
maddievsdata,unknown,,,gh:gmlc-dispatches/dispatches
madebor,unknown,,,gh:akkudoktor-eos/eos
madebyTimo,unknown,,DEU,gh:akkudoktor-eos/eos
madiko,industry,madiko,DEU,gh:akkudoktor-eos/eos
madmarf,unknown,,,gh:akkudoktor-eos/eos
madoci,unknown,,,gh:roseautechnologies/roseau_load_flow
madsters,academic,,AUS,gh:curent/andes
maeg12,unknown,,,gh:derrickoswald/cimapplication
maggieandmickey0516-cmyk,unknown,,,gh:rwl/pypower
maguilerac,unknown,,,gh:openipsl/openipsl
magzmag,unknown,,,"gh:nlr-distribution-suite/erad,gh:pnnl/tesp"
mahak92,unknown,,,gh:juliaenergy/powerdynamics.jl
mahekpatel0704,academic,,,gh:gmlc-dispatches/dispatches
mahendrark,academic,reiner lemoine institute,,"gh:calliope-project/calliope,gh:energy-modelling-toolkit/dispa-set,gh:iiasa/message_ix,gh:iit-energysystemmodels/opentepes,gh:lanl-ansi/powermodels.jl,gh:nrel-sienna/powersimulationsdynamics.jl,gh:oemof/oemof-solph,gh:optimal2050/energyrt,gh:pypsa/pypsa,gh:rl-institut/multi-vector-simulator,gh:sanpen/veragrid"
mahmoud360-dot,unknown,,,"gh:curent/andes,gh:nrel-sienna/powersimulationsdynamics.jl"
mahmoudkandeel,industry,microsoft,EGY,gh:akkudoktor-eos/eos
maike93he,unknown,,,"gh:lanl-ansi/powermodels.jl,gh:lanl-ansi/powermodelsannex.jl,gh:openego/edisgo"
mainWenzel,unknown,,,gh:akkudoktor-eos/eos
maiqiumaker,unknown,,,gh:adgefficiency/energy-py
maitreyeemarathe,unknown,,,gh:lanl-ansi/powermodelsannex.jl
majkolaj,unknown,,,"gh:pypsa/pypsa,gh:rwl/pypower,gh:sanpen/veragrid,gh:susantoj/pypower-dynamics"
makdeuneuv,unknown,,FRA,gh:antaressimulatorteam/antares_simulator
malanx,unknown,,USA,gh:natlabrockies/sam
maleadt,professional,juliacomputing,BEL,gh:leonardgoeke/anymod.jl
malikmayank,unknown,,,gh:slacgismo/tess
mallouche,unknown,,,gh:erf-model/erf
malnambiar,academic,,,"gh:genxproject/genx.jl,gh:pypsa/pypsa"
malohm,unknown,,,gh:akkudoktor-eos/eos
malteA,unknown,,ETH,gh:akkudoktor-eos/eos
maltefritz,academic,flensburg university of applied sciences,DEU,gh:oemof/oemof-solph
maltelenz,unknown,,SWE,gh:openipsl/openipsl
maltenum,unknown,,,gh:akkudoktor-eos/eos
man-bear-pig,unknown,,,gh:rwl/pypower
manansheel1991,academic,,IND,gh:rwl/pypower
manarjar,unknown,,,gh:genxproject/genx.jl
manasdas17,academic,iit-bombay,,gh:dgusain1/energysim
mandykim1,unknown,,,gh:e3-/resolve
mandywal,unknown,,,gh:juliaenergy/powerdynamics.jl
manebel,unknown,,,gh:emlab/emlab-generation
manfredsteger,unknown,,DEU,gh:akkudoktor-eos/eos
mangecoeur,unknown,,,"gh:calliope-project/calliope,gh:lvorspel/digripy"
manhda-23,unknown,,,gh:oemof/oemof-solph
manoharp-vtu,unknown,,,"gh:iiasa/message_ix,gh:leonardgoeke/anymod.jl,gh:switch-model/switch"
manud99,unknown,,,gh:zen-universe/zen-garden
manuel-lang,industry,reasonance-gmbh,DEU,gh:juliaenergy/powerdynamics.jl
manueldevillena,unknown,,,gh:energy-modelling-toolkit/dispa-set
manuelkat,unknown,,,gh:assume-framework/assume
manuelma,utility,energy reform,,"gh:irena-flextool/flextool,gh:lanl-ansi/powermodels.jl,gh:spine-tools/spineopt.jl"
manuelmusngi,unknown,,,gh:assume-framework/assume
manuiunam,unknown,,,gh:oemof/oemof-solph
manuvarkey,academic,cpwd,IND,"gh:e2niee/pandapower,gh:manuvarkey/gelectrical,gh:powergridmodel/power-grid-model,gh:sanpen/veragrid"
manzapanza,industry,,GBR,gh:andrewlyden/pylesa
maoniyoumaoni,unknown,,,gh:curent/andes
maple-525,unknown,,,gh:energy-modelling-toolkit/dispa-set
mapr7,unknown,,,gh:zen-universe/zen-garden
maqingdawang,unknown,,,gh:susantoj/pypower-dynamics
mar6490,unknown,,,gh:oemof/oemof-solph
marbodko,unknown,,,"gh:curent/andes,gh:sogno-platform/dpsim"
marc9025,unknown,,,gh:akkudoktor-eos/eos
marcel-more,unknown,,DEU,gh:akkudoktor-eos/eos
marcelofcastro,unknown,,,"gh:openipsl/openipsl,gh:sanpen/veragrid"
marchdf,unknown,,,gh:erf-model/erf
marcmelliger,academic,repolicy,,gh:emlab/emlab-generation
marcnnn,unknown,,DEU,gh:akkudoktor-eos/eos
marco-de-pietri,academic,massachusetts institute of technology,USA,gh:oemof/oemof-solph
marcohald,unknown,,,gh:akkudoktor-eos/eos
marcolio,unknown,,,gh:natlabrockies/hopp
marcopinheiro,unknown,,,gh:adgefficiency/energy-py
marcor4,unknown,,,gh:electa-git/flexplan.jl
marcoraddatz,professional,empuxa,DEU,"gh:assume-framework/assume,gh:nreca-bts/omf"
marcos1394,unknown,,MEX,gh:akkudoktor-eos/eos
marcosfelt,industry,merck,,gh:andrewlyden/pylesa
marcovolpato00,unknown,,ITA,gh:akkudoktor-eos/eos
marcp-ops,unknown,,,gh:oemof/oemof-solph
marcus-maro,utility,proximal energy,USA,gh:natlabrockies/pysam
marcus-voss,academic,birds on mars,DEU,"gh:adgefficiency/energy-py,gh:e2niee/pandapower,gh:tum-ens/urbs"
marcusjwilliams,unknown,,,gh:calliope-project/calliope
marcussc,unknown,,DEU,gh:akkudoktor-eos/eos
marcvanraalte,unknown,,,gh:powergridmodel/power-grid-model
margot03,unknown,,,gh:genxproject/genx.jl
marhofmann,academic,thm -technische hochschule mittelhessen,DEU,"gh:e2niee/pandapower,gh:oemof/oemof-solph"
marient,government,,USA,gh:erf-model/erf
marijacveevska,academic,,NLD,"gh:calliope-project/calliope,gh:pypsa/pypsa"
mario-jerkovic,utility,toming-energy,HRV,gh:akkudoktor-eos/eos
marioap7,unknown,,,gh:natlabrockies/paraemt_public
marioclassen,unknown,,,gh:akkudoktor-eos/eos
marioconforti,professional,nhp,ITA,gh:pielube/messpy
mariohsouto,unknown,,CAN,"gh:genxproject/genx.jl,gh:lanl-ansi/powermodels.jl,gh:nrel-sienna/powersimulations.jl,gh:nrel-sienna/powersimulationsdynamics.jl"
mariok90,unknown,,,"gh:juliaenergy/joulia.jl,gh:leonardgoeke/anymod.jl,gh:richard-weinhold/pomato"
marionsnijders,unknown,,,gh:powergridmodel/power-grid-model
mariusbiller,unknown,,,gh:akkudoktor-eos/eos
mariusrugan,industry,lluminarr,,gh:akkudoktor-eos/eos
mariya-koleva,unknown,,,"gh:natlabrockies/h2integrate,gh:natlabrockies/hopp,gh:natlabrockies/rodeo"
mark-boer,industry,spheer.ai,NLD,gh:powergridmodel/power-grid-model
mark-sch,industry,think5 gmbh,DEU,gh:akkudoktor-eos/eos
markatk,industry,,DEU,gh:villasframework/node
markusfeyhsunrun,unknown,,,"gh:natlabrockies/pysam,gh:natlabrockies/sam"
markwagy,unknown,,,gh:mesmo-dev/mesmo
marlinarnz,unknown,,,gh:leonardgoeke/anymod.jl
marmer1,unknown,,,gh:akkudoktor-eos/eos
marmikreal,industry,,,gh:natlabrockies/hopp
marnoldus,unknown,,,gh:tulipaenergy/tulipaenergymodel.jl
marpellan,academic,ciraig,,"gh:oemof/oemof-solph,gh:osemosys/osemosys"
mars96,unknown,,,gh:akkudoktor-eos/eos
marschallphilipp,unknown,,,gh:akkudoktor-eos/eos
martacki,professional,open energy transition,DEU,"gh:calliope-project/calliope,gh:pypsa/pypsa"
martenfese,unknown,,,gh:spf-ost/optihood
martimfj,unknown,,BRA,"gh:calliope-project/calliope,gh:pypsa/pypsa"
martin-endress,unknown,,,gh:akkudoktor-eos/eos
martin-ruedisueli,professional,empa,CHE,gh:oemof/oemof-solph
martincornejo,unknown,,,"gh:e2niee/pandapower,gh:juliaenergy/powerdynamics.jl,gh:lanl-ansi/powermodels.jl,gh:matpower/matpower,gh:mesmo-dev/mesmo,gh:nrel-sienna/powersimulations.jl,gh:nrel-sienna/powersimulationsdynamics.jl,gh:openego/edisgo,gh:tum-ens/urbs"
martinharder,unknown,,DEU,gh:akkudoktor-eos/eos
martinhjel,unknown,,NOR,"gh:genxproject/genx.jl,gh:pypsa/pypsa"
martinkittel,unknown,,,gl:diw-evu/dieter_public/dieterpy
martinkittel,unknown,,,gh:tum-ens/urbs
martinmestre,professional,"ialp (conicet-unlp), fcaglp",ARG,gh:spine-tools/spineopt.jl
martinmoraga,unknown,,DEU,"gh:curent/andes,gh:dynawo/dynawo,gh:matpower/matpower,gh:pypsa/pypsa,gh:sogno-platform/dpsim,gh:susantoj/pypower-dynamics"
martinscripts,unknown,,,"gh:dynawo/dynawo,gh:upb-lea/electricgrid.jl"
martinstringer,unknown,,,"gh:energysystemsmodellinglab/muse2,gh:energysystemsmodellinglab/muse_os"
marto12,unknown,,AUS,"gh:etsap-times/times_model,gh:genxproject/genx.jl,gh:iiasa/message_ix,gh:leonardgoeke/anymod.jl,gh:opencemorg/opencem,gh:optimal2050/energyrt,gh:osemosys/osemosys,gh:pypsa/pypsa,gh:sei-international/nemomod.jl,gh:spine-tools/spineopt.jl,gh:temoaproject/temoa,gh:tulipaenergy/tulipaenergymodel.jl,gh:tum-ens/urbs,gh:youngfaithful/capacityexpansion.jl"
marvin6197,industry,edag engineering gmbh,DEU,gh:akkudoktor-eos/eos
marvinheintze,unknown,,,"gh:ie3-institute/powersystemdatamodel,gh:ie3-institute/simona"
marvinklimke,professional,bmw group,,gh:villasframework/node
marx-nick,unknown,,,gh:assume-framework/assume
maryfrancis-swint,unknown,,,gh:energyinnovation/eps-us
masaryk,professional,tradivis s.r.o.,SVK,gh:energy-modelling-toolkit/dispa-set
maschari,unknown,,,gh:oemof/oemof-solph
maseb24,unknown,,,gh:akkudoktor-eos/eos
masoninman,unknown,,USA,"gh:oemof/oemof-solph,gh:pypsa/pypsa,gh:switch-model/switch"
masonlee277,academic,brown university / nasa / pluto / stealth,USA,gh:erf-model/erf
masoudm94,unknown,,,gh:oemof/oemof-solph
mastermaeg,unknown,,,gh:derrickoswald/cimapplication
masterwxj,unknown,,,gh:rwl/pypower
mat-ej,unknown,,CZE,gh:slacgismo/tess
mat9922,unknown,,,gh:akkudoktor-eos/eos
matbossSG,unknown,,,gh:antaressimulatorteam/antares_simulator
matheusduartedm,industry,enlite-ai,,"gh:curent/andes,gh:e2niee/pandapower,gh:grid2op/chronix2grid,gh:grid2op/grid2op,gh:lanl-ansi/powermodels.jl,gh:matpower/matpower,gh:powsybl/powsybl-core,gh:psrenergy/sddpdso.jl,gh:pypsa/pypsa,gh:sanpen/veragrid"
mathieuroques,professional,giskard,,"gh:antaressimulatorteam/antares_simulator,gh:blue-marble/gridpath,gh:critical-infrastructure-systems-lab/pownet,gh:etsap-times/times_model,gh:irena-flextool/flextool,gh:osemosys/osemosys,gh:pypsa/pypsa,gh:sanpen/veragrid"
mathildebadoual,academic,university of california berkeley,USA,"gh:ames-market/psst,gh:ancillaryservicesacquisitionmodel/asam,gh:e2niee/pandapower,gh:pypsa/pypsa,gh:rwl/pypower,gh:sanpen/veragrid"
mati3230,academic,https://hs-duesseldorf.de,DEU,gh:adgefficiency/energy-py
matiasCEN,industry,coordinador electrico nacional,CHL,"gh:dynawo/dynawo,gh:natlabrockies/paraemt_public,gh:openipsl/openipsl"
matijaosmosian,unknown,,,gh:antaressimulatorteam/antares_simulator
matrica-support,unknown,,,gh:assume-framework/assume
matspi,professional,farisoftware,DEU,gh:akkudoktor-eos/eos
matsui54,unknown,,JPN,"gh:juliaenergy/powerdynamics.jl,gh:nrel-sienna/powersimulations.jl,gh:nrel-sienna/powersimulationsdynamics.jl,gh:pypsa/pypsa"
matt-wyatt-e3,unknown,,,gh:e3-/resolve
matteo-nicoli,academic,politecnico di torino,ITA,"gh:calliope-project/calliope,gh:temoaproject/temoa"
matteodefelice,financial,rabobank,NLD,"gh:gh:adgefficiency/energy-py-linear,gh:antaressimulatorteam/antares_simulator,gh:critical-infrastructure-systems-lab/pownet,gh:e2niee/pandapower,gh:energy-modelling-toolkit/dispa-set,gh:fraukewiese/renpass,gh:genxproject/genx.jl,gh:oemof/oemof-solph,gh:pypsa/pypsa,gh:sanpen/veragrid,gh:temoaproject/temoa,gh:tum-ens/urbs,gh:vub-hydr/revub"
matteorossini,academic,ku leuven | etch (energyville),BEL,"gh:electa-git/flexplan.jl,gh:lanl-ansi/powermodels.jl"
matthewfivenine,unknown,,,"gh:e2niee/pandapower,gh:juliaenergy/powerdynamics.jl,gh:lanl-ansi/powermodels.jl,gh:matpower/matpower,gh:nrel-sienna/powersimulations.jl,gh:nrel-sienna/powersimulationsdynamics.jl,gh:pypsa/pypsa,gh:sanpen/veragrid"
matthewmar10,unknown,,,gh:natlabrockies/pysam
matthewtwyman,unknown,,,gh:energyinnovation/eps-us
matthiasnowak,unknown,,,gh:villasframework/node
matthiasschardt,industry,siemens,DEU,gh:akkudoktor-eos/eos
matthieu-str,academic,polytechnique montreal,CAN,"gh:energyscope/energyscope,gh:pypsa/pypsa"
matthieusirius,unknown,,,gh:assume-framework/assume
mattintin,unknown,,,gh:leonardgoeke/anymod.jl
mattirish,industry,"our next energy, inc.",USA,"gh:genxproject/genx.jl,gh:grid-parity-exchange/egret,gh:natlabrockies/hopp,gh:natlabrockies/hybridbosse,gh:natlabrockies/pras,gh:nrel-sienna/powersimulations.jl,gh:spine-tools/spineopt.jl,gh:switch-model/switch"
mattjirvin,utility,maplewell energy,USA,"gh:e2niee/pandapower,gh:matpower/matpower,gh:natlabrockies/pysam,gh:natlabrockies/sam"
mattldawson,unknown,,USA,gh:erf-model/erf
mattlorimor,industry,chainguard-dev,USA,gh:antaressimulatorteam/antares_simulator
mattmeye,unknown,,DEU,gh:akkudoktor-eos/eos
matvanbeek,academic,"fraunhofer institute for environmental, safety and energy technology umsicht",DEU,gh:oemof/oemof-solph
matx104,industry,sociris,PAK,gh:akkudoktor-eos/eos
matzech,unknown,,,"gh:energy-modelling-toolkit/dispa-set,gh:pypsa/pypsa"
maumilk,unknown,,,"gh:anl-ceeesa/unitcommitment.jl,gh:critical-infrastructure-systems-lab/pownet,gh:energy-modelling-toolkit/dispa-set,gh:pypsa/pypsa"
maurerle,academic,university of applied sciences aachen,DEU,"gh:antaressimulatorteam/antares_simulator,gh:assume-framework/assume,gh:bje-/nemo,gh:calliope-project/calliope,gh:e2niee/pandapower,gh:fzj-iek3-vsa/fine,gh:ie3-institute/powersystemdatamodel,gh:oemof/oemof-solph,gh:pypsa/pypsa,gh:richard-weinhold/pomato"
maurerle,industry,fh-aachen,DEU,gl:dlr-ve/esy/amiris/amiris
mauro-gs,unknown,,,gh:tulipaenergy/tulipaenergymodel.jl
mavelec2010,unknown,,,gh:rwl/pypower
max-privato,academic,university of pisa,,gh:openipsl/openipsl
max-schenke,academic,paderborn university,DEU,gh:upb-lea/electricgrid.jl
max-steen,unknown,,,gh:zen-universe/zen-garden
max310896,unknown,,,gh:akkudoktor-eos/eos
maxhellwig,unknown,,,gh:akkudoktor-eos/eos
maximilian-hoffmann,unknown,,,"gh:fzj-iek3-vsa/fine,gh:zen-universe/zen-garden"
maximizzar,industry,hs-fulda,DEU,gh:akkudoktor-eos/eos
maxmilarvie,unknown,,,gh:natlabrockies/hopp
maxmnemonic,professional,ibm,,gh:gridfm/gridfm-graphkit
maxrausch,unknown,,,"gh:akkudoktor-eos/eos,gh:e2niee/pandapower,gh:eiagov/bluesky,gh:grid-parity-exchange/egret,gh:matpower/matpower,gh:mzy2240/esa,gh:natlabrockies/reeds-2.0,gh:nrel-sienna/powersimulations.jl,gh:nrel-sienna/powersimulationsdynamics.jl,gh:osemosys/osemosys,gh:powergridmodel/power-grid-model,gh:prep-next/prep-shot,gh:pypsa/pypsa,gh:rwl/pypower"
maxwellherron5,industry,otto sport ai,USA,gh:akkudoktor-eos/eos
maxxb77,unknown,,,"gh:genxproject/genx.jl,gh:natlabrockies/reeds-2.0"
maybeee18,unknown,,,gh:adgefficiency/energy-py
maycolnjo,unknown,,,gh:iit-energysystemmodels/opensduc
maylocal,unknown,,,gh:genxproject/genx.jl
mayurand,utility,re-twin energy,DEU,gh:oemof/oemof-solph
maz00z,unknown,,,"gh:bje-/nemo,gh:breakthrough-energy/reise.jl,gh:e2niee/pandapower,gh:tum-ens/urbs"
mazie-78,unknown,,,gh:akkudoktor-eos/eos
maziwen,unknown,,,"gh:adamgreenhall/minpower,gh:e2niee/pandapower,gh:lanl-ansi/powermodels.jl,gh:marvinler/pypownet,gh:matpower/matpower,gh:pypsa/pypsa,gh:rwl/pypower,gh:sanpen/veragrid,gh:susantoj/pypower-dynamics"
mbenningfield13,unknown,,,gh:temoaproject/temoa
mbheinen,professional,aspentech,USA,"gh:bje-/nemo,gh:curent/andes,gh:derrickoswald/cimapplication,gh:dss-extensions/dss_capi,gh:e2niee/pandapower,gh:epri-dev/opender,gh:genxproject/genx.jl,gh:grid2op/grid2op,gh:juliaenergy/powerdynamics.jl,gh:lanl-ansi/powermodels.jl,gh:matpower/most,gh:mbheinen/bpa-ipf-tsp,gh:nreca-bts/omf,gh:powsybl/powsybl-core,gh:powsybl/powsybl-open-loadflow,gh:pypsa/pypsa,gh:rwl/pypower,gh:sanpen/veragrid,gh:sogno-platform/dpsim,gh:switch-model/switch"
mblackhurst,unknown,,,gh:temoaproject/temoa
mblizzy,unknown,,,"gh:pypsa/pypsa,gh:rwl/pypower"
mbozchalui,unknown,,,"gh:adamgreenhall/minpower,gh:tum-ens/urbs"
mbraun-els,unknown,,,gh:akkudoktor-eos/eos
mbussieck,unknown,,,gh:etsap-times/times_model
mc-chaos,unknown,,DEU,gh:akkudoktor-eos/eos
mcamicast,unknown,,,gh:openipsl/openipsl
mcassini,unknown,,FRA,"gh:energyscope/energyscope,gh:etsap-times/times_model,gh:natlabrockies/sam,gh:pypsa/pypsa"
mchlshort,academic,university of surrey,GBR,"gh:genxproject/genx.jl,gh:pypsa/pypsa"
mchurchf,research,national renewable energy laboratory,,gh:erf-model/erf
mcnvr,unknown,,,gh:curent/andes
mco-sch,unknown,,DEU,gh:oemof/oemof-solph
mcolonel,unknown,,,gh:natlabrockies/pysam
mcs9ff,academic,,USA,gh:genxproject/genx.jl
mcsoini,unknown,,CHE,gh:arthurrinaldi/grimsel
mdave,unknown,,,gh:gridoptics/gridpack
mdavezac,industry,catapultlabs catapult-ai,GBR,gh:energysystemsmodellinglab/muse_os
mdkeil,unknown,,,gh:akkudoktor-eos/eos
mdonat,unknown,,,gh:oemof/oemof-solph
mdoucet,research,oak ridge national laboratory,USA,gh:calliope-project/calliope
mdvandergon,unknown,,,gh:genxproject/genx.jl
mdzahidul-islam,academic,new york university,,gh:curent/andes
mdzalfirdausi,academic,,SAU,"gh:lanl-ansi/powermodels.jl,gh:rwl/pypower"
meagrivera,unknown,,,"gh:gridoptics/gridpack,gh:pypsa/pypsa,gh:robbiemorrison/deeco"
measrainsey,research,international institute for applied systems analysis,,"gh:blue-marble/gridpath,gh:calliope-project/calliope,gh:iiasa/message_ix,gh:pypsa/pypsa"
med-khalil-jabri,unknown,,,gh:assume-framework/assume
meganlynn12,unknown,,,gh:temoaproject/temoa
megawusl,unknown,,,gh:akkudoktor-eos/eos
meghnathomas,unknown,,USA,"gh:critical-infrastructure-systems-lab/pownet,gh:e2niee/pandapower,gh:nrel-sienna/powersimulationsdynamics.jl,gh:oemof/oemof-solph"
mehdi533,unknown,,,gh:curent/andes
mehrdad-shokri,industry,,SWE,gh:genxproject/genx.jl
mehrshud,unknown,,,gh:powergridmodel/power-grid-model
mehulgoenka,unknown,,,gh:akkudoktor-eos/eos
meichunjia,academic,university of chinese academy of sciences,CHN,gh:oemof/oemof-solph
meijingcheng,unknown,,,"gh:e2niee/pandapower,gh:grid2op/chronix2grid,gh:marvinler/pypownet,gh:rwl/pypower,gh:sanpen/veragrid"
meintechblog,unknown,,,gh:akkudoktor-eos/eos
meinzer1899,industry,,,gh:akkudoktor-eos/eos
meiri-ac,unknown,,,gh:calliope-project/calliope
melayne,academic,portland state university,,gh:erf-model/erf
meliaa4,unknown,,,gh:openipsl/openipsl
mellson,industry,energinet,DNK,"gh:gridfm/gridfm-graphkit,gh:powergridmodel/power-grid-model"
meloncafe,academic,,,gh:akkudoktor-eos/eos
melvanapp,professional,melvan,,"gh:bje-/nemo,gh:frkunz/stelmod,gh:pypsa/pypsa,gh:richard-weinhold/pomato,gh:unsw-ceem/nempy,gh:vub-hydr/revub"
mem48,academic,university of leeds,GBR,gh:etsap-times/times_model
mengfei2005,unknown,,,"gh:pielube/messpy,gh:rheia-framework/rheia"
mengyao0412,unknown,,,gh:adgefficiency/energy-py
meniku,professional,blackforestgames.com,,gh:akkudoktor-eos/eos
menkej,unknown,,DEU,gh:akkudoktor-eos/eos
mensurdelic,academic,fernuniversitat hagen,DEU,gh:assume-framework/assume
merkebuz,unknown,,,gh:electa-git/flexplan.jl
merlijndewolf,unknown,,,"gh:etsap-times/times_model,gh:quintel/etmodel"
merlijnk,unknown,,,gh:etsap-times/times_model
merlin256,unknown,,,gh:akkudoktor-eos/eos
merrielle,unknown,,,gh:breakthrough-energy/reise.jl
merveturan,academic,,USA,gh:eiagov/bluesky
mervin0502,professional,shangzhi studio,CHN,gh:roseautechnologies/roseau_load_flow
mesarcik,unknown,,NLD,gh:rwl/pypower
mesocom,professional,uahswirll,,gh:erf-model/erf
metab0t,academic,hefei university of technology,CHN,"gh:anl-ceeesa/unitcommitment.jl,gh:assume-framework/assume,gh:breakthrough-energy/reise.jl,gh:calliope-project/calliope,gh:changgang/steps,gh:chengts95/rustpower,gh:curent/andes,gh:dynawo/dynawo,gh:e2niee/pandapower,gh:eiagov/bluesky,gh:energy-modelling-toolkit/dispa-set,gh:etsap-times/times_model,gh:future-power-networks/simplus-grid-tool,gh:genxproject/genx.jl,gh:grid-parity-exchange/egret,gh:grid2op/grid2op,gh:juliaenergy/powerdynamics.jl,gh:lanl-ansi/powermodels.jl,gh:leonardgoeke/anymod.jl,gh:matpower/matpower,gh:mesmo-dev/mesmo,gh:natlabrockies/paraemt_public,gh:nrel-sienna/powersimulations.jl,gh:nrel-sienna/powersimulationsdynamics.jl,gh:oemof/oemof-solph,gh:openipsl/openipsl,gh:powergridmodel/power-grid-model,gh:powsybl/pypowsybl,gh:prep-next/prep-shot,gh:pypsa/pypsa,gh:richard-weinhold/pomato,gh:rwl/pypower,gh:sanpen/veragrid,gh:sei-international/nemomod.jl,gh:sogno-platform/dpsim,gh:spine-tools/spineopt.jl,gh:switch-model/switch"
meteoDaniel,professional,alitiq,DEU,"gh:adgefficiency/energy-py,gh:oemof/oemof-thermal,gh:pypsa/pypsa,gh:rebase-energy/enflow"
mfastudillo,academic,universite de sherbrooke,ESP,"gh:calliope-project/calliope,gh:e2niee/pandapower,gh:etsap-times/times_model,gh:iiasa/message_ix,gh:lkruitwagen/global-fossil-fuel-supply-chain,gh:oemof/oemof-solph,gh:osemosys/osemosys,gh:pypsa/pypsa"
mfkiwl,unknown,,,"gh:blue-marble/gridpath,gh:calliope-project/calliope,gh:idaholab/heron,gh:oemof/oemof-solph,gh:powergridmodel/power-grid-model,gh:rl-institut/multi-vector-simulator,gh:villasframework/node"
mflamm,unknown,,DEU,gh:akkudoktor-eos/eos
mfleschutz,industry,entelios ag,DEU,"gh:calliope-project/calliope,gh:drafproject/draf,gh:fzj-iek3-vsa/fine,gh:irpsim/irpopt,gh:rl-institut/multi-vector-simulator,gh:tum-ewk/opentumflex"
mfranz13,unknown,,,"gh:e2niee/pandapower,gh:powergridmodel/power-grid-model"
mfripp,industry,energy innovation policy and technology llc,USA,"gh:rwl/pypower,gh:switch-model/switch"
mg-arne,unknown,,,gh:akkudoktor-eos/eos
mg3217,unknown,,,gh:breakthrough-energy/reise.jl
mgarrouste,research,national renewable energy laboratory,USA,"gh:idaholab/heron,gh:idaholab/hybrid"
mgovers,unknown,,,"gh:e2niee/pandapower,gh:powergridmodel/power-grid-model"
mgrabovsky,unknown,,CZE,"gh:blue-marble/gridpath,gh:calliope-project/calliope,gh:critical-infrastructure-systems-lab/pownet,gh:e2niee/pandapower,gh:energy-modelling-toolkit/dispa-set,gh:etsap-times/times_model,gh:genxproject/genx.jl,gh:juliaenergy/powerdynamics.jl,gh:pypsa/pypsa,gh:spine-tools/spineopt.jl,gh:switch-model/switch,gh:tulipaenergy/tulipaenergymodel.jl"
mgreissl,academic,,DEU,gh:akkudoktor-eos/eos
mgriffel,unknown,,,gh:akkudoktor-eos/eos
mh81,unknown,,DEU,gh:akkudoktor-eos/eos
mhdella,academic,university of north carolina at charlotte,USA,"gh:adamgreenhall/minpower,gh:akkudoktor-eos/eos,gh:ames-market/psst,gh:behrangshirizadeh/eoles_elecres,gh:calliope-project/calliope,gh:critical-infrastructure-systems-lab/pownet,gh:curent/andes,gh:e2niee/pandapower,gh:energy-modelling-toolkit/dispa-set,gh:energysystemsmodellinglab/muse_os,gh:etsap-times/times_model,gh:genxproject/genx.jl,gh:grid2op/grid2op,gh:iee-tugraz/lego,gh:lanl-ansi/powermodels.jl,gh:leonardgoeke/anymod.jl,gh:matpower/matpower,gh:natlabrockies/pysam,gh:natlabrockies/reeds-2.0,gh:natlabrockies/rodeo,gh:natlabrockies/sam,gh:nlr-distribution-suite/erad,gh:nrel-sienna/powersimulations.jl,gh:nrel-sienna/powersimulationsdynamics.jl,gh:oemof/oemof-solph,gh:openipsl/openipsl,gh:osemosys/osemosys,gh:powergridmodel/power-grid-model,gh:pypsa/pypsa,gh:rwl/pypower,gh:sanpen/veragrid,gh:sei-international/nemomod.jl,gh:sogno-platform/dpsim,gh:spine-tools/spineopt.jl,gh:switch-model/switch,gh:tulipaenergy/tulipaenergymodel.jl"
mhla-camus,utility,camus energy,,gh:natlabrockies/pysam
mhlee0328,academic,itri,TWN,gh:fzj-iek3-vsa/fine
mhutch85,unknown,,USA,gh:pencleanenergy/match-model
mhx-del,unknown,,,"gh:future-power-networks/simplus-grid-tool,gh:natlabrockies/paraemt_public,gh:sanpen/veragrid"
mia-krause,unknown,,,"gh:ie3-institute/powersystemdatamodel,gh:ie3-institute/simona"
miaviles,academic,inovas spa,CHL,gh:powergridmodel/power-grid-model
micAThome,unknown,,,gh:akkudoktor-eos/eos
michael-okeefe,industry,big ladder software,USA,gh:natlabrockies/reopt_api
michaelbe812,unknown,,DEU,gh:akkudoktor-eos/eos
michaelbironneau,professional,learnd,GBR,"gh:gh:adgefficiency/energy-py-linear,gh:akkudoktor-eos/eos"
michaelbrettmann,unknown,,DEU,gh:akkudoktor-eos/eos
michaelbuehlmann,research,argonne national laboratory,USA,gh:erf-model/erf
michaelfbaker,unknown,,,"gh:anl-ceeesa/unitcommitment.jl,gh:calliope-project/calliope,gh:e2niee/pandapower,gh:genxproject/genx.jl,gh:grid-parity-exchange/egret,gh:juliaenergy/joulia.jl,gh:juliaenergy/powerdynamics.jl,gh:lanl-ansi/powermodels.jl,gh:natlabrockies/pysam,gh:natlabrockies/sam,gh:nrel-sienna/powersimulations.jl,gh:pypsa/pypsa"
michaeljanich,industry,chimera sys gmbh,DEU,gh:akkudoktor-eos/eos
michaeljaywalsh,unknown,,USA,"gh:genxproject/genx.jl,gh:switch-model/switch,gh:tum-ens/rivus,gh:tum-ens/urbs"
michaelmilogruen,industry,montanuniversity leoben energietechnik,AUT,gh:akkudoktor-eos/eos
michaelosthege,industry,forschungszentrum julich gmbh,DEU,gh:akkudoktor-eos/eos
michaelpoplawskipnnl,government,pacific northwest national laboratory,USA,gh:openipsl/openipsl
michal-davis,academic,university of toronto,,gh:temoaproject/temoa
michi1510,unknown,,,gh:akkudoktor-eos/eos
michieldenhaan,professional,powor,NLD,"gh:gh:adgefficiency/energy-py-linear,gh:pypsa/pypsa,gh:quintel/etengine,gh:quintel/etmodel,gh:quintel/pyetm"
michielhazen,unknown,,,gh:powergridmodel/power-grid-model
michmx,research,brookhaven national laboratory,USA,gh:villasframework/node
micky-bamboleo,unknown,,,gh:akkudoktor-eos/eos
microe,unknown,,,gh:genxproject/genx.jl
microxiner,unknown,,,"gh:rwl/pypower,gh:sanpen/veragrid"
mido1978,unknown,,,gh:akkudoktor-eos/eos
miek770,industry,tetra tech,CAN,"gh:chengts95/rustpower,gh:e2niee/pandapower,gh:oemof/oemof-solph,gh:powsybl/powsybl-core,gh:powsybl/pypowsybl,gh:pypsa/pypsa,gh:rwl/pypower,gh:sanpen/veragrid,gh:switch-model/switch"
mieth-robert,unknown,,,"gh:grid-parity-exchange/egret,gh:richard-weinhold/pomato"
mifrqc,unknown,,,gh:gridfm/gridfm-graphkit
miguel-sg-2,unknown,,,gh:erf-model/erf
miguelriosocampo,academic,,ESP,gh:iit-energysystemmodels/openmaster
mihlema,unknown,,,"gh:spine-tools/spineopt.jl,gh:tulipaenergy/tulipaenergymodel.jl"
mika80,unknown,,,gh:oemof/oemof-solph
mike-welch,unknown,,USA,"gh:blue-marble/gridpath,gh:natlabrockies/pras,gh:natlabrockies/pysam"
mikebannis,professional,orbital advisors,USA,gh:natlabrockies/pysam
mikeblackhurst,unknown,,,gh:temoaproject/temoa
mikeg-de,professional,atmedia online marketing,DEU,gh:akkudoktor-eos/eos
mikelarelarra,unknown,,,gh:spf-ost/optihood
mikeliturbe,professional,mondragon unibertsitatea,ESP,gh:rwl/pypower
mikestansky,unknown,,,gh:pencleanenergy/match-model
mikezter,unknown,,DEU,gh:oemof/oemof-solph
mikkdm,unknown,,,gh:idaholab/hybrid
mikofski,professional,dnvgl,USA,"gh:calliope-project/calliope,gh:e2niee/pandapower,gh:natlabrockies/pysam,gh:natlabrockies/sam,gh:nreca-bts/omf,gh:rwl/pypower"
miky3102000,unknown,,,gh:iit-energysystemmodels/openmaster
miladkzm,unknown,,,gh:mesmo-dev/mesmo
milampe,unknown,,,gh:akkudoktor-eos/eos
milenasipovac,unknown,,,gl:dlr-ve/esy/amiris/amiris
mileskrains,unknown,,,gh:genxproject/genx.jl
milipili,industry,,JPN,gh:antaressimulatorteam/antares_simulator
millettmb,unknown,,AUS,gh:opencemorg/opencem
milton-alvarenga,unknown,,,"gh:calliope-project/calliope,gh:dynawo/dynawo,gh:oemof/oemof-solph,gh:pypsa/pypsa,gh:tum-ens/urbs"
milyas009,industry,,,gh:epgoxford/open
milzj,academic,"h. milton stewart school of industrial and systems engineering, georgia institute of technology",USA,gh:oemof/oemof-solph
mimame,industry,,FRA,gh:juliaenergy/powerdynamics.jl
mimxvi,unknown,,,gh:natlabrockies/pysam
minalee17,unknown,,,gh:adgefficiency/energy-py
minda163,unknown,,,"gh:e2niee/pandapower,gh:matpower/matpower,gh:rwl/pypower"
minemeraj,academic,rwth aachen university,DEU,gh:emlab/emlab-generation
mingshi2807,professional,vedecom,FRA,gh:powergridmodel/power-grid-model
mingsuosu,unknown,,,gh:grid2op/grid2op
mingtaoli,academic,xi'an jiaotong university,CHN,"gh:leonardgoeke/anymod.jl,gh:nrel-sienna/powersimulations.jl,gh:transient-official/transient-lib"
mingzhe37,academic,texas a&m university,USA,"gh:openipsl/openipsl,gh:transient-official/transient-lib,gh:upb-lea/electricgrid.jl"
minhki95,academic,reiner lemoine institute,DEU,"gh:emlab/emlab-generation,gh:oemof/oemof-solph,gh:oemof/oemof-thermal,gh:rl-institut/multi-vector-simulator"
minhquan-hcmut,unknown,,,gh:powergridmodel/power-grid-model
minhwvu,unknown,,,gh:gmlc-dispatches/dispatches
minigun-jones,unknown,,,gh:akkudoktor-eos/eos
minimenchmuncher,professional,energeticinsurance,USA,"gh:natlabrockies/pysam,gh:natlabrockies/sam"
minipolloxD,unknown,,IDN,gh:akkudoktor-eos/eos
minix1234,unknown,,,gh:natlabrockies/reopt_api
minixalpha,unknown,,,gh:akkudoktor-eos/eos
minmaxat,unknown,,,gh:akkudoktor-eos/eos
minshudeng,unknown,,,gh:energyinnovation/eps-us
minsoo2018,unknown,,,"gh:lanl-ansi/powermodels.jl,gh:matpower/matpower,gh:matpower/most"
miq,industry,softwareschneiderei gmbh,DEU,gh:akkudoktor-eos/eos
miraStud,unknown,,,"gh:calliope-project/calliope,gh:oemof/oemof-solph"
mirayercan,unknown,,,gh:natlabrockies/pysam
mircopesent,unknown,,,"gh:energyscope/energyscope,gh:ipese/reho"
mirtaheri,unknown,,DNK,"gh:e2niee/pandapower,gh:openipsl/openipsl"
misieaz,unknown,,,gh:powergridmodel/power-grid-model
missxtuna90,unknown,,,gh:energy-modelling-toolkit/dispa-set
mit456,unknown,,,gh:adgefficiency/energy-py
mitchgrids,unknown,,,gh:genxproject/genx.jl
mjamei19,unknown,,,"gh:lanl-ansi/powermodels.jl,gh:lanl-ansi/powermodelsannex.jl"
mjano,unknown,,,gh:emlab/emlab-generation
mjmucha,unknown,,,gh:akkudoktor-eos/eos
mjprilliman,research,national renewable energy laboratory,USA,"gh:natlabrockies/pysam,gh:natlabrockies/sam"
mjrice99,unknown,,,gh:gridoptics/gridpack
mkaracelebi,unknown,,,"gh:juliaenergy/powerdynamics.jl,gh:nrel-sienna/powersimulationsdynamics.jl"
mkhraijah,academic,,,"gh:curent/andes,gh:lanl-ansi/powermodels.jl,gh:matpower/matpower,gh:natlabrockies/reeds-2.0,gh:nrel-sienna/powersimulationsdynamics.jl"
mkisuule,unknown,,,"gh:e2niee/pandapower,gh:gridfm/gridfm-graphkit"
mklib256,unknown,,,gh:gridfm/gridfm-graphkit
mklinkner,unknown,,DEU,gh:akkudoktor-eos/eos
mkmahajan,unknown,,,gh:energyinnovation/eps-us
mkmushegh,industry,mapit,ARM,gh:natlabrockies/pysam
mknaff,unknown,,,gh:zen-universe/zen-garden
mkoehme,unknown,,,gh:calliope-project/calliope
mkong2014,unknown,,,gh:genxproject/genx.jl
mkroening,academic,rwth aachen university,DEU,gh:villasframework/node
mkschleg,professional,universityofcalgary,CAN,gh:curent/andes
ml6802,unknown,,,"gh:genxproject/genx.jl,gh:macroenergy/macroenergy.jl"
mlamlamla,academic,university of bayreuth,DEU,"gh:arras-energy/gridlabd,gh:slacgismo/tess"
mlaprise,industry,www.hectiq.ai,CAN,gh:adgefficiency/energy-py
mleist,industry,,DEU,gh:akkudoktor-eos/eos
mlgarchery,industry,cofounder & cto mammouth.ai,FRA,gh:calliope-project/calliope
mlippy,professional,ots r&d,USA,gh:curent/andes
mliu08,research,pacific northwest national lab,USA,gh:powergridmodel/power-grid-model
mloenneberga,unknown,,,gh:oemof/oemof-solph
mlossin,unknown,,,gh:akkudoktor-eos/eos
mlozano-rmi,unknown,,,gh:genxproject/genx.jl
mlwin-ins,industry,ins engineering,,gh:gridoptics/gridpack
mmanana,academic,university of cantabria,ESP,"gh:adamgreenhall/minpower,gh:curent/andes,gh:e2niee/pandapower,gh:pypsa/pypsa,gh:sanpen/veragrid"
mmasser95,unknown,,,gh:akkudoktor-eos/eos
mmengjieli,unknown,,,gh:natlabrockies/pysam
mmhasanbd,industry,universiti teknologi petronas,MYS,gh:gridoptics/gridpack
mmhverheijden,industry,enexis,NLD,"gh:assume-framework/assume,gh:e2niee/pandapower,gh:powergridmodel/power-grid-model,gh:sanpen/veragrid"
mmoulton1,unknown,,,gh:natlabrockies/hopp
mmsanders,unknown,,,gh:erf-model/erf
mmstevenson,academic,university of california berkeley,USA,gh:nreca-bts/omf
mmutic,unknown,,,gh:genxproject/genx.jl
mnblonsky,industry,energyhub,USA,gh:natlabrockies/pysam
mneumann,professional,ntecs consulting,DEU,gh:akkudoktor-eos/eos
mnimaruf,academic,europa-universitat flensburg,DEU,gh:oemof/oemof-solph
mnni,unknown,,,gh:akkudoktor-eos/eos
moathqandil,unknown,,,gh:rwl/pypower
mobbl,unknown,,DEU,gh:akkudoktor-eos/eos
modelica-3rdparty,unknown,,,gh:openipsl/openipsl
mofa,unknown,,,gh:vub-hydr/revub
moh552570,unknown,,,gh:akkudoktor-eos/eos
mohadipe,unknown,,,gh:akkudoktor-eos/eos
mohamad-hasan-sohan-ajini,unknown,,,"gh:rwl/pypower,gh:sanpen/veragrid"
mohamedmiranfazil29,unknown,,IND,gh:calliope-project/calliope
mohamedredasafan1,unknown,,,gh:natlabrockies/pysam
mohammadamint,professional,vito,BEL,"gh:calliope-project/calliope,gh:iiasa/message_ix"
mohsin055,academic,,BGD,"gh:e2niee/pandapower,gh:matpower/most"
moiznetizen,unknown,,,gh:natlabrockies/hopp
mojibunny,unknown,,,"gh:energyscope/energyscope,gh:switch-model/switch,gh:tum-ens/urbs"
mojtabaeliassi,unknown,,,"gh:epgoxford/open,gh:pypsa/pypsa,gh:sanpen/veragrid"
mokdtt,unknown,,,gh:akkudoktor-eos/eos
moliver28,unknown,,,gh:assume-framework/assume
molzahn,academic,georgia institute of technology,USA,"gh:lanl-ansi/powermodels.jl,gh:lanl-ansi/powermodelsannex.jl"
monistowl,unknown,,,gh:oemof/oemof-solph
monrozierb,unknown,,,gh:roseautechnologies/roseau_load_flow
morgansimon,unknown,,,gh:natlabrockies/paraemt_public
moritz-weber,unknown,,DEU,"gh:curent/andes,gh:e2niee/pandapower,gh:matpower/matpower,gh:villasframework/node"
moriyasukowa,unknown,,,gh:rwl/pypower
morje-datta,unknown,,,"gh:sogno-platform/dpsim,gh:villasframework/node"
morpheussco,industry,,,gh:akkudoktor-eos/eos
morris-murigi,academic,strathmore-uni emedded-team-intern-group-2022-2023,,gh:osemosys/osemosys
morsynour2020,unknown,,,"gh:e2niee/pandapower,gh:epri-dev/opender,gh:kiedanski/pymarket,gh:slacgismo/tess"
mortenpi,professional,juliacomputing,EST,gh:juliaenergy/powerdynamics.jl
motoshiray,unknown,,,gh:emlab/emlab-generation
mouzhang,unknown,,,"gh:bje-/nemo,gh:richard-weinhold/pomato"
moverlin,unknown,,,"gh:juliaenergy/powerdynamics.jl,gh:nrel-sienna/powersimulationsdynamics.jl"
moxgit,unknown,,,gh:akkudoktor-eos/eos
moxid,unknown,,DEU,gh:akkudoktor-eos/eos
mperezbravo,academic,iit comillas,ESP,gh:iit-energysystemmodels/openmaster
mpichault,unknown,,,gh:opencemorg/opencem
mpneuried,industry,www.box-id.com - box-id systems gmbh,DEU,gh:akkudoktor-eos/eos
mpodlaski,academic,rensselaer polytechnic institute,,gh:openipsl/openipsl
mpru03,unknown,,,gh:gmlc-dispatches/dispatches
mrB1B0,unknown,,,gh:adgefficiency/energy-py
mraffly,unknown,,,gh:fzj-iek3-vsa/fine
mrahjoo,academic,proexergy,ESP,"gh:natlabrockies/pysam,gh:natlabrockies/sam"
mrausch-ra,unknown,,,"gh:e2niee/pandapower,gh:eiagov/bluesky,gh:natlabrockies/reeds-2.0,gh:powergridmodel/power-grid-model,gh:pypsa/pypsa,gh:sanpen/veragrid"
mrbeach69,unknown,,,gh:akkudoktor-eos/eos
mrcaio,industry,,BRA,gh:rwl/pypower
mrchrisadams,academic,product science,,"gh:ahalev/python-microgrid,gh:genxproject/genx.jl,gh:pencleanenergy/match-model"
mrezamazidi,unknown,,,gh:curent/andes
mrftt12,industry,think tank inc,USA,"gh:arras-energy/gridlabd,gh:manuvarkey/gelectrical,gh:powergridmodel/power-grid-model,gh:sogno-platform/dpsim"
mrigi-munjal,academic,,,gh:natlabrockies/pysam
mrk-w,unknown,,,gh:akkudoktor-eos/eos
mrkskwsnck,professional,jgu mainz,DEU,gh:akkudoktor-eos/eos
mrnarimani,unknown,,,"gh:lanl-ansi/powermodels.jl,gh:lanl-ansi/powermodelsannex.jl"
mrnorman,research,oak ridge national laboratory,,gh:erf-model/erf
mros123,unknown,,,gh:akkudoktor-eos/eos
mrowan137,professional,amd,,gh:erf-model/erf
mrtnkhl,unknown,,,gh:akkudoktor-eos/eos
ms-patil,unknown,,,gh:highres-model/highres-europe
ms6666,unknown,,,gh:akkudoktor-eos/eos
mschmiedel,unknown,,,gh:akkudoktor-eos/eos
mschnell1,unknown,,DEU,gh:akkudoktor-eos/eos
mschulthoff,academic,university of technology hamburg,DEU,gh:assume-framework/assume
mschweikardt,unknown,,,gh:eliagroup/toop
mseatle,unknown,,,"gl:sesit/copper,gl:sesit/idea,gl:sesit/silver"
mshahriari-pce,unknown,,,gh:pencleanenergy/match-model
mspada,academic,zurich university of applied sciences (zhaw),CHE,gh:gridfm/gridfm-graphkit
mspi92,unknown,,DEU,gh:rwl/pypower
msschl,unknown,,DEU,gh:akkudoktor-eos/eos
mstargardt,unknown,,,gh:fzj-iek3-vsa/fine
mstevic,unknown,,,gh:villasframework/node
mtangi,unknown,,,gh:calliope-project/calliope
mtgralanbr,unknown,,,gh:akkudoktor-eos/eos
mthede,unknown,,,gh:assume-framework/assume
mthiel86,unknown,,,gh:akkudoktor-eos/eos
mthiesen,unknown,,DEU,gh:akkudoktor-eos/eos
mtlnet,unknown,,,gh:akkudoktor-eos/eos
mtognoli,academic,politecnico di milano,ITA,gh:adgefficiency/energy-py
mtysf,unknown,,,gh:rwl/pypower
mubarik815,academic,worabe comprhensive specialized hospital,ETH,gh:gridfm/gridfm-graphkit
muellerbernd,academic,fraunhofer iosb-ast,DEU,gh:akkudoktor-eos/eos
mufitaltin,unknown,,,"gh:e2niee/pandapower,gh:lanl-ansi/powermodels.jl,gh:openipsl/openipsl,gh:pypsa/pypsa,gh:rwl/pypower,gh:sanpen/veragrid"
muhammadhf,unknown,,,gh:emlab/emlab-generation
muhamuttaqien,academic,"embodied ai research team, national institute of aist (Chan Ye Ji Shu Zong He Yan Jiu Suo )",JPN,gh:energy-modelling-toolkit/dispa-set
mukul1992,unknown,,,gh:erf-model/erf
mulanzzz,unknown,,,"gh:gridoptics/gridpack,gh:sogno-platform/dpsim"
mullerlo,professional,roseautechnologies,,gh:roseautechnologies/roseau_load_flow
murilo-ma,professional,typhoon hil,,gh:rwl/pypower
murzua7,academic,,GBR,"gh:energysystemsmodellinglab/muse_os,gh:sanpen/veragrid"
muserv,unknown,,,gh:zen-universe/zen-garden
mutjan,unknown,,,gh:akkudoktor-eos/eos
muyaCode,unknown,,,gh:akkudoktor-eos/eos
muyu0117,unknown,,,gh:rwl/pypower
muzakkir6207,unknown,,,gh:energyscope/energyscope
mvivienneliu,unknown,,,gh:sienna-platform/powersystemsinvestments.jl
mwdalyn,unknown,,USA,"gh:natlabrockies/reeds-2.0,gh:powergridmodel/power-grid-model"
mweinelt,unknown,,BGR,gh:akkudoktor-eos/eos
mwmccormick,unknown,,,"gh:genxproject/genx.jl,gh:natlabrockies/sam"
mx-e,academic,,DEU,gh:richard-weinhold/pomato
mxburns2022,unknown,,,gh:rwl/pypower
mxhffmn,unknown,,DEU,"gh:akkudoktor-eos/eos,gh:rebase-energy/enflow"
mxhsnowy,unknown,,,gh:curent/andes
mylesfranklin,industry,swayzio,USA,gh:ie3-institute/simona
mzh2025,unknown,,,"gh:curent/andes,gh:natlabrockies/paraemt_public"
mzhuang1,industry,energestai,USA,"gh:gh:adgefficiency/energy-py-linear,gh:drafproject/draf,gh:flexiblepower/powermatcher,gh:fzj-iek3-vsa/fine,gh:marvinler/pypownet,gh:mesmo-dev/mesmo,gh:natlabrockies/sam"
mzlotnik,professional,mendelics,,gh:akkudoktor-eos/eos
mzy2240,academic,drw,USA,"gh:adamgreenhall/minpower,gh:anl-ceeesa/unitcommitment.jl,gh:calliope-project/calliope,gh:chengts95/rustpower,gh:curent/andes,gh:e2niee/pandapower,gh:genxproject/genx.jl,gh:marvinler/pypownet,gh:mzy2240/esa,gh:nrel-sienna/powersimulations.jl,gh:nrel-sienna/powersystemsinvestments.jl,gh:pypsa/pypsa,gh:richard-weinhold/pomato,gh:rwl/pypower,gh:sanpen/veragrid,gh:spine-tools/spineopt.jl"
n-eiling,unknown,,DEU,"gh:sogno-platform/dpsim,gh:villasframework/node"
n3x77,unknown,,DEU,gh:natlabrockies/reopt_api
n4nux,unknown,,,gh:akkudoktor-eos/eos
nRiccobo,research,national renewable energy laboratory,USA,"gh:natlabrockies/h2integrate,gh:natlabrockies/hopp"
nabla47,unknown,,,gh:akkudoktor-eos/eos
nadia-el,unknown,,,"gh:calliope-project/calliope,gh:pypsa/pypsa"
naeem627,industry,latimer enterprises,,"gh:eiagov/bluesky,gh:grid-parity-exchange/egret,gh:matpower/most,gh:natlabrockies/wpgnn,gh:pypsa/pypsa"
naessmon,unknown,,,gh:irena-flextool/flextool
nali-delft,unknown,,,"gh:genxproject/genx.jl,gh:richard-weinhold/pomato"
naltatis,government,neuland - buro fur informatik,DEU,gh:akkudoktor-eos/eos
nalvid,unknown,,CZE,gh:calliope-project/calliope
namelessrambler,unknown,,,gh:oemof/oemof-solph
namosata,unknown,,,gh:calliope-project/calliope
nandor1992,industry,goldman sachs,GBR,gh:epgoxford/open
nanmian6,unknown,,,gh:akkudoktor-eos/eos
nanoBit93,unknown,,,gh:akkudoktor-eos/eos
nanocosmos-ol,professional,nanocosmos,DEU,gh:akkudoktor-eos/eos
nanoq66,unknown,,,gh:akkudoktor-eos/eos
naohiro701,academic,,JPN,"gh:calliope-project/calliope,gh:pypsa/pypsa"
naomi-simumba,unknown,,,gh:gridfm/gridfm-graphkit
naouess,unknown,,,"gh:autarky-power/minigrid-jcc,gh:calliope-project/calliope,gh:iiasa/message_ix,gh:tum-ens/urbs"
nareshram256,industry,,IND,"gh:iee-tugraz/lego,gh:iit-energysystemmodels/opentepes"
nareshsusarla,unknown,,,"gh:gmlc-dispatches/dispatches,gh:grid-parity-exchange/egret"
narienergy,professional,freelance,USA,gh:etsap-times/times_model
nataraj2,academic,lawrence berkeley national laboratory,USA,gh:erf-model/erf
nathaliamdc,unknown,,,"gh:curent/andes,gh:dynawo/dynawo,gh:e2niee/pandapower,gh:juliaenergy/powerdynamics.jl,gh:natlabrockies/paraemt_public,gh:nrel-sienna/powersimulationsdynamics.jl,gh:pnnl/exago,gh:powsybl/powsybl-core,gh:powsybl/pypowsybl,gh:sanpen/veragrid,gh:sogno-platform/dpsim"
natseil,unknown,,,gh:openipsl/openipsl
naudloomans,academic,eindhoven university of technology,,"gh:energysystemsmodellinglab/muse_os,gh:leonardgoeke/anymod.jl"
naurismikulskis,unknown,,,gh:akkudoktor-eos/eos
nayakpriyam,academic,"fossee, iit bombay",IND,gh:openipsl/openipsl
nazeeruddinikram,professional,foss4good,IND,gh:rwl/pypower
nbartos-bp,unknown,,,"gh:adgefficiency/energy-py,gh:gh:adgefficiency/energy-py-linear,gh:unsw-ceem/nempy"
ncepubanana,unknown,,,gh:emlab/emlab-generation
ncsu-nghansen,unknown,,,gh:temoaproject/temoa
nd8696,unknown,,,gh:genxproject/genx.jl
necaspiro,unknown,,,gh:akkudoktor-eos/eos
nefertari1976,unknown,,,gh:akkudoktor-eos/eos
negin513,academic,national center for atmospheric research (ncar),USA,gh:erf-model/erf
nehadimri1991,unknown,,,"gh:oemof/oemof-solph,gh:spf-ost/optihood"
neibla,unknown,,NZL,"gh:akkudoktor-eos/eos,gh:lanl-ansi/powermodels.jl,gh:nrel-sienna/powersimulations.jl,gh:pypsa/pypsa"
nelliputkonen,unknown,,,"gh:irena-flextool/flextool,gh:spine-tools/spineopt.jl"
nenadng,academic,,SRB,gh:etsap-times/times_model
nenio-traduko,financial,,FRA,gh:akkudoktor-eos/eos
neo4reo,professional,renesas mobile,DNK,gh:genxproject/genx.jl
neoanimism,unknown,,,gh:eiagov/bluesky
neobiotics,unknown,,,gh:akkudoktor-eos/eos
neomlet,academic,wasting time at work,JPN,gh:akkudoktor-eos/eos
nerdheim,unknown,,,gh:akkudoktor-eos/eos
nerry95,unknown,,,"gh:adamgreenhall/minpower,gh:matpower/matpower,gh:pypsa/pypsa,gh:rwl/pypower,gh:sanpen/veragrid,gh:susantoj/pypower-dynamics"
nesfyl,unknown,,,gh:irena-flextool/flextool
nesnoj,academic,reiner lemoine institute,DEU,"gh:calliope-project/calliope,gh:e2niee/pandapower,gh:etsap-times/times_model,gh:ie3-institute/powersystemdatamodel,gh:juliaenergy/powerdynamics.jl,gh:oemof/oemof-solph,gh:oemof/oemof-thermal,gh:openego/edisgo,gh:openego/ego,gh:pypsa/pypsa,gh:reegis/deflex,gh:sanpen/veragrid,gh:tum-ewk/opentumflex"
nestor-sepulveda,unknown,,,"gh:genxproject/genx.jl,gh:pypsa/pypsa"
netr0m,industry,,,"gh:calliope-project/calliope,gh:natlabrockies/pysam,gh:natlabrockies/sam"
network-shark,unknown,,,gh:akkudoktor-eos/eos
neumantm,academic,vector informatik,DEU,gh:akkudoktor-eos/eos
newagemob,academic,intracav,,"gh:ait-energy/iesopt.jl,gh:genxproject/genx.jl,gh:nrel-sienna/powersimulations.jl"
newall123,unknown,,,"gh:curent/andes,gh:dynawo/dynawo,gh:future-power-networks/simplus-grid-tool,gh:openipsl/openipsl"
newcanopies,unknown,,LUX,gh:genxproject/genx.jl
newmoneybigbucks,unknown,,,gh:idaholab/hybrid
neyuan1y,academic,sun yat-sen university,CHN,gh:calliope-project/calliope
ngemsokphea-ctrl,unknown,,,gh:roseautechnologies/roseau_load_flow
ngetich710,academic,,KEN,"gh:breakthrough-energy/reise.jl,gh:prep-next/prep-shot"
ngoby,professional,badencampus,DEU,gh:adgefficiency/energy-py
ngovveng-chheng,unknown,,KHM,gh:irena-flextool/flextool
nguyendoanquyet,academic,hanoi university of science and technology (hust),VNM,"gh:curent/andes,gh:e2niee/pandapower,gh:genxproject/genx.jl"
nhan2892005,academic,ho chi minh city university technology - viet nam national university,VNM,gh:pielube/messpy
nhebel,unknown,,,gh:genxproject/genx.jl
nheeren,academic,,,"gh:calliope-project/calliope,gh:iiasa/message_ix"
nhniina,unknown,,,gh:spine-tools/spineopt.jl
nhoening,industry,seitabv,NLD,"gh:adgefficiency/energy-py,gh:blue-marble/gridpath,gh:calliope-project/calliope"
nholtappels,unknown,,NLD,gh:rwl/pypower
nick-harder,unknown,,,"gh:assume-framework/assume,gh:pypsa/pypsa"
nick6000,unknown,,,"gh:pypsa/pypsa,gh:rwl/pypower,gh:sanpen/veragrid"
nick9898nick,unknown,,,gh:matpower/most
nickdiorio,unknown,,USA,"gh:natlabrockies/pysam,gh:natlabrockies/sam"
nickmasonsmith,utility,indigo power,AUS,"gh:gh:adgefficiency/energy-py-linear,gh:natlabrockies/pysam,gh:unsw-ceem/nempy"
nickolasclarke,professional,"datacrt, previously: weavegrid",USA,"gh:ahalev/python-microgrid,gh:genxproject/genx.jl,gh:natlabrockies/pysam,gh:natlabrockies/reopt.jl,gh:natlabrockies/sam,gh:pypsa/pypsa"
nickolasgPSR,unknown,,,gh:psrenergy/sddpdso.jl
nickpowersys,industry,next net,USA,"gh:adamgreenhall/minpower,gh:e2niee/pandapower,gh:pypsa/pypsa,gh:rwl/pypower,gh:sanpen/veragrid,gh:susantoj/pypower-dynamics,gh:switch-model/switch,gh:temoaproject/temoa"
nickrobinson251,unknown,,,"gh:genxproject/genx.jl,gh:nrel-sienna/powersimulations.jl"
nicks-technik,unknown,,,gh:akkudoktor-eos/eos
nicksongxl,unknown,,,gh:mbheinen/bpa-ipf-tsp
nickvazz,academic,tau motors,USA,gh:upb-lea/electricgrid.jl
nicocarbo,academic,,ARG,gh:fzj-iek3-vsa/fine
nicofeuch,unknown,,,gh:spine-tools/spineopt.jl
nicok1,unknown,,,gh:akkudoktor-eos/eos
nicoleepp,academic,,CAN,"gh:lanl-ansi/powermodels.jl,gh:lanl-ansi/powermodelsannex.jl"
nicolepcortes,unknown,,,gh:gmlc-dispatches/dispatches
nicomignoni,academic,politecnico di bari,,gh:ait-energy/iesopt.jl
nicomt,industry,morgansolar,CAN,"gh:natlabrockies/pysam,gh:natlabrockies/sam"
nicorikken,industry,alliander alliander-opensource fsfe,NLD,"gh:e2niee/pandapower,gh:flexiblepower/powermatcher,gh:manuvarkey/gelectrical,gh:nreca-bts/omf,gh:openipsl/openipsl,gh:powergridmodel/power-grid-model,gh:sanpen/veragrid"
nicou16,unknown,,,gh:energyscope/energyscope
nidomiro,unknown,,DEU,gh:akkudoktor-eos/eos
nie93,unknown,,USA,"gh:gridoptics/gridpack,gh:matpower/matpower"
niekbr,academic,eindhoven university of technology,NLD,gh:powergridmodel/power-grid-model
nigeljames-tess,industry,,,gh:opencemorg/opencem
nigglo,unknown,,,gh:spf-ost/optihood
nightknight2017,unknown,,,gh:pielube/messpy
niiarm,unknown,,,"gh:anl-ceeesa/unitcommitment.jl,gh:e2niee/pandapower,gh:grid2op/grid2op,gh:nrel-sienna/powersimulations.jl,gh:nrel-sienna/powersimulationsdynamics.jl,gh:openego/edisgo,gh:richard-weinhold/pomato,gh:rwl/pypower,gh:sanpen/veragrid"
nik-shubh,unknown,,,"gh:changgang/steps,gh:natlabrockies/pysam,gh:natlabrockies/sam"
nikapotato,academic,,,gh:slacgismo/tess
nikdom,industry,trivago,DEU,gh:akkudoktor-eos/eos
nikhilpawar,unknown,,,gl:dlr-ve/esy/remix/framework
nikitug,professional,enapter,,gh:oemof/oemof-solph
nikkib123,unknown,,,gh:oemof/oemof-solph
niklasbeinghaus,industry,deutsche fiskal gmbh,DEU,gh:akkudoktor-eos/eos
niklasdoerfler,unknown,,DEU,gh:akkudoktor-eos/eos
nikohou,industry,beebop.ai,AUT,"gh:oemof/oemof-solph,gh:rl-institut/multi-vector-simulator"
nikolaredstork,unknown,,,gh:antaressimulatorteam/antares_simulator
nina-vincent,unknown,,,"gh:balmorelcommunity/balmorel,gh:etsap-times/times_model,gh:natlabrockies/reeds-2.0,gh:optimal2050/energyrt,gh:osemosys/osemosys,gh:pypsa/pypsa,gh:sei-international/nemomod.jl,gh:switch-model/switch,gh:temoaproject/temoa,gh:tum-ens/urbs,gh:youngfaithful/capacityexpansion.jl"
ninamvincent,academic,university of washington,,"gh:eiagov/bluesky,gh:natlabrockies/reeds-2.0,gh:nrel-sienna/powersimulations.jl,gh:switch-model/switch"
nis-bucr,unknown,,,"gh:derrickoswald/cimapplication,gh:e2niee/pandapower"
nis-nurr,unknown,,,gh:derrickoswald/cimapplication
nis-sapl,unknown,,,"gh:derrickoswald/cimapplication,gh:e2niee/pandapower"
nit1995,utility,,IND,gh:calliope-project/calliope
nitbharambe,unknown,,,"gh:e2niee/pandapower,gh:powergridmodel/power-grid-model"
nitin-amp,unknown,,USA,"gh:pypsa/pypsa,gh:temoaproject/temoa"
nitingururajk,unknown,,,gh:assume-framework/assume
niuerhaizaishan,unknown,,,"gh:adgefficiency/energy-py,gh:ancillaryservicesacquisitionmodel/asam,gh:calliope-project/calliope,gh:emlab/emlab-generation,gh:epri-dev/opender,gh:fzj-iek3-vsa/fine,gh:iiasa/message_ix,gh:kiedanski/pymarket,gh:osemosys/osemosys,gh:richard-weinhold/pomato,gh:rl-institut/multi-vector-simulator,gh:tum-ens/urbs,gh:unsw-ceem/nempy"
niujide,academic,tianjin university,CHN,"gh:adamgreenhall/minpower,gh:natlabrockies/pras,gh:tum-ens/urbs"
njhspeechley,unknown,,,gh:genxproject/genx.jl
njjza,academic,uvic,AUS,gh:spine-tools/spineopt.jl
njoerd114,industry,sueddeutsche,DEU,gh:akkudoktor-eos/eos
nkPani,unknown,,,gh:natlabrockies/hopp
nkong1,unknown,,,"gh:genxproject/genx.jl,gh:nrel-sienna/powersimulationsdynamics.jl"
nmanduley,unknown,,,gh:microgrids-x/microgrids.py
nmanngit,academic,rptu kaiserslautern-landau,DEU,gh:akkudoktor-eos/eos
nmasedillo,professional,jacobs,PHL,"gh:natlabrockies/paraemt_public,gh:natlabrockies/pras,gh:pypsa/pypsa"
nmcminn-sms,unknown,,,gh:natlabrockies/reopt_api
nmitchellward,utility,aes clean energy,USA,"gh:genxproject/genx.jl,gh:pypsa/pypsa"
nmstreethran,unknown,,IRL,"gh:adamgreenhall/minpower,gh:calliope-project/calliope,gh:energy-modelling-toolkit/dispa-set,gh:etsap-times/times_model,gh:fraukewiese/renpass,gh:frkunz/stelmod,gh:ipese/reho,gh:natlabrockies/sam,gh:oemof/oemof-solph,gh:osemosys/osemosys,gh:pypsa/pypsa,gh:temoaproject/temoa,gh:tum-ens/urbs,gh:tum-ewk/ficus"
nnhjy,academic,eth zurich,CHE,"gh:irena-flextool/flextool,gh:pypsa/pypsa,gh:spine-tools/spineopt.jl,gh:tulipaenergy/tulipaenergymodel.jl"
nniinnoo,academic,universite de toulouse,FRA,gh:powergridmodel/power-grid-model
nnnicey,unknown,,,"gh:adamgreenhall/minpower,gh:pypsa/pypsa,gh:sanpen/veragrid"
noah80,unknown,,,"gh:fzj-iek3-vsa/fine,gh:unsw-ceem/nempy"
noahhendlish,unknown,,USA,"gh:etsap-times/times_model,gh:niclasmattsson/supergrid,gh:pypsa/pypsa"
noahrhodes,unknown,,,"gh:lanl-ansi/powermodels.jl,gh:lanl-ansi/powermodelsannex.jl,gh:nrel-sienna/powersimulations.jl"
nobbi1991,unknown,,,gh:akkudoktor-eos/eos
nobirdnobird,unknown,,,gh:akkudoktor-eos/eos
noce2,utility,field-energy,GBR,gh:adamgreenhall/minpower
noerw,unknown,,,gh:oemof/oemof-solph
nokxs,unknown,,DEU,gh:akkudoktor-eos/eos
nomadgis,unknown,,,gh:derrickoswald/cimapplication
noob-at-coding,unknown,,,gh:fzj-iek3-vsa/fine
noootch,industry,,,gh:akkudoktor-eos/eos
nope82,unknown,,,gh:tulipaenergy/tulipaenergymodel.jl
noracato,unknown,,NLD,"gh:quintel/etengine,gh:quintel/etmodel,gh:quintel/pyetm"
noriegaassociates-debug,professional,independent researcher,IDN,"gh:genxproject/genx.jl,gh:pnnl/tesp"
northalpha,unknown,,,gh:akkudoktor-eos/eos
nosratullah,academic,,CHE,gh:curent/andes
not-mork,unknown,,,"gh:critical-infrastructure-systems-lab/pownet,gh:temoaproject/temoa,gh:tum-ewk/ficus,gh:tum-ewk/opentumflex"
notnole,unknown,,,gh:oemof/oemof-solph
noufashub,unknown,,,gh:fzj-iek3-vsa/fine
nounou176,unknown,,VNM,gh:akkudoktor-eos/eos
nour-boulos,unknown,,,gh:zen-universe/zen-garden
novilu,unknown,,DEU,"gh:curent/andes,gh:sogno-platform/dpsim"
novova,unknown,,,"gh:idaholab/heron,gh:idaholab/hybrid"
npanczyk,unknown,,,gh:temoaproject/temoa
npapnet,academic,hellenic mediterranean university,GRC,gh:natlabrockies/pysam
nr282,unknown,,,gh:eiagov/bluesky
nrgeen,unknown,,,gh:akkudoktor-eos/eos
nrhein,unknown,,,gh:akkudoktor-eos/eos
nricco,unknown,,,gh:natlabrockies/hopp
nrlearn,unknown,,,gh:curent/andes
nschlemm,industry,coder nostra gmbh,DEU,"gh:adamgreenhall/minpower,gh:e2niee/pandapower,gh:grid2op/grid2op,gh:oemof/oemof-solph,gh:powergama/powergama,gh:powergridmodel/power-grid-model,gh:pypsa/pypsa"
nspatank,academic,binghamton university,USA,"gh:genxproject/genx.jl,gh:osemosys/osemosys,gh:temoaproject/temoa"
nssung,unknown,,,"gh:curent/andes,gh:e2niee/pandapower"
ntlamdut,unknown,,,"gh:curent/andes,gh:e2niee/pandapower,gh:pypsa/pypsa,gh:sanpen/veragrid,gh:susantoj/pypower-dynamics"
ntropy-esa,unknown,,,"gh:blue-marble/gridpath,gh:tum-ewk/ficus"
nuaawqf,academic,nanjing university of aeronautics and astronautics,CHN,"gh:dynawo/dynawo,gh:idaholab/hybrid"
nuistpg,academic,nanjing university,CHN,gh:akkudoktor-eos/eos
nukul4r,unknown,,,gh:akkudoktor-eos/eos
nuoheizi,academic,xi'an jiaotong uni,,"gh:calliope-project/calliope,gh:oemof/oemof-solph,gh:tum-ens/urbs"
nusratprova,industry,,SGP,gh:susantoj/pypower-dynamics
nuts-bottles,unknown,,,"gh:rwl/pypower,gh:susantoj/pypower-dynamics"
nwillems94,unknown,,,gh:eiagov/bluesky
nworbmot,academic,technische universitat berlin,,"gh:antaressimulatorteam/antares_simulator,gh:calliope-project/calliope,gh:curent/andes,gh:e2niee/pandapower,gh:eiagov/bluesky,gh:etsap-times/times_model,gh:genxproject/genx.jl,gh:lanl-ansi/powermodels.jl,gh:matpower/matpower,gh:matpower/most,gh:nrel-sienna/powersimulations.jl,gh:oemof/oemof-solph,gh:openego/edisgo,gh:openipsl/openipsl,gh:pypsa/pypsa,gh:robbiemorrison/deeco,gh:sanpen/veragrid,gh:switch-model/switch,gh:transition-zero/tz-osemosys"
nxshi,unknown,,,gh:genxproject/genx.jl
nyahn01,unknown,,,gh:fzj-iek3-vsa/fine
nyasha,unknown,,ZWE,gh:natlabrockies/reopt_api
nyashags,unknown,,,gh:ait-energy/iesopt.jl
nyejon,industry,,DEU,gh:curent/andes
oajayi2,academic,"university of maryland, baltimore county",,gh:natlabrockies/hopp
oakca,unknown,,,"gh:iiasa/message_ix,gh:oemof/oemof-solph,gh:tum-ens/urbs"
oameye,academic,university of konstanz,CHE,gh:juliaenergy/powerdynamics.jl
oangeor,unknown,,CHN,gh:rwl/pypower
oashmoore,unknown,,,gh:energyinnovation/eps-us
obeavers,professional,phosphorco,ARG,"gh:calliope-project/calliope,gh:oemof/oemof-solph,gh:osemosys/osemosys,gh:pypsa/pypsa"
obel1x,unknown,,DEU,gh:akkudoktor-eos/eos
obiwan79,unknown,,,gh:akkudoktor-eos/eos
ocbinatli,unknown,,TUR,gh:temoaproject/temoa
odajo,unknown,,,gh:leonardgoeke/anymod.jl
odellus,academic,phytomech,USA,gh:genxproject/genx.jl
odow,unknown,,NZL,"gh:anl-ceeesa/unitcommitment.jl,gh:energymodelsx/energymodelsbase.jl,gh:genxproject/genx.jl,gh:juliaenergy/powerdynamics.jl,gh:lanl-ansi/powermodels.jl,gh:lanl-ansi/powermodelsannex.jl,gh:natlabrockies/reopt.jl,gh:nrel-sienna/powersimulations.jl,gh:tulipaenergy/tulipaenergymodel.jl,gh:youngfaithful/capacityexpansion.jl"
oemof-developer,unknown,,,gh:oemof/oemof-solph
oettlco,professional,linemetrics,AUT,"gh:akkudoktor-eos/eos,gh:e2niee/pandapower,gh:grid-parity-exchange/egret,gh:oemof/oemof-solph,gh:pypsa/pypsa"
ohAnd,unknown,,DEU,gh:akkudoktor-eos/eos
oisindoherty3,industry,,CAN,"gh:adgefficiency/energy-py,gh:etsap-times/times_model"
ojdo,industry,x-ion gmbh,DEU,"gh:adamgreenhall/minpower,gh:emlab/emlab-generation,gh:juliaenergy/joulia.jl,gh:oemof/oemof-solph,gh:osemosys/osemosys,gh:robbiemorrison/deeco,gh:tum-ens/rivus,gh:tum-ens/urbs,gh:tum-ewk/ficus"
ojdo,unknown,,,gl:mosaik/mosaik
okocak95,unknown,,,"gh:calliope-project/calliope,gh:flixopt/flixopt,gh:oemof/oemof-solph,gh:oemof/oemof-thermal"
olejandro,industry,,,"gh:balmorelcommunity/balmorel,gh:eiagov/bluesky,gh:esmap-world-bank-group/epm,gh:etsap-times/times_model,gh:genxproject/genx.jl,gh:irena-flextool/flextool,gh:pnnl/exago"
olejorgenb,unknown,,NOR,gh:genxproject/genx.jl
oleso,unknown,,,gh:emlab/emlab-generation
olgagore,unknown,,,gh:emlab/emlab-generation
oli101010,unknown,,,gh:akkudoktor-eos/eos
oliver4701,unknown,,,gh:openipsl/openipsl
oliverdawid,unknown,,,gh:akkudoktor-eos/eos
oliverhung,unknown,,,gh:akkudoktor-eos/eos
oliverkarst,unknown,,,gh:akkudoktor-eos/eos
oliverstory,unknown,,,gh:opencemorg/opencem
ollah666,unknown,,DEU,gh:akkudoktor-eos/eos
ollie-bell,unknown,,,"gh:calliope-project/calliope,gh:pypsa/pypsa,gh:transition-zero/tz-osemosys"
ollielo,research,los alamos national lab,USA,gh:emlab/emlab-generation
oluchee,academic,kth royal institute of technology,SWE,gh:onsset/onsset
olugovoy,unknown,,,"gh:natlabrockies/reeds-2.0,gh:optimal2050/energyrt,gh:switch-model/switch,gh:temoaproject/temoa"
oluies,unknown,,SWE,gh:genxproject/genx.jl
omahs,unknown,,,"gh:calliope-project/calliope,gh:natlabrockies/hopp,gh:pypsa/pypsa"
omarmoh272001,unknown,,,"gl:sesit/copper,gl:sesit/silver"
omoafe,unknown,,,gh:onsset/onsset
omus,professional,beacon-biosignals,CAN,"gh:e2niee/pandapower,gh:lanl-ansi/powermodels.jl,gh:lanl-ansi/powermodelsannex.jl"
onceuponatime78,unknown,,,gh:akkudoktor-eos/eos
onepartho,unknown,,,gh:breakthrough-energy/reise.jl
oooshuang,unknown,,,gh:akkudoktor-eos/eos
oosterden,unknown,,,gh:emlab/emlab-generation
openinit,unknown,,,gh:akkudoktor-eos/eos
openmod-tracker,unknown,,,"gh:adamgreenhall/minpower,gh:adgefficiency/energy-py,gh:gh:adgefficiency/energy-py-linear,gh:ahalev/python-microgrid,gh:ait-energy/iesopt.jl,gh:akkudoktor-eos/eos,gh:ames-market/psst,gh:ancillaryservicesacquisitionmodel/asam,gh:andrewlyden/pylesa,gh:antaressimulatorteam/antares_simulator,gh:arras-energy/gridlabd,gh:arthurrinaldi/grimsel,gh:assume-framework/assume,gh:autarky-power/minigrid-jcc,gh:balmorelcommunity/balmorel,gh:behrangshirizadeh/eoles_elecres,gh:behrangshirizadeh/eoles_mv,gh:bje-/nemo,gh:blue-marble/gridpath,gh:breakthrough-energy/reise.jl,gh:btu-enerecon/em.power-invest,gh:caaficus/bewhere-model,gh:calliope-project/calliope,gh:changgang/steps,gh:chengts95/rustpower,gh:chrisyeh96/sustaingym,gh:critical-infrastructure-systems-lab/pownet,gh:csenkpiel/inve2st,gh:curent/andes,gh:derrickoswald/cimapplication,gh:dgusain1/energysim,gh:drafproject/draf,gh:dss-extensions/dss_capi,gh:dynawo/dynawo,gh:e2niee/pandapower,gh:e3-/resolve,gh:eiagov/bluesky,gh:electa-git/flexplan.jl,gh:elseviersoftwarex/softx_2020_61,gh:emlab/emlab-generation,gh:emma-model/emma,gh:energy-modelling-toolkit/dispa-set,gh:energyinnovation/eps-us,gh:energymodelsx/energymodelsbase.jl,gh:energyscope/energyscope,gh:energysystemsmodellinglab/muse_os,gh:epgoxford/open,gh:epri-dev/opender,gh:epri-dev/opendss-c,gh:erf-model/erf,gh:etsap-times/times_model,gh:fabmid/open-energy-cell-simulation,gh:flexiblepower/powermatcher,gh:flexigis/flexigis,gh:flixopt/flixopt,gh:fraukewiese/renpass,gh:frkunz/stelmod,gh:future-power-networks/simplus-grid-tool,gh:fzj-iek3-vsa/fine,gh:g-pst/inertia,gh:genxproject/genx.jl,gh:gmlc-dispatches/dispatches,gh:grid-parity-exchange/egret,gh:grid2op/chronix2grid,gh:grid2op/grid2op,gh:gridfm/gridfm-graphkit,gh:gridoptics/gridpack,gh:highres-model/highres-europe,gh:hope-model-project/hope,gh:idaholab/heron,gh:idaholab/hybrid,gh:ie3-institute/powersystemdatamodel,gh:ie3-institute/simona,gh:iee-tugraz/lego,gh:iit-energysystemmodels/openmaster,gh:iit-energysystemmodels/opensduc,gh:iit-energysystemmodels/opentepes,gh:iit-energysystemmodels/starlite,gh:inwe-boku/medea,gh:ipese/reho,gh:irena-flextool/flextool,gh:irpsim/irpopt,gh:juliaenergy/joulia.jl,gh:juliaenergy/powerdynamics.jl,gh:kiedanski/pymarket,gh:lanl-ansi/powermodels.jl,gh:lanl-ansi/powermodelsannex.jl,gh:leonardgoeke/anymod.jl,gh:lkruitwagen/global-fossil-fuel-supply-chain,gh:lukasbarner/hydrogenmod.jl,gh:lvorspel/digripy,gh:macroenergy/macroenergy.jl,gh:manuvarkey/gelectrical,gh:marvinler/pypownet,gh:matpower/matpower,gh:matpower/most,gh:mbheinen/bpa-ipf-tsp,gh:mesmo-dev/mesmo,gh:microgrids-x/microgrids.py,gh:microgridspy/microgridspy,gh:mzy2240/esa,gh:natlabrockies/coral,gh:natlabrockies/emerge,gh:natlabrockies/gear-scoup,gh:natlabrockies/h2integrate,gh:natlabrockies/hopp,gh:natlabrockies/hybridbosse,gh:natlabrockies/mafrit,gh:natlabrockies/paraemt_public,gh:natlabrockies/pras,gh:natlabrockies/pysam,gh:natlabrockies/reeds-2.0,gh:natlabrockies/reopt.jl,gh:natlabrockies/rodeo,gh:natlabrockies/sam,gh:natlabrockies/wpgnn,gh:niclasmattsson/supergrid,gh:nlr-distribution-suite/erad,gh:nreca-bts/omf,gh:nrel-sienna/powersimulations.jl,gh:nrel-sienna/powersimulationsdynamics.jl,gh:nrel-sienna/powersystemsinvestments.jl,gh:oemof/oemof-solph,gh:oemof/oemof-thermal,gh:opencemorg/opencem,gh:openego/edisgo,gh:openego/ego,gh:openipsl/openipsl,gh:optimal2050/energyrt,gh:osemosys/osemosys,gh:pencleanenergy/match-model,gh:philipphaertel/emprise,gh:pielube/messpy,gh:pnnl/exago,gh:pnnl/tesp,gh:powergridmodel/power-grid-model,gh:powsybl/powsybl-core,gh:powsybl/powsybl-open-loadflow,gh:powsybl/pypowsybl,gh:prep-next/prep-shot,gh:psrenergy/sddpdso.jl,gh:pypsa/pypsa,gh:quintel/etengine,gh:quintel/etmodel,gh:rahmankhorramfar91/jpong,gh:rebase-energy/enflow,gh:reegis/deflex,gh:rheia-framework/rheia,gh:richard-weinhold/pomato,gh:rl-institut/multi-vector-simulator,gh:robbiemorrison/deeco,gh:romulus97/capow_py36,gh:roseautechnologies/roseau_load_flow,gh:rwl/pypower,gh:sanpen/veragrid,gh:sei-international/nemomod.jl,gh:simjunky/leelo,gh:slacgismo/tess,gh:sogno-platform/dpsim,gh:sogno-platform/pymfm,gh:soheilmohseni/pymicrogridcontrol,gh:sp-etx/friendlysam,gh:spf-ost/optihood,gh:spine-tools/spineopt.jl,gh:stanford-eao/bridges,gh:susantoj/pypower-dynamics,gh:switch-model/switch,gh:temoaproject/temoa,gh:thales1330/psp,gh:transient-official/transient-lib,gh:tulipaenergy/tulipaenergymodel.jl,gh:tum-ens/rivus,gh:tum-ens/urbs,gh:tum-ewk/ficus,gh:tum-ewk/opentumflex,gh:unsw-ceem/nempy,gh:upb-lea/electricgrid.jl,gh:uu-er/adopt-net0,gh:villasframework/node,gh:vub-hydr/revub,gh:yanzhaochang/psatools-python,gh:youngfaithful/capacityexpansion.jl,gh:zen-universe/zen-garden"
opensamai,unknown,,JPN,gh:akkudoktor-eos/eos
orange555555555,unknown,,,gh:energy-modelling-toolkit/dispa-set
orangeluc,industry,sia,NLD,"gh:calliope-project/calliope,gh:emlab/emlab-generation,gh:optimal2050/energyrt,gh:sanpen/veragrid"
orcunbaslak,industry,solarian,TUR,gh:natlabrockies/pysam
oren0e,industry,,,gh:adgefficiency/energy-py
orfanosm,unknown,,,"gh:anl-ceeesa/unitcommitment.jl,gh:epgoxford/open,gh:pypsa/pypsa,gh:rwl/pypower"
org-tekeli-borisp,unknown,,,gh:akkudoktor-eos/eos
originalsouth,unknown,,,"gh:genxproject/genx.jl,gh:nrel-sienna/powersimulations.jl"
oriollacave,professional,vortexfdc,ESP,gh:erf-model/erf
orishko-py,unknown,,,"gh:adamgreenhall/minpower,gh:calliope-project/calliope,gh:critical-infrastructure-systems-lab/pownet,gh:lanl-ansi/powermodels.jl,gh:richard-weinhold/pomato,gh:sanpen/veragrid"
orlaude,professional,magna,DEU,gh:akkudoktor-eos/eos
oroppas,unknown,,,"gh:curent/andes,gh:lanl-ansi/powermodels.jl,gh:nrel-sienna/powersimulations.jl,gh:nrel-sienna/powersimulationsdynamics.jl,gh:powsybl/pypowsybl"
orphan2020,unknown,,,gh:akkudoktor-eos/eos
orrmendelson,unknown,,,gh:natlabrockies/reopt.jl
ortenburger,unknown,,,gh:akkudoktor-eos/eos
osaruagbonaye,professional,res group,GBR,gh:epgoxford/open
osbgx,professional,saci h petersen,PRY,gh:akkudoktor-eos/eos
oschick,professional,slalom,DEU,gh:akkudoktor-eos/eos
oskarpfeffer,unknown,,,gh:juliaenergy/powerdynamics.jl
osorensen,academic,university of oslo,NOR,gh:upb-lea/electricgrid.jl
ostocker,unknown,,DEU,gh:akkudoktor-eos/eos
ottosax,unknown,,DEU,gh:akkudoktor-eos/eos
ouafaebousbaa-io,unknown,,,"gh:idaholab/hybrid,gh:pypsa/pypsa"
oudommeas,unknown,,,gh:akkudoktor-eos/eos
ourownstory,academic,stanford university,USA,gh:pencleanenergy/match-model
outravacanomillo,unknown,,,gh:natlabrockies/reopt_api
over7seas,unknown,,,gh:akkudoktor-eos/eos
owen-e3,unknown,,,gh:e3-/resolve
owen-k23,unknown,,,gh:energy-modelling-toolkit/dispa-set
owenfrausto,academic,university of pennsylvania,,gh:natlabrockies/emerge
owenlamont,industry,optigrid,AUS,"gh:akkudoktor-eos/eos,gh:pypsa/pypsa"
owenphiri,industry,,,gh:akkudoktor-eos/eos
own-boldsbrain,unknown,,,"gh:natlabrockies/reeds-2.0,gh:natlabrockies/sam,gh:oemof/oemof-solph"
oyren,unknown,,DEU,gh:akkudoktor-eos/eos
ozgurcansakinci,unknown,,,gh:emlab/emlab-generation
ozkibr,unknown,,JOR,gh:natlabrockies/reopt_api
p-arvy,unknown,,,"gh:powsybl/powsybl-core,gh:powsybl/powsybl-open-loadflow,gh:powsybl/pypowsybl"
p-snft,academic,german aerospace center,DEU,"gh:oemof/oemof-solph,gh:oemof/oemof-thermal"
p-vbordei,industry,,,gh:akkudoktor-eos/eos
p32929,industry,,,gh:akkudoktor-eos/eos
pRohrbeck,unknown,,,gh:assume-framework/assume
pablomarcel,unknown,,,"gh:pielube/messpy,gh:pypsa/pypsa"
pablrome,unknown,,,gh:iit-energysystemmodels/opensduc
pacog,professional,polarsteps,,"gh:quintel/etengine,gh:quintel/etmodel,gh:quintel/pyetm"
padraigobrien,academic,,,gh:adgefficiency/energy-py
pafela,unknown,,,gh:akkudoktor-eos/eos
pafreitag,unknown,,,gh:fzj-iek3-vsa/fine
paglobal,unknown,,,"gh:curent/andes,gh:e2niee/pandapower,gh:lanl-ansi/powermodels.jl,gh:matpower/matpower,gh:pypsa/pypsa,gh:rwl/pypower,gh:sanpen/veragrid"
paguenther,professional,sap,DEU,gh:akkudoktor-eos/eos
pahao,unknown,,GBR,gh:fabmid/open-energy-cell-simulation
paivaj,unknown,,,gh:powergridmodel/power-grid-model
pajot,unknown,,,gh:oemof/oemof-solph
palasinio,unknown,,,gh:akkudoktor-eos/eos
panademo,unknown,,,"gh:epri-dev/opender,gh:flexiblepower/powermatcher,gh:grid2op/grid2op,gh:natlabrockies/sam,gh:powergridmodel/power-grid-model"
panggah22,academic,chung-ang university (cau),KOR,gh:rwl/pypower
pangmen,unknown,,,"gh:powergridmodel/power-grid-model,gh:pypsa/pypsa"
pankajragmy,unknown,,,gh:fzj-iek3-vsa/fine
panmaker,unknown,,,gh:calliope-project/calliope
pantaopku,unknown,,,"gh:etsap-times/times_model,gh:iiasa/message_ix"
panther-sh,unknown,,,gh:akkudoktor-eos/eos
pap212,unknown,,,gh:natlabrockies/emerge
papablazad,unknown,,AUS,gh:sienna-platform/powersystemsinvestments.jl
papanikandros,unknown,,,"gh:flexigis/flexigis,gh:lvorspel/digripy,gh:oemof/oemof-solph,gh:pypsa/pypsa"
paragpatil39,academic,fraunhofer ieg,DEU,"gh:assume-framework/assume,gh:rl-institut/multi-vector-simulator"
parangat94,research,national renewable energy laboratory,USA,"gh:natlabrockies/hopp,gh:natlabrockies/hybridbosse,gh:natlabrockies/sam"
pareal,unknown,,,gh:akkudoktor-eos/eos
parinchaipunya,utility,kmutt,THA,gh:pypsa/pypsa
paritoshdas,research,national renewable energy laboratory,,gh:natlabrockies/pysam
parjanya-y,unknown,,,gh:natlabrockies/paraemt_public
parker-wild-e3,industry,"energy + environmental economics, inc.",USA,"gh:natlabrockies/pysam,gh:natlabrockies/reeds-2.0,gh:natlabrockies/reopt.jl,gh:natlabrockies/sam"
paronax,unknown,,,gh:energy-modelling-toolkit/dispa-set
pascalzahnde,unknown,,,gh:akkudoktor-eos/eos
pascmarchand,unknown,,DEU,gh:akkudoktor-eos/eos
pasrom,unknown,,,gh:oemof/oemof-solph
passion4energy,utility,,DEU,"gh:fzj-iek3-vsa/fine,gh:oemof/oemof-solph,gh:rwl/pypower,gh:susantoj/pypower-dynamics,gh:tum-ens/urbs"
patepelo,industry,,ESP,gh:akkudoktor-eos/eos
pathiran22,academic,uclouvain,BEL,gh:energyscope/energyscope
patlinGER,unknown,,,gh:akkudoktor-eos/eos
pato-gg,professional,,MEX,gh:eiagov/bluesky
patrickbrown4,unknown,,,"gh:natlabrockies/pras,gh:natlabrockies/pysam,gh:natlabrockies/reeds-2.0,gh:natlabrockies/reopt.jl,gh:natlabrockies/sam,gh:nrel-sienna/powersimulations.jl,gh:nrel-sienna/powersystemsinvestments.jl,gh:switch-model/switch"
patrickbryant,academic,aaas stpf fellow,USA,"gh:genxproject/genx.jl,gh:natlabrockies/reeds-2.0"
patrickdowling,unknown,,DEU,gh:akkudoktor-eos/eos
patrickjmathiesen,unknown,,,gh:natlabrockies/reopt_api
patrickschwarzpasch,industry,systems engineer bosch,,gh:akkudoktor-eos/eos
patrickvonplaten,unknown,,,gh:energyinnovation/eps-us
paul-rupf,unknown,,,gh:richard-weinhold/pomato
paula-passet,unknown,,,gh:powergridmodel/power-grid-model
paulaborba1,unknown,,,gh:calliope-project/calliope
paulapreuss,academic,reiner lemoine institute,,gh:oemof/oemof-solph
paule96,industry,hmp software solutions gmbh,DEU,gh:akkudoktor-eos/eos
paulhagen,industry,,DEU,gh:akkudoktor-eos/eos
pauljgasper,academic,,,gh:e3-/resolve
paulpf,unknown,,,gh:akkudoktor-eos/eos
paulsmoses,academic,electrical engineer at the university of oklahoma,,"gh:matpower/matpower,gh:natlabrockies/paraemt_public"
paustnes1,unknown,,,gh:energyscope/energyscope
pawansinghexe,unknown,,,gh:genxproject/genx.jl
pawellytaev,unknown,,,"gh:e2niee/pandapower,gh:powergridmodel/power-grid-model"
payetvin,unknown,,,gh:antaressimulatorteam/antares_simulator
pbriesch,unknown,,DEU,gh:akkudoktor-eos/eos
pc007007,unknown,,,"gh:e2niee/pandapower,gh:manuvarkey/gelectrical,gh:rwl/pypower"
pcacunar,unknown,,,gh:andrewlyden/pylesa
pcpp94,industry,power company,ARE,"gh:powergridmodel/power-grid-model,gh:pypsa/pypsa"
pdb-94,academic,university of applied science cologne,DEU,gh:fzj-iek3-vsa/fine
pdb5627,unknown,,,gh:oemof/oemof-solph
pdj555,academic,,USA,"gh:e2niee/pandapower,gh:powergridmodel/power-grid-model,gh:pypsa/pypsa"
pdockery,unknown,,,gh:assume-framework/assume
pduenas,unknown,,,gh:genxproject/genx.jl
pdxfrog,unknown,,USA,gh:natlabrockies/reopt_api
pedrohnv,academic,universidade federal do rio de janeiro,BRA,"gh:rwl/pypower,gh:susantoj/pypower-dynamics"
pedromxavier,academic,purdue university,USA,"gh:assume-framework/assume,gh:lanl-ansi/powermodels.jl,gh:psrenergy/sddpdso.jl,gh:pypsa/pypsa"
peetdnk,unknown,,,gh:akkudoktor-eos/eos
pelekhs,unknown,,GRC,"gh:osemosys/osemosys,gh:sogno-platform/dpsim"
pelesh,government,,USA,"gh:gridoptics/gridpack,gh:pnnl/exago"
pen960223,unknown,,,"gh:e2niee/pandapower,gh:pypsa/pypsa,gh:rwl/pypower"
pengtb,unknown,,,gh:natlabrockies/pysam
pengxiang-liu,academic,city university of hong kong,HKG,"gh:drafproject/draf,gh:genxproject/genx.jl,gh:prep-next/prep-shot,gh:pypsa/pypsa,gh:sanpen/veragrid,gh:tum-ens/urbs"
pep8speaks,industry,orkohunter,,"gh:oemof/oemof-solph,gh:reegis/deflex"
pepperblue,unknown,,,gh:natlabrockies/pysam
perestoronin,industry,perestoroniny,RUS,gh:onsset/onsset
peripheral6,unknown,,,gh:natlabrockies/pysam
perry0418,utility,electric power research institute,CHN,"gh:e2niee/pandapower,gh:pypsa/pypsa,gh:rwl/pypower"
perthjin,unknown,,,"gh:curent/andes,gh:future-power-networks/simplus-grid-tool,gh:natlabrockies/paraemt_public,gh:pnnl/exago"
pescortell,unknown,,,gh:genxproject/genx.jl
pet-mit,unknown,,,"gh:antaressimulatorteam/antares_simulator,gh:powsybl/powsybl-core,gh:powsybl/powsybl-open-loadflow,gh:powsybl/pypowsybl"
petebachant,academic,caltech,USA,gh:pypsa/pypsa
peter279k,academic,institute for information industry,TWN,"gh:adgefficiency/energy-py,gh:tum-ens/urbs"
peter890331,industry,,TWN,"gh:e2niee/pandapower,gh:pielube/messpy"
petersalemink95,unknown,,,"gh:grid2op/grid2op,gh:powergridmodel/power-grid-model"
petrareisz,unknown,,,gh:ait-energy/iesopt.jl
pex0icu812,unknown,,,gh:eiagov/bluesky
peytonmcnully,unknown,,,"gh:blue-marble/gridpath,gh:curent/andes,gh:e2niee/pandapower,gh:lanl-ansi/powermodels.jl,gh:manuvarkey/gelectrical,gh:nrel-sienna/powersimulationsdynamics.jl,gh:oemof/oemof-thermal,gh:powergridmodel/power-grid-model,gh:sanpen/veragrid,gh:switch-model/switch,gh:tum-ens/urbs"
pfoy,unknown,,,gh:adgefficiency/energy-py
pguenz,unknown,,,gh:leonardgoeke/anymod.jl
ph-copa,unknown,,,"gh:e2niee/pandapower,gh:pypsa/pypsa,gh:roseautechnologies/roseau_load_flow,gh:rwl/pypower"
phaabe,unknown,,DEU,gh:akkudoktor-eos/eos
phantom-balance,unknown,,,gh:fzj-iek3-vsa/fine
pherodeon,unknown,,,"gh:energy-modelling-toolkit/dispa-set,gh:etsap-times/times_model,gh:iit-energysystemmodels/opentepes,gh:spine-tools/spineopt.jl,gh:tum-ens/urbs"
phil-fzj,unknown,,,"gh:fzj-iek3-vsa/fine,gh:pypsa/pypsa"
philawa,unknown,,,gh:richard-weinhold/pomato
philip-weber,unknown,,DEU,gh:akkudoktor-eos/eos
philiper,unknown,,,gh:adamgreenhall/minpower
philipohnewein,unknown,,,gh:natlabrockies/pysam
philippGraf,industry,consolinno energy gmbh,DEU,gh:oemof/oemof-solph
philipphanemann,unknown,,,gh:oemof/oemof-solph
philipphulm,academic,technical university of munich,DEU,gh:mesmo-dev/mesmo
philkkk,unknown,,,gh:akkudoktor-eos/eos
phillip1029,unknown,,,gh:akkudoktor-eos/eos
philreyp,unknown,,,"gh:curent/andes,gh:e2niee/pandapower,gh:matpower/matpower,gh:openego/ego,gh:pypsa/pypsa"
phlptp,government,lawrence livermore national laboratory,USA,gh:openipsl/openipsl
phoerious,academic,bauhaus-universitat weimar,,gh:akkudoktor-eos/eos
phymucs,unknown,,,"gh:changgang/steps,gh:dynawo/dynawo,gh:e2niee/pandapower,gh:epri-dev/opender,gh:manuvarkey/gelectrical,gh:matpower/matpower,gh:natlabrockies/paraemt_public,gh:natlabrockies/sam,gh:nreca-bts/omf,gh:nrel-sienna/powersimulations.jl,gh:nrel-sienna/powersimulationsdynamics.jl,gh:pnnl/tesp,gh:pypsa/pypsa,gh:sei-international/nemomod.jl,gh:sogno-platform/dpsim"
pia21702,unknown,,,gh:akkudoktor-eos/eos
piachetti,academic,university of victoria,AUS,gh:calliope-project/calliope
pidandanta,unknown,,,gh:future-power-networks/simplus-grid-tool
pielube,unknown,,,"gh:highres-model/highres-europe,gh:pielube/messpy"
pierlosi,unknown,,,gh:zen-universe/zen-garden
pierre-haessig,unknown,,FRA,"gh:ahalev/python-microgrid,gh:behrangshirizadeh/eoles_elecres,gh:fzj-iek3-vsa/fine,gh:irena-flextool/flextool,gh:lanl-ansi/powermodels.jl,gh:leonardgoeke/anymod.jl,gh:microgrids-x/microgrids.py,gh:nrel-sienna/powersimulations.jl,gh:nrel-sienna/powersimulationsdynamics.jl,gh:openipsl/openipsl"
pierrepetersmeier,industry,,DEU,"gh:ie3-institute/powersystemdatamodel,gh:ie3-institute/simona"
pierrevrstrtn,unknown,,,gh:energyscope/energyscope
pieterminnaar,unknown,,,gh:powergridmodel/power-grid-model
pietrocipolla,academic,politecnico di milano and european institute on economics and the environment,ITA,"gh:genxproject/genx.jl,gh:macroenergy/macroenergy.jl"
pig25t,unknown,,,gh:natlabrockies/pysam
pije76,industry,,IDN,gh:adamgreenhall/minpower
piliadis,unknown,,,"gh:calliope-project/calliope,gh:changgang/steps,gh:curent/andes,gh:dynawo/dynawo,gh:e2niee/pandapower,gh:energy-modelling-toolkit/dispa-set,gh:lanl-ansi/powermodels.jl,gh:leonardgoeke/anymod.jl,gh:matpower/matpower,gh:nrel-sienna/powersimulations.jl,gh:oemof/oemof-solph,gh:openipsl/openipsl,gh:pypsa/pypsa,gh:rwl/pypower,gh:sanpen/veragrid,gh:tum-ens/urbs"
pilillo,industry,data-mill.cloud,not found,gh:adgefficiency/energy-py
pingud98,unknown,,,gh:etsap-times/times_model
pipeacosta,academic,rwth aachen university,COL,"gh:openipsl/openipsl,gh:sogno-platform/dpsim,gh:villasframework/node"
pitmonticone,academic,university of trento,ITA,"gh:energyscope/energyscope,gh:genxproject/genx.jl,gh:iiasa/message_ix,gh:juliaenergy/joulia.jl,gh:nrel-sienna/powersimulations.jl,gh:optimal2050/energyrt,gh:pypsa/pypsa"
pixlcode,unknown,,,"gh:akkudoktor-eos/eos,gh:natlabrockies/sam"
pjaeker,unknown,,,gh:natlabrockies/reopt_api
pjared,unknown,,,gh:akkudoktor-eos/eos
pjhansen,unknown,,,gh:oemof/oemof-solph
pjjennings,unknown,,USA,gh:calliope-project/calliope
pjotre1959,industry,,DEU,gh:akkudoktor-eos/eos
pjpan,professional,,CHN,gh:mesmo-dev/mesmo
pjrulez,unknown,,,gh:villasframework/node
pjstanle,unknown,,,"gh:natlabrockies/h2integrate,gh:natlabrockies/hopp"
pjstein,unknown,,,gh:genxproject/genx.jl
pjungkamp,academic,,DEU,"gh:sogno-platform/dpsim,gh:villasframework/node"
pkassing,government,buro happold,DEU,gh:oemof/oemof-solph
pke,unknown,,,gh:akkudoktor-eos/eos
pkieck,industry,helmholtz ai | kit,DEU,gh:gridfm/gridfm-graphkit
pkjha-aero,research,lawrence livermore national laboratory,USA,gh:erf-model/erf
pkl520,unknown,,,gh:adgefficiency/energy-py
pks3,unknown,,,gh:natlabrockies/sam
pkulwj1994,academic,peking university,CHN,gh:emlab/emlab-generation
pkuppens,financial,pieterkuppens.net,NLD,gh:powergridmodel/power-grid-model
pl-buiquang,professional,philips-internal,,"gh:antaressimulatorteam/antares_simulator,gh:powsybl/powsybl-core"
player1537,unknown,,,gh:curent/andes
playghost,unknown,,,gh:rwl/pypower
pleen,unknown,,KOR,gh:akkudoktor-eos/eos
plokkingmachine,unknown,,,"gh:natlabrockies/sam,gh:oemof/oemof-solph,gh:tum-ens/urbs"
plopp,professional,zenseact ab,SWE,gh:sp-etx/friendlysam
plover0226,unknown,,,gh:mesmo-dev/mesmo
plurigrid,academic,,,"gh:genxproject/genx.jl,gh:juliaenergy/powerdynamics.jl,gh:leonardgoeke/anymod.jl,gh:nrel-sienna/powersimulations.jl,gh:nrel-sienna/powersimulationsdynamics.jl"
pmayostendorp,unknown,,,"gh:natlabrockies/pysam,gh:nreca-bts/omf"
pmbecoulet,unknown,,,gh:roseautechnologies/roseau_load_flow
pmchrist,academic,,NLD,gh:tulipaenergy/tulipaenergymodel.jl
pmcwhannel,academic,simon fraser university,,"gh:blue-marble/gridpath,gh:lanl-ansi/powermodels.jl,gh:openego/edisgo,gh:pypsa/pypsa,gh:spine-tools/spineopt.jl"
pmocz,academic,flatiron institute,USA,gh:genxproject/genx.jl
pmondal482,unknown,,,gh:natlabrockies/pysam
pmurios-github,unknown,,,gh:spf-ost/optihood
pngai94104,unknown,,,gh:e3-/resolve
pnpolcher,industry,,ESP,gh:powergridmodel/power-grid-model
poderico,unknown,,,gh:antaressimulatorteam/antares_simulator
poehlerflorian,unknown,,DEU,gh:akkudoktor-eos/eos
pofi5000,unknown,,,gh:akkudoktor-eos/eos
pogechi,unknown,,ITA,"gh:microgrids-x/microgrids.py,gh:microgridspy/microgridspy"
polaberina,unknown,,,gh:assume-framework/assume
pollierer,unknown,,,gh:akkudoktor-eos/eos
pollychang8,unknown,,,"gh:changgang/steps,gh:mbheinen/bpa-ipf-tsp"
poochat,unknown,,,"gh:pypsa/pypsa,gh:rwl/pypower,gh:sanpen/veragrid"
potatoqueen3,unknown,,,gh:ait-energy/iesopt.jl
power-grid-model-ci-bot[bot],unknown,,,gh:powergridmodel/power-grid-model
powerflow77,industry,,KOR,"gh:adgefficiency/energy-py,gh:ames-market/psst,gh:chrisyeh96/sustaingym,gh:grid2op/grid2op,gh:marvinler/pypownet,gh:mesmo-dev/mesmo,gh:rebase-energy/enflow"
ppff,unknown,,,gh:roseautechnologies/roseau_load_flow
pphuth,unknown,,DEU,"gh:dynawo/dynawo,gh:openipsl/openipsl"
ppinchuk,government,nlr,USA,"gh:natlabrockies/hopp,gh:natlabrockies/pysam,gh:natlabrockies/wpgnn"
pprianto,unknown,,,"gh:e2niee/pandapower,gh:lanl-ansi/powermodels.jl,gh:lanl-ansi/powermodelsannex.jl,gh:pypsa/pypsa"
pprinz227,unknown,,,gh:akkudoktor-eos/eos
praba230890,unknown,,,gh:rwl/pypower
pracherla9,unknown,,,gh:genxproject/genx.jl
pragadeeshm,unknown,,,gh:natlabrockies/reopt_api
prakaa,utility,,,"gh:bje-/nemo,gh:genxproject/genx.jl,gh:juliaenergy/powerdynamics.jl,gh:lanl-ansi/powermodels.jl,gh:nrel-sienna/powersimulations.jl,gh:nrel-sienna/powersimulationsdynamics.jl,gh:oemof/oemof-solph,gh:osemosys/osemosys,gh:pypsa/pypsa,gh:sanpen/veragrid,gh:unsw-ceem/nempy,gh:youngfaithful/capacityexpansion.jl"
pramanikmd49-boop,unknown,,,gh:epgoxford/open
pranavdeep1992,unknown,,,"gh:oemof/oemof-solph,gh:pypsa/pypsa"
pranaykasturi,unknown,,,gh:oemof/oemof-solph
pranaykasturi,unknown,,,gl:mosaik/mosaik
prao7,academic,cu,,"gh:natlabrockies/pras,gh:nrel-sienna/powersystemsinvestments.jl"
pratikvn,academic,,DEU,gh:erf-model/erf
pravussum,unknown,,,gh:akkudoktor-eos/eos
pre-commit-ci,unknown,,,"gh:ait-energy/iesopt.jl,gh:calliope-project/calliope,gh:energysystemsmodellinglab/muse_os,gh:pypsa/pypsa"
pre-commit-ci[bot],unknown,,,"gh:ait-energy/iesopt.jl,gh:calliope-project/calliope,gh:energysystemsmodellinglab/muse_os,gh:pypsa/pypsa"
preisz,unknown,,,gh:ait-energy/iesopt.jl
prenzlauerberg,industry,,,gh:natlabrockies/pysam
pressel,unknown,,USA,gh:erf-model/erf
princepscellus,unknown,,,gh:akkudoktor-eos/eos
priyald17,academic,,,"gh:gridfm/gridfm-graphkit,gh:rwl/pypower"
proggaras,unknown,,CHE,gh:akkudoktor-eos/eos
proggy,academic,german aerospace center (dlr),DEU,"gh:critical-infrastructure-systems-lab/pownet,gh:e2niee/pandapower,gh:energy-modelling-toolkit/dispa-set,gh:juliaenergy/powerdynamics.jl,gh:oemof/oemof-solph,gh:pypsa/pypsa,gh:rwl/pypower,gh:sanpen/veragrid,gh:tum-ens/rivus"
promitmoitra,academic,"indian institute of technology, kanpur",IND,gh:natlabrockies/pysam
pronoobe,unknown,,,gh:soheilmohseni/pymicrogridcontrol
protenhan,professional,lion5,DEU,gh:akkudoktor-eos/eos
prototux,industry,,FIN,gh:akkudoktor-eos/eos
psa2ss,unknown,,,"gh:changgang/steps,gh:chengts95/rustpower,gh:curent/andes,gh:dynawo/dynawo,gh:future-power-networks/simplus-grid-tool,gh:matpower/matpower,gh:mbheinen/bpa-ipf-tsp,gh:microgrids-x/microgrids.py,gh:natlabrockies/paraemt_public,gh:nrel-sienna/powersimulations.jl,gh:openipsl/openipsl,gh:powsybl/powsybl-core,gh:pypsa/pypsa,gh:sanpen/veragrid,gh:sogno-platform/dpsim,gh:thales1330/psp,gh:upb-lea/electricgrid.jl,gh:yanzhaochang/psatools-python"
psalias2006,unknown,,,gh:adgefficiency/energy-py
pseudocubic,research,los alamos national laboratory,USA,"gh:lanl-ansi/powermodels.jl,gh:lanl-ansi/powermodelsannex.jl"
pshlime,unknown,,,gh:genxproject/genx.jl
psk1998,academic,the pennsylvania state university,USA,gh:adgefficiency/energy-py
pskrrw2,academic,,IND,gh:akkudoktor-eos/eos
psomm,academic,fh munster university of applied sciences,DEU,"gh:akkudoktor-eos/eos,gh:flexigis/flexigis"
psscar,unknown,,,"gh:e2niee/pandapower,gh:matpower/matpower,gh:pypsa/pypsa,gh:rwl/pypower"
pswild,academic,princeton university,,"gh:e3-/resolve,gh:genxproject/genx.jl,gh:natlabrockies/pysam,gh:natlabrockies/reeds-2.0,gh:natlabrockies/sam,gh:switch-model/switch"
psych094,unknown,,,gh:akkudoktor-eos/eos
psychon,unknown,,,gh:oemof/oemof-solph
pthon,unknown,,,gh:e2niee/pandapower
ptsavol,unknown,,,"gh:irena-flextool/flextool,gh:spine-tools/spineopt.jl"
pudlbot,professional,catalyst-cooperative,USA,gh:eiagov/bluesky
pumpkid,unknown,,,gh:natlabrockies/paraemt_public
puncan,unknown,,,gh:idaholab/hybrid
puneethmishra,unknown,,,"gh:adgefficiency/energy-py,gh:natlabrockies/pysam"
pwdemars,academic,,,"gh:adgefficiency/energy-py,gh:calliope-project/calliope,gh:grid-parity-exchange/egret,gh:grid2op/grid2op,gh:gridfm/gridfm-graphkit"
pweigmann,unknown,,,gh:juliaenergy/powerdynamics.jl
pwiniger,unknown,,,gh:calliope-project/calliope
pwxy,unknown,,,gh:erf-model/erf
pyrokar1993,professional,in-ret,DEU,gh:oemof/oemof-solph
python152,unknown,,,gh:gridoptics/gridpack
pyup-bot,professional,pyupio,,gh:curent/andes
pywugate,unknown,,,"gh:sei-international/nemomod.jl,gh:spine-tools/spineopt.jl"
pz-max,professional,open energy transition,DEU,"gh:curent/andes,gh:dynawo/dynawo,gh:e2niee/pandapower,gh:epgoxford/open,gh:esmap-world-bank-group/epm,gh:flexigis/flexigis,gh:fzj-iek3-vsa/fine,gh:genxproject/genx.jl,gh:iit-energysystemmodels/opentepes,gh:irena-flextool/flextool,gh:leonardgoeke/anymod.jl,gh:matpower/matpower,gh:natlabrockies/reeds-2.0,gh:powergridmodel/power-grid-model,gh:pypsa/pypsa,gh:rwl/pypower,gh:sei-international/nemomod.jl,gh:tum-ens/urbs,gh:upb-lea/electricgrid.jl"
pz-max,unknown,,,gl:dlr-ve/esy/amiris/amiris
q1blue,industry,quantumblockchainai,,gh:energysystemsmodellinglab/muse_os
q86091483,unknown,,AUS,gh:erf-model/erf
qheuristics,unknown,,,"gh:adamgreenhall/minpower,gh:antaressimulatorteam/antares_simulator,gh:bje-/nemo,gh:calliope-project/calliope,gh:critical-infrastructure-systems-lab/pownet,gh:e2niee/pandapower,gh:energy-modelling-toolkit/dispa-set,gh:grid-parity-exchange/egret,gh:iit-energysystemmodels/opentepes,gh:lanl-ansi/powermodels.jl,gh:leonardgoeke/anymod.jl,gh:nreca-bts/omf,gh:nrel-sienna/powersimulations.jl,gh:powsybl/powsybl-core,gh:pypsa/pypsa,gh:sanpen/veragrid,gh:tum-ens/rivus,gh:tum-ens/urbs,gh:youngfaithful/capacityexpansion.jl"
qhuang-pnl,unknown,,,"gh:antaressimulatorteam/antares_simulator,gh:curent/andes,gh:marvinler/pypownet,gh:sanpen/veragrid,gh:sogno-platform/dpsim"
qian-harvard,academic,harvard university,,"gh:antaressimulatorteam/antares_simulator,gh:grid2op/grid2op,gh:natlabrockies/pras,gh:pnnl/exago"
qianqicom,unknown,,,gh:akkudoktor-eos/eos
qiaoshengyu,unknown,,,"gh:curent/andes,gh:e2niee/pandapower,gh:matpower/matpower,gh:pypsa/pypsa,gh:sanpen/veragrid"
qibu123,unknown,,,"gh:gh:adgefficiency/energy-py-linear,gh:mesmo-dev/mesmo"
qicotits084,unknown,,,"gh:curent/andes,gh:sanpen/veragrid"
qifenbao,unknown,,,gh:drafproject/draf
qingspring,unknown,,,"gh:grid2op/grid2op,gh:mzy2240/esa,gh:pypsa/pypsa,gh:rwl/pypower"
qinzhengmei,unknown,,,"gh:ames-market/psst,gh:curent/andes"
qishen,unknown,,USA,gh:curent/andes
qiufudong,unknown,,,"gh:adamgreenhall/minpower,gh:matpower/matpower,gh:oemof/oemof-solph"
qiujiewang,unknown,,,"gh:pypsa/pypsa,gh:rwl/pypower"
qksdbsgh,unknown,,,"gh:natlabrockies/sam,gh:pypsa/pypsa"
qlambert-pro,unknown,,,gh:openipsl/openipsl
qluo0320github,unknown,,,"gh:genxproject/genx.jl,gh:switch-model/switch"
qq776355102,unknown,,,gh:akkudoktor-eos/eos
qualand,research,national renewable energy laboratory,USA,"gh:natlabrockies/h2integrate,gh:natlabrockies/hopp,gh:natlabrockies/pysam,gh:natlabrockies/reopt.jl,gh:natlabrockies/sam"
queeek,professional,groundfoghub,DEU,gh:akkudoktor-eos/eos
quhezuo,unknown,,,"gh:e2niee/pandapower,gh:grid2op/grid2op,gh:lanl-ansi/powermodels.jl,gh:rwl/pypower"
qui221,unknown,,,gh:akkudoktor-eos/eos
quickburrrn,professional,a energi,,gh:akkudoktor-eos/eos
quigufrale,unknown,,,"gh:curent/andes,gh:epri-dev/opendss-c,gh:mbheinen/bpa-ipf-tsp,gh:natlabrockies/paraemt_public"
quinn43,academic,greenpeace,USA,"gh:etsap-times/times_model,gh:genxproject/genx.jl"
quintz,unknown,,,gh:akkudoktor-eos/eos
quit2030,unknown,,,"gh:curent/andes,gh:e2niee/pandapower,gh:powergridmodel/power-grid-model,gh:pypsa/pypsa"
qwertypi,unknown,,USA,gh:natlabrockies/pysam
qwp-ryan,academic,"shanghai institute of applied physics, cas",CHN,gh:genxproject/genx.jl
qxia31,unknown,,,gh:natlabrockies/paraemt_public
qzhang41,unknown,,,"gh:curent/andes,gh:nrel-sienna/powersimulations.jl"
qzlake,unknown,,,gh:genxproject/genx.jl
r-beer,unknown,,,gh:fzj-iek3-vsa/fine
r-vanooyen,industry,valtechmobility,,gh:akkudoktor-eos/eos
r0sv,unknown,,,gh:spine-tools/spineopt.jl
r1cht4,unknown,,,gh:akkudoktor-eos/eos
r1st0,unknown,,,gh:akkudoktor-eos/eos
ra-maier,unknown,,,gh:fzj-iek3-vsa/fine
rabi01,unknown,,,gh:rwl/pypower
rabwent11,unknown,,,gh:gridoptics/gridpack
rac99111,unknown,,,"gh:gridoptics/gridpack,gh:nrel-sienna/powersimulationsdynamics.jl,gh:pypsa/pypsa"
rachelkberryman,unknown,,DEU,gh:adgefficiency/energy-py
radhakrishnatg,research,,,gh:gmlc-dispatches/dispatches
radi-ka,unknown,,,gh:akkudoktor-eos/eos
rafapb,professional,,,gh:calliope-project/calliope
rafmudaf,research,national renewable energy laboratory,USA,gh:erf-model/erf
raheel2580,unknown,,,gl:dlr-ve/esy/amiris/amiris
rahmanha,academic,north south university,BGD,"gh:e2niee/pandapower,gh:gridoptics/gridpack,gh:pypsa/pypsa"
rahul8krk,unknown,,,"gh:e2niee/pandapower,gh:matpower/matpower,gh:powergridmodel/power-grid-model"
rahulgupta8,unknown,,,gh:calliope-project/calliope
rahulguptaepfl,unknown,,,"gh:epgoxford/open,gh:matpower/matpower,gh:roseautechnologies/roseau_load_flow"
rahulsingh97,industry,,IND,gh:akkudoktor-eos/eos
raimundmalischek,unknown,,,gh:emlab/emlab-generation
rainelove,unknown,,,gh:matpower/most
rainersax,financial,,DEU,gh:akkudoktor-eos/eos
rajkmsaini,academic,"iit delhi, iit bombay, iit madras",IND,gh:erf-model/erf
rajkrai,unknown,,,gh:erf-model/erf
rajkumaranumas,unknown,,,gh:natlabrockies/emerge
rajwrdhn,unknown,,AUT,gh:powergridmodel/power-grid-model
ralf-e,unknown,,DEU,gh:akkudoktor-eos/eos
ralf157,unknown,,DEU,gh:akkudoktor-eos/eos
ralle12345,unknown,,,gh:akkudoktor-eos/eos
ramanbansal1,industry,,IND,gh:oemof/oemof-solph
ramaroesilva,unknown,,,gh:calliope-project/calliope
ran1988,unknown,,,"gh:genxproject/genx.jl,gh:grid2op/grid2op,gh:natlabrockies/reeds-2.0,gh:pypsa/pypsa,gh:switch-model/switch"
raoulkalkman,academic,dc-opportunities,NLD,gh:rwl/pypower
raphaeljuwe,industry,,,gh:powergridmodel/power-grid-model
raphaelsenn,unknown,,DEU,gh:adgefficiency/energy-py
raphasampaio,academic,psrenergy,,"gh:genxproject/genx.jl,gh:nrel-sienna/powersimulations.jl,gh:psrenergy/sddpdso.jl"
rashidkharma,unknown,,,gh:sanpen/veragrid
rashidzetter,unknown,,CAN,gh:eiagov/bluesky
rasmuse,unknown,,SWE,gh:sp-etx/friendlysam
rastayenop,unknown,,,gh:roseautechnologies/roseau_load_flow
rathod-b,unknown,,,gh:natlabrockies/reopt.jl
rationalthug,unknown,,,"gh:curent/andes,gh:oemof/oemof-solph,gh:openipsl/openipsl,gh:rwl/pypower"
raulhuatuco,unknown,,,"gh:genxproject/genx.jl,gh:iee-tugraz/lego"
ravenmk3,unknown,,CHN,gh:akkudoktor-eos/eos
ravi688,industry,,IND,gh:erf-model/erf
rawrjagwar,unknown,,,gh:fzj-iek3-vsa/fine
raystaspaasky,unknown,,,"gh:calliope-project/calliope,gh:pypsa/pypsa"
rbahmani01,industry,,,"gh:calliope-project/calliope,gh:pypsa/pypsa"
rbolgaryn,research,national renewable energy laboratory,USA,"gh:e2niee/pandapower,gh:manuvarkey/gelectrical,gh:nrel-sienna/powersimulations.jl,gh:powergridmodel/power-grid-model"
rburgst,unknown,,AUT,gh:akkudoktor-eos/eos
rcbevans,professional,azx-pbc,USA,"gh:blue-marble/gridpath,gh:e2niee/pandapower,gh:natlabrockies/pras,gh:pypsa/pypsa"
rdm499,unknown,,JEY,"gh:energy-modelling-toolkit/dispa-set,gh:lanl-ansi/powermodels.jl,gh:mzy2240/esa,gh:romulus97/capow_py36"
rdmolony,unknown,,IRL,"gh:adgefficiency/energy-py,gh:gh:adgefficiency/energy-py-linear,gh:balmorelcommunity/balmorel,gh:curent/andes,gh:e2niee/pandapower,gh:etsap-times/times_model,gh:genxproject/genx.jl,gh:niclasmattsson/supergrid,gh:nrel-sienna/powersimulations.jl,gh:onsset/onsset,gh:openego/edisgo,gh:osemosys/osemosys,gh:pypsa/pypsa,gh:sanpen/veragrid,gh:temoaproject/temoa"
rdzman,academic,"cornell university, power analytics software, matpower",USA,"gh:lanl-ansi/powermodels.jl,gh:matpower/matpower,gh:matpower/most,gh:rwl/pypower"
rea7mic,unknown,,DEU,gh:akkudoktor-eos/eos
realgyeongminnoh,unknown,,,gh:juliaenergy/powerdynamics.jl
rebase,unknown,,,"gh:drafproject/draf,gh:nrel-sienna/powersystemsinvestments.jl,gh:quintel/etengine"
rebeccamccabe,industry,symbiotic-engineering,USA,gh:genxproject/genx.jl
rebot,academic,powernaut,BEL,"gh:curent/andes,gh:e2niee/pandapower,gh:grid-parity-exchange/egret"
red-robby,academic,university of california berkeley,USA,gh:powergridmodel/power-grid-model
red5alex,industry,bge,DEU,gh:akkudoktor-eos/eos
redanium,unknown,,DZA,gh:akkudoktor-eos/eos
redblue0216,unknown,,CHN,gh:natlabrockies/sam
redmoon2711,unknown,,,gh:akkudoktor-eos/eos
redw0lf,unknown,,,gh:rwl/pypower
redyxg,industry,sustech,CHN,"gh:akkudoktor-eos/eos,gh:ames-market/psst,gh:grid-parity-exchange/egret"
reefab,industry,scaleway,FRA,gh:akkudoktor-eos/eos
reetzelhaft,academic,ecole polytechnique federale de lausanne,,gh:ie3-institute/simona
reinecfi,unknown,,,gh:assume-framework/assume
reinout91,professional,alliander,,"gh:etsap-times/times_model,gh:powergridmodel/power-grid-model"
rekingbc,academic,,CAN,"gh:ahalev/python-microgrid,gh:antaressimulatorteam/antares_simulator,gh:chrisyeh96/sustaingym,gh:e2niee/pandapower,gh:epgoxford/open,gh:marvinler/pypownet,gh:matpower/matpower,gh:openipsl/openipsl,gh:pypsa/pypsa,gh:sanpen/veragrid"
relativityboy,unknown,,,gh:natlabrockies/pysam
remmyd,academic,ecole polytechnique federale de lausanne,LUX,"gh:balmorelcommunity/balmorel,gh:e2niee/pandapower,gh:onsset/onsset,gh:rl-institut/multi-vector-simulator,gh:tum-ens/urbs"
rene-rex,unknown,,DEU,gh:akkudoktor-eos/eos
rengawlaup,unknown,,,"gh:genxproject/genx.jl,gh:juliaenergy/powerdynamics.jl,gh:nrel-sienna/powersimulations.jl"
rengyuxian,unknown,,,"gh:curent/andes,gh:matpower/matpower"
renovate[bot],unknown,,,gh:flixopt/flixopt
renquangit,unknown,,,gh:pypsa/pypsa
repodevs,industry,revstech,IDN,gh:akkudoktor-eos/eos
reproduce-bot,unknown,,,gh:akkudoktor-eos/eos
requiem958,unknown,,FRA,gh:roseautechnologies/roseau_load_flow
resilient-transition,utility,,USA,"gh:genxproject/genx.jl,gh:pypsa/pypsa"
ressl,industry,"safematix, kyndryl",CHE,gh:akkudoktor-eos/eos
retani,unknown,,,gh:akkudoktor-eos/eos
rfhaque,research,lawrence livermore national laboratory,,gh:erf-model/erf
rfulleman,utility,electric power research institute,,"gh:genxproject/genx.jl,gh:nrel-sienna/powersimulations.jl,gh:switch-model/switch"
rgrout,unknown,,,gh:erf-model/erf
rhariady,unknown,,IDN,"gh:breakthrough-energy/reise.jl,gh:fraukewiese/renpass"
rhtxt,unknown,,,"gh:blue-marble/gridpath,gh:eiagov/bluesky,gh:emma-model/emma,gh:epri-dev/opender,gh:genxproject/genx.jl,gh:iiasa/message_ix,gh:natlabrockies/emerge,gh:natlabrockies/hopp,gh:natlabrockies/pras,gh:natlabrockies/pysam,gh:natlabrockies/reeds-2.0,gh:natlabrockies/reopt.jl,gh:natlabrockies/sam,gh:nrel-sienna/powersimulations.jl,gh:nrel-sienna/powersimulationsdynamics.jl,gh:onsset/onsset,gh:pnnl/tesp,gh:pypsa/pypsa,gh:sei-international/nemomod.jl,gh:transition-zero/tz-osemosys"
rhythm232,unknown,,,"gh:curent/andes,gh:e2niee/pandapower,gh:grid2op/grid2op,gh:pnnl/exago,gh:rwl/pypower"
riahtu,academic,,THA,"gh:epgoxford/open,gh:epri-dev/opender,gh:osemosys/osemosys"
ricardoespino11,unknown,,,"gh:calliope-project/calliope,gh:energy-modelling-toolkit/dispa-set,gh:oemof/oemof-solph"
ricardoleal20,academic,valiot,MEX,"gh:akkudoktor-eos/eos,gh:nrel-sienna/powersimulations.jl"
richard-weinhold,academic,technical university of berlin,DEU,"gh:leonardgoeke/anymod.jl,gh:oemof/oemof-solph,gh:richard-weinhold/pomato"
richardachen,unknown,,,"gh:calliope-project/calliope,gh:genxproject/genx.jl,gh:pypsa/pypsa"
richardamiller,unknown,,,gh:genxproject/genx.jl
richardkue,unknown,,,"gh:matpower/matpower,gh:matpower/most"
richardmahuze,unknown,,,"gh:e2niee/pandapower,gh:epri-dev/opender,gh:genxproject/genx.jl,gh:gridfm/gridfm-graphkit,gh:juliaenergy/powerdynamics.jl,gh:lanl-ansi/powermodels.jl,gh:microgridspy/microgridspy,gh:natlabrockies/pysam,gh:natlabrockies/sam,gh:nrel-sienna/powersimulations.jl,gh:nrel-sienna/powersimulationsdynamics.jl,gh:openego/edisgo,gh:pypsa/pypsa,gh:rwl/pypower,gh:sanpen/veragrid"
richardpolzer,unknown,,DEU,gh:akkudoktor-eos/eos
richartkeil,academic,estatesync,DEU,gh:oemof/oemof-solph
richplane,professional,sharenergy,GBR,gh:andrewlyden/pylesa
rickschueller,unknown,,,gh:oemof/oemof-solph
ricky934,unknown,,DEU,gh:akkudoktor-eos/eos
rickyking,professional,rio-tinto tradinglogic,CAN,gh:energyinnovation/eps-us
riemerio,industry,gridfuse,DEU,gh:akkudoktor-eos/eos
rimien,industry,smarter ecommerce gmbh,AUT,gh:akkudoktor-eos/eos
rinatspb,unknown,,,gh:irena-flextool/flextool
risaueno,unknown,,,gh:adgefficiency/energy-py
rishigurnani,industry,,,gh:akkudoktor-eos/eos
rishikeshsreehari,unknown,,,"gh:fzj-iek3-vsa/fine,gh:pypsa/pypsa"
ritou11,unknown,,,"gh:grid2op/grid2op,gh:rwl/pypower,gh:susantoj/pypower-dynamics,gh:tum-ens/urbs"
riverflows2333,unknown,,,gh:curent/andes
riw50hzt,unknown,,,gh:richard-weinhold/pomato
riyagooo,academic,columbia university,,"gh:calliope-project/calliope,gh:genxproject/genx.jl,gh:iiasa/message_ix,gh:oemof/oemof-solph,gh:osemosys/osemosys,gh:powergridmodel/power-grid-model,gh:tum-ens/urbs"
rjbergerud,unknown,,AUS,"gh:blue-marble/gridpath,gh:genxproject/genx.jl,gh:grid2op/grid2op,gh:pypsa/pypsa"
rjbergerud,unknown,,,gl:sesit/copper
rjbisson,unknown,,,"gh:idaholab/hybrid,gh:nrel-sienna/powersimulations.jl"
rjjdejeu,industry,,NLD,gh:emlab/emlab-generation
rkolappin,unknown,,NLD,"gh:quintel/etengine,gh:quintel/etmodel,gh:quintel/pyetm"
rlopezsanz,unknown,,,"gh:antaressimulatorteam/antares_simulator,gh:powsybl/powsybl-core,gh:sanpen/veragrid"
rmarklein-iee,unknown,,,gh:natlabrockies/paraemt_public
rmeichsner,unknown,,,gh:akkudoktor-eos/eos
rmie,unknown,,,gh:akkudoktor-eos/eos
rmona210,unknown,,,"gh:natlabrockies/h2integrate,gh:oemof/oemof-solph"
rmp-sisda,unknown,,,gh:eiagov/bluesky
rmshao,unknown,,,"gh:adamgreenhall/minpower,gh:ames-market/psst,gh:pypsa/pypsa"
rmwenzel,academic,university of washington,CAN,"gh:e2niee/pandapower,gh:pypsa/pypsa,gh:rwl/pypower"
roanhope,unknown,,,"gh:gh:adgefficiency/energy-py-linear,gh:ames-market/psst,gh:e2niee/pandapower,gh:future-power-networks/simplus-grid-tool,gh:grid-parity-exchange/egret,gh:grid2op/grid2op,gh:marvinler/pypownet,gh:matpower/most,gh:microgridspy/microgridspy,gh:pypsa/pypsa,gh:rwl/pypower,gh:susantoj/pypower-dynamics"
roarkemc,industry,enbridge inc.,USA,"gh:ames-market/psst,gh:grid-parity-exchange/egret,gh:matpower/matpower,gh:nrel-sienna/powersimulations.jl,gh:oemof/oemof-solph,gh:pypsa/pypsa,gh:rwl/pypower"
robbiemorrison,industry,,DEU,"gh:e2niee/pandapower,gh:etsap-times/times_model,gh:oemof/oemof-solph,gh:pypsa/pypsa,gh:robbiemorrison/deeco,gh:sanpen/veragrid,gh:sp-etx/friendlysam"
robbieorvis,unknown,,,"gh:energyinnovation/eps-us,gh:natlabrockies/reeds-2.0"
robblubb,unknown,,,gh:akkudoktor-eos/eos
robcalon,unknown,,NLD,"gh:e2niee/pandapower,gh:quintel/etengine,gh:quintel/pyetm"
robeg,unknown,,,"gh:epri-dev/opender,gh:sogno-platform/dpsim"
robert1martin,unknown,,,gh:akkudoktor-eos/eos
robinroche,professional,umlp / femto-st,FRA,"gh:adamgreenhall/minpower,gh:calliope-project/calliope,gh:curent/andes,gh:e2niee/pandapower,gh:eiagov/bluesky,gh:energysystemsmodellinglab/muse_os,gh:genxproject/genx.jl,gh:grid-parity-exchange/egret,gh:marvinler/pypownet,gh:matpower/matpower,gh:microgrids-x/microgrids.py,gh:microgridspy/microgridspy,gh:mzy2240/esa,gh:natlabrockies/h2integrate,gh:nreca-bts/omf,gh:oemof/oemof-solph,gh:osemosys/osemosys,gh:pypsa/pypsa,gh:rwl/pypower,gh:sanpen/veragrid,gh:tum-ens/urbs"
robmarkcole,academic,earthdaily,GBR,"gh:calliope-project/calliope,gh:lkruitwagen/global-fossil-fuel-supply-chain"
robmcd,professional,"brisbane, australia",,gh:akkudoktor-eos/eos
robocode51,unknown,,,gh:akkudoktor-eos/eos
robotics-intelligent-systems,unknown,,ARG,"gh:antaressimulatorteam/antares_simulator,gh:natlabrockies/h2integrate,gh:pielube/messpy"
robroos,unknown,,,gh:emlab/emlab-generation
rockg,unknown,,,gh:rwl/pypower
rockinglama,unknown,,,gh:akkudoktor-eos/eos
rockstaedt,unknown,,DEU,"gh:calliope-project/calliope,gh:e2niee/pandapower,gh:leonardgoeke/anymod.jl,gh:oemof/oemof-solph,gh:pypsa/pypsa,gh:richard-weinhold/pomato,gh:sanpen/veragrid"
rodrigofj99,academic,,,gh:natlabrockies/paraemt_public
rodrigomha,research,national renewable energy laboratory,,"gh:curent/andes,gh:lanl-ansi/powermodels.jl,gh:nrel-sienna/powersimulations.jl,gh:nrel-sienna/powersimulationsdynamics.jl,gh:nrel-sienna/powersystemsinvestments.jl,gh:switch-model/switch"
rogatec,industry,sevencooks-gmbh-co-kg,DEU,gh:akkudoktor-eos/eos
rogersamso,industry,,ESP,"gh:ames-market/psst,gh:energy-modelling-toolkit/dispa-set,gh:juliaenergy/powerdynamics.jl,gh:leonardgoeke/anymod.jl"
rogerzhuuva,unknown,,,gh:temoaproject/temoa
rogerzmukiibi,unknown,,,"gh:e2niee/pandapower,gh:juliaenergy/powerdynamics.jl,gh:powergridmodel/power-grid-model"
rohithdesikan,utility,weave grid,USA,gh:oemof/oemof-solph
rolandjohann,industry,one focus gmbh,DEU,gh:akkudoktor-eos/eos
roli-rk,unknown,,DEU,gh:akkudoktor-eos/eos
rollercontainer,unknown,,,gh:akkudoktor-eos/eos
romainchaffanjon,unknown,,,gh:temoaproject/temoa
romanschw,unknown,,,gh:antaressimulatorteam/antares_simulator
romeokienzler,academic,ai research engineer at ibm research,CHE,gh:gridfm/gridfm-graphkit
rompic,unknown,,,gh:akkudoktor-eos/eos
roqaia-lotfy,unknown,,,"gh:ahalev/python-microgrid,gh:microgridspy/microgridspy,gh:powergridmodel/power-grid-model"
rosphil,academic,technical university of munich,DEU,"gh:natlabrockies/reopt.jl,gh:oemof/oemof-solph"
rossmoffat,unknown,,,gh:antaressimulatorteam/antares_simulator
rouille,utility,singularity energy,USA,"gh:breakthrough-energy/reise.jl,gh:switch-model/switch"
rowry38,unknown,,,gh:genxproject/genx.jl
roymir,unknown,,,"gh:ancillaryservicesacquisitionmodel/asam,gh:emlab/emlab-generation,gh:emma-model/emma,gh:richard-weinhold/pomato,gh:sei-international/nemomod.jl"
rpiatt,unknown,,,"gh:e3-/resolve,gh:pypsa/pypsa"
rputris,academic,,,gh:spine-tools/spineopt.jl
rqussous,academic,department of sustainable systems engineering - albert-ludwigs-universitat freiburg,DEU,"gh:ancillaryservicesacquisitionmodel/asam,gh:assume-framework/assume,gh:richard-weinhold/pomato"
rrez,industry,spedion gmbh,DEU,gh:akkudoktor-eos/eos
rrousselin,utility,reseau de transport d'electricite,,gh:antaressimulatorteam/antares_simulator
rs-singh,unknown,,,"gh:sanpen/veragrid,gh:susantoj/pypower-dynamics"
rschell,professional,dispatch analytics,USA,gh:adamgreenhall/minpower
rschueler,professional,tobrain,DEU,gh:akkudoktor-eos/eos
rschwarz,professional,doing the math,DEU,"gh:anl-ceeesa/unitcommitment.jl,gh:flixopt/flixopt,gh:genxproject/genx.jl,gh:lanl-ansi/powermodels.jl,gh:pypsa/pypsa"
rsegur,academic,supergrid institute,FRA,"gh:dynawo/dynawo,gh:openipsl/openipsl"
rsomayajulu,unknown,,,"gh:curent/andes,gh:gridoptics/gridpack,gh:natlabrockies/paraemt_public"
rsyziu,unknown,,NLD,gh:powergridmodel/power-grid-model
rte-france,unknown,,,gh:antaressimulatorteam/antares_simulator
rte-i,unknown,,FRA,"gh:antaressimulatorteam/antares_simulator,gh:powsybl/powsybl-open-loadflow"
rteb8,unknown,,,gh:natlabrockies/sam
rtei-pw,unknown,,,gh:antaressimulatorteam/antares_simulator
rteja1113,industry,,,gh:adgefficiency/energy-py
rthedin,unknown,,,gh:erf-model/erf
rtriolo22,industry,,,"gh:lanl-ansi/powermodels.jl,gh:nrel-sienna/powersimulations.jl,gh:slacgismo/tess"
rubenverweij,industry,datapreds,,gh:emlab/emlab-generation
rudi-kr,unknown,,,gh:akkudoktor-eos/eos
rudibarani,unknown,,,gh:akkudoktor-eos/eos
rudolphsanta,academic,carnegie mellon university,,gh:etsap-times/times_model
ruimgoncalves,unknown,,,gh:akkudoktor-eos/eos
rujialiu,industry,eryiju inc.,CHN,gh:oemof/oemof-solph
rundxdi,unknown,,,gh:gmlc-dispatches/dispatches
runeanielsen,unknown,,DNK,"gh:nreca-bts/omf,gh:powergridmodel/power-grid-model"
ruoshuishui,unknown,,,"gh:blue-marble/gridpath,gh:genxproject/genx.jl,gh:grid2op/grid2op,gh:juliaenergy/powerdynamics.jl,gh:manuvarkey/gelectrical,gh:marvinler/pypownet,gh:nrel-sienna/powersimulationsdynamics.jl,gh:openego/ego,gh:sanpen/veragrid"
ruslanec,unknown,,,gh:rwl/pypower
rutbr,academic,,,"gh:genxproject/genx.jl,gh:pypsa/pypsa"
rwl,industry,,,"gh:adamgreenhall/minpower,gh:anl-ceeesa/unitcommitment.jl,gh:bje-/nemo,gh:blue-marble/gridpath,gh:changgang/steps,gh:chengts95/rustpower,gh:critical-infrastructure-systems-lab/pownet,gh:curent/andes,gh:dss-extensions/dss_capi,gh:dynawo/dynawo,gh:e2niee/pandapower,gh:electa-git/flexplan.jl,gh:energysystemsmodellinglab/muse2,gh:epri-dev/opender,gh:future-power-networks/simplus-grid-tool,gh:grid-parity-exchange/egret,gh:grid2op/grid2op,gh:gridoptics/gridpack,gh:iit-energysystemmodels/opentepes,gh:lanl-ansi/powermodels.jl,gh:marvinler/pypownet,gh:matpower/matpower,gh:mbheinen/bpa-ipf-tsp,gh:mesmo-dev/mesmo,gh:natlabrockies/paraemt_public,gh:nrel-sienna/powersimulations.jl,gh:nrel-sienna/powersimulationsdynamics.jl,gh:nrel-sienna/powersystemsinvestments.jl,gh:pnnl/exago,gh:pnnl/tesp,gh:powergridmodel/power-grid-model,gh:pypsa/pypsa,gh:richard-weinhold/pomato,gh:rwl/pypower,gh:sanpen/veragrid,gh:sogno-platform/dpsim,gh:spine-tools/spineopt.jl,gh:susantoj/pypower-dynamics,gh:switch-model/switch,gh:upb-lea/electricgrid.jl"
rwlincoln,unknown,,,gh:curent/andes
rwolke,unknown,,,gh:akkudoktor-eos/eos
rxw497,utility,agilitas energy,GBR,"gh:natlabrockies/pysam,gh:natlabrockies/sam"
ryan-ael,unknown,,,gh:natlabrockies/pysam
ryanjenkinson,professional,krakenflex upside-energy (part of kraken tech kraken-tech and octopus energy group octoenergy),GBR,"gh:calliope-project/calliope,gh:e2niee/pandapower,gh:pypsa/pypsa"
rybchuk,research,national renewable energy laboratory,USA,gh:erf-model/erf
rzyu45,unknown,,,"gh:changgang/steps,gh:curent/andes,gh:e2niee/pandapower,gh:future-power-networks/simplus-grid-tool,gh:lanl-ansi/powermodels.jl,gh:matpower/matpower,gh:natlabrockies/paraemt_public,gh:nrel-sienna/powersimulations.jl,gh:nrel-sienna/powersimulationsdynamics.jl,gh:oemof/oemof-solph,gh:pypsa/pypsa,gh:rwl/pypower,gh:sanpen/veragrid,gh:sogno-platform/dpsim"
s-bernhardt,industry,unify software & solutions gmbh & co. kg,DEU,gh:akkudoktor-eos/eos
s-risch,unknown,,,gh:fzj-iek3-vsa/fine
saakolch,industry,,,gh:akkudoktor-eos/eos
saanichfox,unknown,,,gl:sesit/silver
sabbatique,unknown,,,gh:rwl/pypower
sabera92,unknown,,,gh:antaressimulatorteam/antares_simulator
sabouflage,unknown,,,gh:akkudoktor-eos/eos
sacxx8,unknown,,,gh:akkudoktor-eos/eos
sadielbartholomew,academic,national centre for atmospheric science and university of reading,GBR,"gh:calliope-project/calliope,gh:oemof/oemof-solph,gh:pypsa/pypsa,gh:rebase-energy/enflow"
sadjaidauihdada,unknown,,,gh:temoaproject/temoa
sadrm1010,unknown,,,gl:dlr-ve/esy/remix/framework
sadrm1010,unknown,,,"gh:iiasa/message_ix,gh:pypsa/pypsa"
saeid95,unknown,,IRN,"gh:gridoptics/gridpack,gh:matpower/matpower"
saftione,unknown,,DEU,gh:akkudoktor-eos/eos
sagacitysite,unknown,,SWE,gh:akkudoktor-eos/eos
sage0711,professional,independent consultant,,gh:akkudoktor-eos/eos
saghaem,unknown,,,gh:andrewlyden/pylesa
sahand68,unknown,,CAN,"gh:adgefficiency/energy-py,gh:marvinler/pypownet"
saidurrahman04,academic,university of alberta,CAN,gh:adgefficiency/energy-py
saifsar93,unknown,,,gh:juliaenergy/powerdynamics.jl
saikrishna-nadella,unknown,,,"gh:etsap-times/times_model,gh:nrel-sienna/powersimulations.jl"
sailfish009,professional,independent consultant,KOR,gh:genxproject/genx.jl
sailorkon,unknown,,,"gh:oemof/oemof-solph,gh:oemof/oemof-thermal"
saim14,academic,f3 society,BGD,gh:calliope-project/calliope
saisumanv,academic,university of nebraska-lincoln,,gh:openipsl/openipsl
sajad95,academic,,,gh:tum-ens/rivus
sakares,unknown,,,gh:adgefficiency/energy-py
sakshi-mishra,unknown,,,gh:natlabrockies/reopt_api
sakshi-testing-reopt,unknown,,,gh:natlabrockies/reopt_api
sakura-0025,academic,zhejiang university,CHN,gh:susantoj/pypower-dynamics
salami738,unknown,,,gh:akkudoktor-eos/eos
salimhb,unknown,,DEU,gh:akkudoktor-eos/eos
salomartin,financial,,GBR,"gh:manuvarkey/gelectrical,gh:oemof/oemof-thermal,gh:powergridmodel/power-grid-model,gh:powsybl/pypowsybl,gh:pypsa/pypsa"
saltysaguaro,unknown,,,gh:natlabrockies/pysam
salvapineda,academic,university of malaga,ESP,"gh:anl-ceeesa/unitcommitment.jl,gh:e2niee/pandapower,gh:grid-parity-exchange/egret,gh:grid2op/chronix2grid,gh:lanl-ansi/powermodels.jl,gh:matpower/matpower,gh:nrel-sienna/powersimulations.jl,gh:pypsa/pypsa,gh:rwl/pypower,gh:switch-model/switch"
salz011,unknown,,,gh:akkudoktor-eos/eos
sam-kramer-e3,unknown,,,gh:e3-/resolve
sam-mahoney,unknown,,GBR,gh:akkudoktor-eos/eos
samarthiith,unknown,,DEU,"gh:adgefficiency/energy-py,gh:calliope-project/calliope,gh:etsap-times/times_model,gh:pypsa/pypsa,gh:switch-model/switch"
sambuddhac,academic,princeton university,USA,"gh:anl-ceeesa/unitcommitment.jl,gh:blue-marble/gridpath,gh:genxproject/genx.jl,gh:grid-parity-exchange/egret,gh:lanl-ansi/powermodels.jl,gh:lanl-ansi/powermodelsannex.jl,gh:leonardgoeke/anymod.jl,gh:macroenergy/macroenergy.jl,gh:natlabrockies/pras,gh:natlabrockies/reeds-2.0,gh:nrel-sienna/powersimulations.jl,gh:nrel-sienna/powersimulationsdynamics.jl,gh:nrel-sienna/powersystemsinvestments.jl"
samdabadei,unknown,,,gh:fzj-iek3-vsa/fine
samgdotson,academic,union of concerned scientists,USA,"gh:assume-framework/assume,gh:blue-marble/gridpath,gh:calliope-project/calliope,gh:fzj-iek3-vsa/fine,gh:ipese/reho,gh:natlabrockies/pras,gh:natlabrockies/reeds-2.0,gh:switch-model/switch,gh:temoaproject/temoa,gh:tum-ens/rivus,gh:tum-ens/urbs,gh:uu-er/adopt-net0"
saminsiddique,unknown,,,"gh:energyscope/energyscope,gh:oemof/oemof-solph"
samitsol,unknown,,NCL,gh:temoaproject/temoa
samitsolutions,unknown,,,gh:temoaproject/temoa
sammatuba,unknown,,,"gh:calliope-project/calliope,gh:nreca-bts/omf,gh:oemof/oemof-solph,gh:sanpen/veragrid,gh:tum-ens/urbs"
samrose,unknown,,,"gh:kiedanski/pymarket,gh:leonardgoeke/anymod.jl,gh:nrel-sienna/powersimulationsdynamics.jl"
samtalki,academic,georgia tech,USA,"gh:lanl-ansi/powermodels.jl,gh:natlabrockies/paraemt_public,gh:nrel-sienna/powersimulations.jl"
samuelbelko,unknown,,,"gh:leonardgoeke/anymod.jl,gh:nrel-sienna/powersimulations.jl,gh:tulipaenergy/tulipaenergymodel.jl"
samuelhward,industry,,,"gh:etsap-times/times_model,gh:genxproject/genx.jl,gh:pypsa/pypsa"
samuelrince,industry,genai impact,FRA,"gh:energyscope/energyscope,gh:pypsa/pypsa,gh:rebase-energy/enflow"
samuelwang48,unknown,,CAN,gh:antaressimulatorteam/antares_simulator
samuelzanella,unknown,,,gh:akkudoktor-eos/eos
samvdjagt,industry,microsoft,,gh:genxproject/genx.jl
sandboxcode,unknown,,DEU,gh:akkudoktor-eos/eos
sandrotanner,unknown,,,gh:energyscope/energyscope
sanglinwei,academic,southeast university,CHN,"gh:anl-ceeesa/unitcommitment.jl,gh:breakthrough-energy/reise.jl,gh:changgang/steps,gh:critical-infrastructure-systems-lab/pownet,gh:curent/andes,gh:drafproject/draf,gh:e2niee/pandapower,gh:eiagov/bluesky,gh:energy-modelling-toolkit/dispa-set,gh:epri-dev/opender,gh:future-power-networks/simplus-grid-tool,gh:genxproject/genx.jl,gh:grid-parity-exchange/egret,gh:grid2op/grid2op,gh:lanl-ansi/powermodels.jl,gh:matpower/matpower,gh:mzy2240/esa,gh:natlabrockies/paraemt_public,gh:natlabrockies/pras,gh:natlabrockies/reeds-2.0,gh:nreca-bts/omf,gh:nrel-sienna/powersimulations.jl,gh:oemof/oemof-solph,gh:pnnl/exago,gh:powergridmodel/power-grid-model,gh:prep-next/prep-shot,gh:pypsa/pypsa,gh:richard-weinhold/pomato,gh:rwl/pypower,gh:sanpen/veragrid,gh:sogno-platform/dpsim,gh:spine-tools/spineopt.jl,gh:switch-model/switch,gh:transition-zero/tz-osemosys"
sangnguyens,academic,vietnam petroleum institute,VNM,gh:calliope-project/calliope
sanguineming,academic,xi'an jiaotong university,CHN,gh:genxproject/genx.jl
sanjana7117,unknown,,,"gh:gh:adgefficiency/energy-py-linear,gh:fzj-iek3-vsa/fine"
sanketpuranik,industry,smart innovation norway,NOR,"gh:oemof/oemof-solph,gh:rl-institut/multi-vector-simulator"
sanraymond,academic,,,gh:energyinnovation/eps-us
sanshao,unknown,,,gh:akkudoktor-eos/eos
santcruzoscar,unknown,,,gh:natlabrockies/paraemt_public
santosjmo88,academic,university of twente,NLD,gh:fzj-iek3-vsa/fine
sanurielf,industry,general electric,MEX,"gh:curent/andes,gh:natlabrockies/sam,gh:rwl/pypower"
sarah-dodamead,unknown,,,gh:breakthrough-energy/reise.jl
sarah-hutch,unknown,,,gh:natlabrockies/hopp
sarah-sheehy-tnei,academic,tnei,,"gh:calliope-project/calliope,gh:epgoxford/open,gh:spine-tools/spineopt.jl"
sarajcev,academic,"university of split, fesb",HRV,"gh:e2niee/pandapower,gh:powergridmodel/power-grid-model"
sarats,unknown,,,gh:temoaproject/temoa
sarmbruster,professional,relationalai,DEU,gh:akkudoktor-eos/eos
sarutesri,unknown,,,gh:curent/andes
sasa821,professional,agoenergy,DEU,"gh:oemof/oemof-solph,gh:pypsa/pypsa"
sascha-egerer,industry,flowd gmbh,DEU,gh:akkudoktor-eos/eos
sataharuko,unknown,,,"gh:e2niee/pandapower,gh:lanl-ansi/powermodels.jl,gh:matpower/matpower,gh:rwl/pypower"
satishravindran,unknown,,,gh:adgefficiency/energy-py
saurabac,academic,imperial college london,GBR,"gh:epgoxford/open,gh:pypsa/pypsa,gh:transition-zero/tz-osemosys"
sauttefk,professional,"levigo, pulsatrix-emobility",DEU,gh:akkudoktor-eos/eos
sayerhs,academic,"university of maryland, college park",USA,gh:erf-model/erf
sbalk,unknown,,,gh:adgefficiency/energy-py
sbastrakov,industry,"nebius, ex-northern data, ex-hzdr",DEU,gh:erf-model/erf
sbclegend,academic,,,"gh:blue-marble/gridpath,gh:calliope-project/calliope,gh:chrisyeh96/sustaingym,gh:critical-infrastructure-systems-lab/pownet,gh:curent/andes,gh:drafproject/draf,gh:grid-parity-exchange/egret,gh:grid2op/grid2op,gh:iit-energysystemmodels/opensduc,gh:iit-energysystemmodels/opentepes,gh:lanl-ansi/powermodels.jl,gh:nrel-sienna/powersimulationsdynamics.jl,gh:pypsa/pypsa,gh:sanpen/veragrid,gh:switch-model/switch,gh:tum-ens/urbs,gh:tum-ewk/opentumflex"
sbohlma,unknown,,,gh:akkudoktor-eos/eos
sbredenk,unknown,,,gh:natlabrockies/coral
sbroede,unknown,,,gh:akkudoktor-eos/eos
sbshrey,academic,cargill,IND,gh:pielube/messpy
sbuckhold,unknown,,,gh:natlabrockies/hopp
sc0v0ne,industry,,,gh:powergridmodel/power-grid-model
sccvn,professional,independent consultant,VNM,gh:akkudoktor-eos/eos
scdhulipala,research,national renewable energy laboratory,USA,"gh:blue-marble/gridpath,gh:curent/andes,gh:e2niee/pandapower,gh:grid-parity-exchange/egret,gh:juliaenergy/powerdynamics.jl,gh:lanl-ansi/powermodels.jl,gh:matpower/matpower,gh:natlabrockies/pras,gh:natlabrockies/pysam,gh:nrel-sienna/powersimulations.jl,gh:nrel-sienna/powersimulationsdynamics.jl,gh:powsybl/pypowsybl,gh:pypsa/pypsa,gh:rwl/pypower,gh:sanpen/veragrid,gh:spine-tools/spineopt.jl"
schengawegga,unknown,,DEU,gh:akkudoktor-eos/eos
schlotze,professional,atb,DEU,gh:akkudoktor-eos/eos
schluzkofski,unknown,,,gh:oemof/oemof-solph
schmal22,unknown,,,gh:akkudoktor-eos/eos
schmic04,unknown,,,gh:akkudoktor-eos/eos
scholli76,unknown,,,gh:akkudoktor-eos/eos
schphil,unknown,,DEU,gh:akkudoktor-eos/eos
schrader,professional,sophisticates,DEU,gh:akkudoktor-eos/eos
schraubstock85,unknown,,,gh:akkudoktor-eos/eos
schuellerf,professional,red hat,,gh:akkudoktor-eos/eos
schultkr,academic,halle institute for economic research,,gh:leonardgoeke/anymod.jl
schwarzatoffis,academic,offis / university of oldenburg,DEU,gh:rwl/pypower
scispence,unknown,,,gh:genxproject/genx.jl
scodeppppp,unknown,,,gh:matpower/most
scollis,research,argonne national laboratory,USA,gh:genxproject/genx.jl
scotiow,academic,epgoxford,GBR,gh:epgoxford/open
scruss,unknown,,CAN,gh:adamgreenhall/minpower
scud-soptim,industry,soptim,DEU,"gh:matpower/matpower,gh:powergridmodel/power-grid-model"
scus1,unknown,,,gh:oemof/oemof-solph
sdebruyn,industry,datarootsio,BEL,gh:akkudoktor-eos/eos
sdickler,unknown,,,gh:fzj-iek3-vsa/fine
seanclogher-insight-centre,unknown,,,"gh:calliope-project/calliope,gh:e2niee/pandapower,gh:energy-modelling-toolkit/dispa-set,gh:fzj-iek3-vsa/fine,gh:oemof/oemof-solph,gh:pypsa/pypsa,gh:reegis/deflex"
sebastian-peter,unknown,,DEU,"gh:akkudoktor-eos/eos,gh:ie3-institute/powersystemdatamodel,gh:ie3-institute/simona,gh:pypsa/pypsa"
sebastianPsm,industry,dspace,DEU,gh:akkudoktor-eos/eos
sebastiandeppisch,industry,swannekke.de,DEU,gh:akkudoktor-eos/eos
sebastiansterl,academic,vrije universiteit brussel,,"gh:irena-flextool/flextool,gh:vub-hydr/revub"
sebesever81900,unknown,,,gh:akkudoktor-eos/eos
sebkaletta,academic,,,gh:akkudoktor-eos/eos
sebmaen,unknown,,,gh:akkudoktor-eos/eos
securitykernel,professional,zendis,DEU,gh:akkudoktor-eos/eos
seedpower,unknown,,,"gh:curent/andes,gh:e2niee/pandapower"
seehausf,unknown,,,gh:oemof/oemof-solph
selenakong4337-prog,academic,north china electric power university,CHN,gh:adgefficiency/energy-py
semaphore-egg,academic,,CHN,gh:susantoj/pypower-dynamics
semi-h,unknown,,GBR,gh:juliaenergy/powerdynamics.jl
sensarmad,unknown,,,"gh:ie3-institute/powersystemdatamodel,gh:ie3-institute/simona"
sensei-Nyanko,unknown,,,"gh:adamgreenhall/minpower,gh:pypsa/pypsa,gh:rwl/pypower,gh:sanpen/veragrid,gh:susantoj/pypower-dynamics"
senthilmk,unknown,,,gh:calliope-project/calliope
sentient-codebot,unknown,,,"gh:gridfm/gridfm-graphkit,gh:powergridmodel/power-grid-model"
senzhanopt,academic,eindhoven university of technology,NLD,"gh:e2niee/pandapower,gh:powergridmodel/power-grid-model"
seonho-park,academic,georgia institute of technology,USA,"gh:lanl-ansi/powermodels.jl,gh:rwl/pypower"
seoruosa,unknown,,,gh:calliope-project/calliope
serat777,unknown,,,gh:natlabrockies/hopp
serenapatel315,unknown,,,gh:genxproject/genx.jl
sergeev-sergei,industry,,AUT,"gh:calliope-project/calliope,gh:e2niee/pandapower,gh:oemof/oemof-solph,gh:pielube/messpy,gh:pypsa/pypsa"
sergeyf,professional,data cowboys,USA,gh:adgefficiency/energy-py
sergio-dorado,academic,,,"gh:dynawo/dynawo,gh:lanl-ansi/powermodels.jl,gh:matpower/matpower,gh:openipsl/openipsl,gh:powergridmodel/power-grid-model,gh:powsybl/pypowsybl,gh:pypsa/pypsa,gh:sanpen/veragrid,gh:transient-official/transient-lib"
sergiocastellanos,academic,,USA,"gh:natlabrockies/pysam,gh:nrel-sienna/powersimulationsdynamics.jl,gh:switch-model/switch"
sertomas,academic,technische universitat berlin,DEU,gh:pypsa/pypsa
sevberg,unknown,,DEU,"gh:fzj-iek3-vsa/fine,gh:natlabrockies/sam,gh:oemof/oemof-solph,gh:pypsa/pypsa"
sevenofficial,unknown,,,gh:akkudoktor-eos/eos
sewfa,unknown,,,"gh:natlabrockies/paraemt_public,gh:openipsl/openipsl"
sg2710,unknown,,,gh:akkudoktor-eos/eos
sgabl,professional,franka emika ( frankaemika),DEU,gh:akkudoktor-eos/eos
sgatto,utility,reseau de transport d'electricite,FRA,gh:antaressimulatorteam/antares_simulator
sgcc,unknown,,CHN,"gh:adamgreenhall/minpower,gh:ames-market/psst,gh:anl-ceeesa/unitcommitment.jl,gh:critical-infrastructure-systems-lab/pownet,gh:e2niee/pandapower,gh:gmlc-dispatches/dispatches,gh:grid-parity-exchange/egret,gh:juliaenergy/powerdynamics.jl,gh:lanl-ansi/powermodels.jl,gh:leonardgoeke/anymod.jl,gh:matpower/matpower,gh:matpower/most,gh:microgridspy/microgridspy,gh:nrel-sienna/powersimulations.jl,gh:pnnl/tesp,gh:pypsa/pypsa,gh:richard-weinhold/pomato,gh:rwl/pypower,gh:sanpen/veragrid,gh:susantoj/pypower-dynamics,gh:temoaproject/temoa,gh:tum-ens/urbs"
sgiarols,unknown,,,gh:energysystemsmodellinglab/muse_os
sgiove,unknown,,,gh:akkudoktor-eos/eos
sgoelz,unknown,,,gh:akkudoktor-eos/eos
sgoodman65,unknown,,,"gh:adamgreenhall/minpower,gh:calliope-project/calliope,gh:energy-modelling-toolkit/dispa-set,gh:nrel-sienna/powersimulations.jl,gh:oemof/oemof-solph,gh:pypsa/pypsa,gh:tum-ens/urbs"
sha0urya,industry,,,gh:oemof/oemof-solph
shafayetNSU,unknown,,,gh:gridoptics/gridpack
shaikatcse,unknown,,,gh:emlab/emlab-generation
shane5206,unknown,,,gh:akkudoktor-eos/eos
shankar-hub,unknown,,,gh:akkudoktor-eos/eos
shankarchawla1776,professional,cmu,USA,gh:genxproject/genx.jl
shankarkarki,utility,hitachi energy,,"gh:adgefficiency/energy-py,gh:gh:adgefficiency/energy-py-linear,gh:anl-ceeesa/unitcommitment.jl,gh:assume-framework/assume,gh:blue-marble/gridpath,gh:calliope-project/calliope,gh:energysystemsmodellinglab/muse_os,gh:genxproject/genx.jl,gh:grid-parity-exchange/egret,gh:gridfm/gridfm-graphkit,gh:juliaenergy/joulia.jl,gh:macroenergy/macroenergy.jl,gh:nrel-sienna/powersystemsinvestments.jl,gh:pypsa/pypsa"
shao130,unknown,,,gh:oemof/oemof-solph
shaohuizhang,research,international institute for applied systems analysis,AUT,"gh:balmorelcommunity/balmorel,gh:etsap-times/times_model,gh:iiasa/message_ix,gh:oemof/oemof-solph"
shaoni-wang,unknown,,,gh:emlab/emlab-generation
sharwaridixit,unknown,,,gh:energysystemsmodellinglab/muse_os
shashankNREL,unknown,,,gh:erf-model/erf
shashikhaya,unknown,,,"gh:curent/andes,gh:e2niee/pandapower,gh:manuvarkey/gelectrical,gh:nrel-sienna/powersimulationsdynamics.jl,gh:pypsa/pypsa,gh:rwl/pypower,gh:sanpen/veragrid"
shatteringlass,unknown,,,"gh:adamgreenhall/minpower,gh:adgefficiency/energy-py,gh:gh:adgefficiency/energy-py-linear,gh:unsw-ceem/nempy"
shawnlee525,unknown,,,"gh:e2niee/pandapower,gh:powergridmodel/power-grid-model,gh:pypsa/pypsa,gh:rwl/pypower,gh:sanpen/veragrid"
shebuxin,unknown,,,"gh:curent/andes,gh:natlabrockies/reeds-2.0"
sheelabhadra,academic,texas a&m university,USA,gh:adgefficiency/energy-py
sheeshee,industry,,GBR,"gh:epgoxford/open,gh:pypsa/pypsa"
shen-767621250,unknown,,,gh:rwl/pypower
shenchao188,academic,"control science and engineering, zhejiang university",ITA,"gh:changgang/steps,gh:curent/andes,gh:gridoptics/gridpack"
shenhao329,unknown,,,gh:curent/andes
shermanjasonaf,academic,carnegie mellon university,USA,gh:gmlc-dispatches/dispatches
shermes641,professional,xvertersolutions,CRI,gh:microgrids-x/microgrids.py
sherryzuo,unknown,,,gh:genxproject/genx.jl
sheuher,unknown,,,gh:oemof/oemof-solph
shiftgeist,industry,,,gh:akkudoktor-eos/eos
shigrekar1,unknown,,,"gh:idaholab/heron,gh:idaholab/hybrid"
shihb77,unknown,,,"gh:genxproject/genx.jl,gh:juliaenergy/joulia.jl,gh:osemosys/osemosys"
shinco0327,academic,,TWN,gh:oemof/oemof-solph
shinychoudhury,academic,,,"gh:genxproject/genx.jl,gh:macroenergy/macroenergy.jl,gh:temoaproject/temoa"
shipmints,unknown,,,"gh:blue-marble/gridpath,gh:grid-parity-exchange/egret,gh:nreca-bts/omf,gh:powsybl/powsybl-core,gh:pypsa/pypsa,gh:rwl/pypower,gh:sogno-platform/dpsim,gh:tum-ens/rivus,gh:tum-ens/urbs,gh:tum-ewk/ficus"
shirubana,academic,natlabrockies,USA,"gh:natlabrockies/pysam,gh:natlabrockies/sam"
shitabishmam,utility,,DEU,"gh:calliope-project/calliope,gh:e2niee/pandapower,gh:fzj-iek3-vsa/fine"
shixia99,unknown,,,"gh:e2niee/pandapower,gh:rwl/pypower"
shiying95s,unknown,,,"gh:e2niee/pandapower,gh:rwl/pypower"
shiyuzh2007,unknown,,,gh:powergridmodel/power-grid-model
shmaslin,unknown,,,gh:genxproject/genx.jl
shnizdo,unknown,,,gh:akkudoktor-eos/eos
shoibalc,academic,"divecha centre for climate change, indian institute of science",IND,"gh:blue-marble/gridpath,gh:genxproject/genx.jl,gh:iiasa/message_ix,gh:natlabrockies/reeds-2.0,gh:nrel-sienna/powersimulations.jl,gh:optimal2050/energyrt,gh:prayas-energy/rumi,gh:switch-model/switch"
shotaromiwa,unknown,,,gh:adgefficiency/energy-py
shourya01,academic,,USA,"gh:grid2op/grid2op,gh:rwl/pypower"
shreeyashn20,academic,"indian institute of technology kanpur (iitk), kanpur",IND,"gh:iee-tugraz/lego,gh:iiasa/message_ix"
shridhay,academic,,,gh:slacgismo/tess
shriyaMansh,unknown,,,gh:adgefficiency/energy-py
shubhampachori12110095,unknown,,IND,gh:calliope-project/calliope
shuhaogit,unknown,,,"gh:idaholab/hybrid,gh:nrel-sienna/powersimulationsdynamics.jl"
shuixs217-droid,academic,hohai university,CHN,"gh:critical-infrastructure-systems-lab/pownet,gh:energy-modelling-toolkit/dispa-set,gh:iit-energysystemmodels/opentepes"
shunge353,unknown,,,gh:iit-energysystemmodels/opensduc
shunia,professional,gehc,CHN,gh:akkudoktor-eos/eos
shunliz,unknown,,CHN,gh:adgefficiency/energy-py
shuo1990,unknown,,,gh:spine-tools/spineopt.jl
shuozhangucd1,unknown,,,gh:spine-tools/spineopt.jl
shzchina,unknown,,CHN,"gh:pypsa/pypsa,gh:rwl/pypower"
sibyjackgrove,research,argonne-national-laboratory,USA,"gh:grid2op/grid2op,gh:gridfm/gridfm-graphkit,gh:marvinler/pypownet"
sickdabig,unknown,,,"gh:natlabrockies/pysam,gh:pypsa/pypsa"
siddharth-krishna,professional,open energy transition,,"gh:etsap-times/times_model,gh:pypsa/pypsa"
siddharth7113,unknown,,DEU,gh:oemof/oemof-solph
sidhoda,unknown,,,"gh:e2niee/pandapower,gh:pypsa/pypsa,gh:rwl/pypower,gh:sanpen/veragrid"
sielizondo,unknown,,,gh:adamgreenhall/minpower
sifat62,unknown,,,gh:natlabrockies/paraemt_public
sigma47agnomen,unknown,,,gh:openipsl/openipsl
sihnat24,academic,,,gh:natlabrockies/paraemt_public
silfab20,unknown,,,gh:natlabrockies/reopt_api
silky,unknown,,GBR,"gh:calliope-project/calliope,gh:spine-tools/spineopt.jl,gh:transition-zero/tz-osemosys"
silvanmurre,utility,montel-energy,,"gh:calliope-project/calliope,gh:e2niee/pandapower,gh:pypsa/pypsa"
silvasaravia,unknown,,,"gh:curent/andes,gh:mzy2240/esa"
silver0120,academic,,,gh:akkudoktor-eos/eos
silviacrisp,unknown,,,"gh:e2niee/pandapower,gh:psrenergy/sddpdso.jl"
silvialiu42,academic,uppsala university,SWE,gh:genxproject/genx.jl
silviokennecke,industry,heptacom,DEU,gh:akkudoktor-eos/eos
simao0620,unknown,,,"gh:adgefficiency/energy-py,gh:gh:adgefficiency/energy-py-linear"
simaosr,unknown,,,"gh:ahalev/python-microgrid,gh:oemof/oemof-solph"
simcup,unknown,,,gh:akkudoktor-eos/eos
siminh86,unknown,,SWE,gh:spine-tools/spineopt.jl
simnh,academic,znes fgres oemof,DEU,"gh:oemof/oemof-solph,gh:oemof/oemof-thermal"
simomada,academic,,ITA,gh:calliope-project/calliope
simonegabr7,unknown,,,gh:energy-modelling-toolkit/dispa-set
simonevitaleit,unknown,,,gh:natlabrockies/pysam
simonhermann,unknown,,,gh:akkudoktor-eos/eos
simonschaluppe,unknown,,AUT,"gh:calliope-project/calliope,gh:oemof/oemof-solph,gh:pypsa/pypsa"
simontindemans,academic,,NLD,"gh:antaressimulatorteam/antares_simulator,gh:grid2op/grid2op,gh:natlabrockies/pras,gh:natlabrockies/reeds-2.0,gh:pnnl/tesp,gh:powergridmodel/power-grid-model"
simonzollner,unknown,,,"gh:e2niee/pandapower,gh:energymodelsx/energymodelsbase.jl,gh:juliaenergy/powerdynamics.jl,gh:lanl-ansi/powermodels.jl,gh:leonardgoeke/anymod.jl,gh:spine-tools/spineopt.jl,gh:tum-ens/urbs,gh:tum-ewk/opentumflex"
simsurace,unknown,,,gh:tulipaenergy/tulipaenergymodel.jl
simularis,industry,solaris technical llc,USA,gh:natlabrockies/pysam
sin,unknown,,POL,gh:genxproject/genx.jl
sinaatalay,academic,,,gh:genxproject/genx.jl
sinasinai,unknown,,,"gh:calliope-project/calliope,gh:oemof/oemof-solph"
sjaideep1729,unknown,,,gh:curent/andes
sjanzou,unknown,,,"gh:natlabrockies/pysam,gh:natlabrockies/sam"
sjat02,industry,,DEU,"gh:akkudoktor-eos/eos,gh:pypsa/pypsa"
sjoelund,academic,linkoping university,SWE,gh:openipsl/openipsl
sjpfenninger,academic,delft university of technology,,"gh:adamgreenhall/minpower,gh:ait-energy/iesopt.jl,gh:calliope-project/calliope,gh:e2niee/pandapower,gh:emlab/emlab-generation"
sjvrijn,academic,nlesc,NLD,"gh:calliope-project/calliope,gh:pypsa/pypsa,gh:tulipaenergy/tulipaenergymodel.jl"
sk-surya,academic,texas a&m university '20,USA,"gh:fzj-iek3-vsa/fine,gh:matpower/matpower"
sk413025,academic,academia sinica,TWN,gh:mesmo-dev/mesmo
skaloti,unknown,,,gh:susantoj/pypower-dynamics
skang67,unknown,,,gh:erf-model/erf
skbaum,industry,hidalgo trading company ltd.,USA,gh:erf-model/erf
skbay2,unknown,,,"gh:e2niee/pandapower,gh:rwl/pypower"
sketch-stack-123,unknown,,,gh:villasframework/node
skip2mylou1,unknown,,,gh:iit-energysystemmodels/opensduc
sknutsonsf,unknown,,,gh:natlabrockies/pysam
skoeb,professional,watttime,USA,"gh:natlabrockies/pysam,gh:natlabrockies/reeds-2.0"
skortmann,academic,rwth aachen university,DEU,"gh:assume-framework/assume,gh:chrisyeh96/sustaingym,gh:critical-infrastructure-systems-lab/pownet,gh:electa-git/flexplan.jl,gh:genxproject/genx.jl,gh:grid-parity-exchange/egret,gh:iit-energysystemmodels/opensduc,gh:iit-energysystemmodels/opentepes,gh:juliaenergy/joulia.jl,gh:lanl-ansi/powermodelsannex.jl,gh:lvorspel/digripy,gh:niclasmattsson/supergrid,gh:pielube/messpy,gh:powergama/powergama,gh:pypsa/pypsa,gh:tum-ewk/opentumflex,gh:youngfaithful/capacityexpansion.jl"
skurfuerst,industry,sandstorm media gmbh,DEU,gh:oemof/oemof-solph
skyboi1233,unknown,,YEM,gh:natlabrockies/reopt_api
skyhhu2024-create,unknown,,,gh:vub-hydr/revub
skyking363,unknown,,,gh:akkudoktor-eos/eos
sl4ven,unknown,,,gh:gridoptics/gridpack
slcorrensi,unknown,,,gh:antaressimulatorteam/antares_simulator
slinshady89,unknown,,,gh:akkudoktor-eos/eos
sluo1250,unknown,,,gh:akkudoktor-eos/eos
slwu89,professional,mrc-ide dd-harp,,"gh:breakthrough-energy/reise.jl,gh:genxproject/genx.jl,gh:juliaenergy/powerdynamics.jl,gh:leonardgoeke/anymod.jl,gh:natlabrockies/reopt.jl,gh:psrenergy/sddpdso.jl,gh:spine-tools/spineopt.jl,gh:tulipaenergy/tulipaenergymodel.jl"
smaatta-pce,unknown,,,gh:pencleanenergy/match-model
smacks2,unknown,,,gh:akkudoktor-eos/eos
smalldatalooser,unknown,,,gh:akkudoktor-eos/eos
smartie2076,unknown,,,"gh:oemof/oemof-solph,gh:rl-institut/multi-vector-simulator"
smcd0,unknown,,,gh:energysystemsmodellinglab/muse_os
smitstephan,unknown,,,gh:akkudoktor-eos/eos
smiyc,unknown,,,gh:akkudoktor-eos/eos
smolit,professional,something with drive,DEU,gh:akkudoktor-eos/eos
smorgenthaler,unknown,,,gh:calliope-project/calliope
smrjans,academic,talentica,IND,"gh:adgefficiency/energy-py,gh:calliope-project/calliope,gh:kiedanski/pymarket,gh:switch-model/switch"
smuratsirin,unknown,,,"gh:ames-market/psst,gh:emlab/emlab-generation,gh:fraukewiese/renpass,gh:osemosys/osemosys"
snc,unknown,,DEU,gh:akkudoktor-eos/eos
sncjdinwoie,unknown,,,gh:energy-modelling-toolkit/dispa-set
snir-jether,unknown,,,gh:rwl/pypower
snowdj,unknown,,,"gh:adgefficiency/energy-py,gh:calliope-project/calliope,gh:emma-model/emma,gh:genxproject/genx.jl,gh:juliaenergy/joulia.jl,gh:lanl-ansi/powermodels.jl,gh:leonardgoeke/anymod.jl,gh:natlabrockies/sam,gh:nrel-sienna/powersimulations.jl,gh:optimal2050/energyrt,gh:osemosys/osemosys,gh:pypsa/pypsa,gh:rwl/pypower,gh:youngfaithful/capacityexpansion.jl"
sns-ikeda,academic,university of tsukuba,JPN,gh:rwl/pypower
snvfk1n,unknown,,,gh:leonardgoeke/anymod.jl
soda831143,academic,the chinese university of hongkong-shenzhen,CHN,gh:assume-framework/assume
sofiary,unknown,,AUS,"gh:natlabrockies/paraemt_public,gh:nrel-sienna/powersimulationsdynamics.jl"
softwareengineerprogrammer,industry,scientific web services llc,,"gh:genxproject/genx.jl,gh:natlabrockies/pysam,gh:natlabrockies/sam,gh:pypsa/pypsa"
soheilmohseni,unknown,,,gh:soheilmohseni/pymicrogridcontrol
soininen,academic,vtt technical research centre of finland,FIN,"gh:irena-flextool/flextool,gh:spine-tools/spineopt.jl"
soji-opa,academic,uct,ZAF,"gh:anl-ceeesa/unitcommitment.jl,gh:frkunz/stelmod,gh:iee-tugraz/lego"
sokol-a,industry,,not found,"gh:dynawo/dynawo,gh:powergridmodel/power-grid-model"
sokrates-de,unknown,,DEU,gh:akkudoktor-eos/eos
sol-jac,unknown,,,"gh:ahalev/python-microgrid,gh:assume-framework/assume,gh:osemosys/osemosys"
solhuebner,industry,mhp - a porsche company,DEU,gh:akkudoktor-eos/eos
solotourist,unknown,,,"gh:dynawo/dynawo,gh:natlabrockies/gear-scoup,gh:natlabrockies/wpgnn"
somebears,unknown,,,gh:akkudoktor-eos/eos
somera,unknown,,,"gh:akkudoktor-eos/eos,gh:antaressimulatorteam/antares_simulator,gh:sanpen/veragrid"
sometimesstudy,academic,,CHN,"gh:grid2op/grid2op,gh:pypsa/pypsa,gh:rwl/pypower"
sommer-alexander,unknown,,,gh:genxproject/genx.jl
sonarqubecloud,unknown,,,"gh:antaressimulatorteam/antares_simulator,gh:curent/andes,gh:dynawo/dynawo,gh:e2niee/pandapower,gh:grid2op/grid2op,gh:powergridmodel/power-grid-model,gh:powsybl/powsybl-core,gh:powsybl/powsybl-open-loadflow,gh:powsybl/pypowsybl,gh:sogno-platform/dpsim"
sondrmsk,unknown,,,gh:onsset/onsset
songcn206,unknown,,,gh:curent/andes
songo0404,unknown,,,gh:akkudoktor-eos/eos
sonjasechi,unknown,,,gh:energysystemsmodellinglab/muse_os
sophie-pelland,unknown,,,gh:pypsa/pypsa
sophie-pelland,unknown,,,gl:sesit/silver
sophieSun001,unknown,,,gh:oemof/oemof-solph
sophiekerckhoffs,unknown,,,gh:emlab/emlab-generation
sorrento,unknown,,,"gh:dynawo/dynawo,gh:openipsl/openipsl"
sosayno,unknown,,,gh:idaholab/hybrid
sosboy888,professional,edverb learning private limited,IND,gh:natlabrockies/pysam
soummyaroy1,academic,,,"gh:matpower/matpower,gh:matpower/most,gh:osemosys/osemosys,gh:switch-model/switch"
soundsreal,professional,soundsreal,ZAF,gh:powergridmodel/power-grid-model
sourabhdalvi,research,national renewable energy laboratory,USA,"gh:nrel-sienna/powersimulations.jl,gh:nrel-sienna/powersystemsinvestments.jl,gh:pnnl/exago"
spapasoteriou,unknown,,,"gh:e2niee/pandapower,gh:etsap-times/times_model,gh:natlabrockies/sam,gh:onsset/onsset,gh:osemosys/osemosys,gh:sei-international/nemomod.jl"
sparamio,unknown,,,"gh:iit-energysystemmodels/opensduc,gh:iit-energysystemmodels/opentepes"
spark706,unknown,,,"gh:e2niee/pandapower,gh:epri-dev/opender,gh:juliaenergy/powerdynamics.jl,gh:manuvarkey/gelectrical,gh:natlabrockies/paraemt_public,gh:nreca-bts/omf,gh:openego/edisgo,gh:pypsa/pypsa,gh:sanpen/veragrid,gh:susantoj/pypower-dynamics"
spcqike,unknown,,,gh:akkudoktor-eos/eos
spencer-in-github,academic,stanford university,,gh:genxproject/genx.jl
spencernaugler7,unknown,,,gh:akkudoktor-eos/eos
spetznick,industry,,SWE,gh:powergridmodel/power-grid-model
spf666666,unknown,,,"gh:calliope-project/calliope,gh:epgoxford/open"
spfRechenknecht,unknown,,,gh:spf-ost/optihood
spicymargarita,unknown,,,gh:gridfm/gridfm-graphkit
spine-o-bot,unknown,,,gh:spine-tools/spineopt.jl
spiral023,industry,raitec,AUT,gh:akkudoktor-eos/eos
spkanung,unknown,,,gh:temoaproject/temoa
spmacdonald,unknown,,CAN,"gh:lanl-ansi/powermodels.jl,gh:lanl-ansi/powermodelsannex.jl,gh:matpower/matpower,gh:nrel-sienna/powersimulations.jl,gh:rwl/pypower"
spolloni,unknown,,,gh:natlabrockies/pysam
sporttiger1000,unknown,,,gh:akkudoktor-eos/eos
spotopt,unknown,,SWE,gh:oemof/oemof-solph
sprig,unknown,,,"gh:e2niee/pandapower,gh:genxproject/genx.jl,gh:tulipaenergy/tulipaenergymodel.jl"
spring9978,unknown,,,"gh:ie3-institute/simona,gh:powsybl/powsybl-core,gh:powsybl/powsybl-open-loadflow,gh:powsybl/pypowsybl"
squoilin,academic,university of liege,,"gh:energy-modelling-toolkit/dispa-set,gh:energyscope/energyscope,gh:leonardgoeke/anymod.jl,gh:microgridspy/microgridspy,gh:onsset/onsset,gh:tum-ens/urbs"
sr-abay,unknown,,IND,gh:gridoptics/gridpack
sraddhanjali,unknown,,USA,gh:susantoj/pypower-dynamics
srhbrnds,unknown,,,gh:oemof/oemof-solph
srieger1,academic,fulda university of applied sciences,DEU,gh:akkudoktor-eos/eos
sriharisundar,academic,,USA,"gh:leonardgoeke/anymod.jl,gh:natlabrockies/pras,gh:nlr-distribution-suite/erad,gh:pypsa/pypsa,gh:tum-ens/urbs"
srikanth-iyer,academic,binghamton university,USA,gh:genxproject/genx.jl
srikanthallu,research,oak ridge national laboratory,,gh:genxproject/genx.jl
sriram-kondakindi,unknown,,,gh:natlabrockies/pysam
srlightfoote,academic,https://www.awstruepower.com/,USA,gh:natlabrockies/pysam
sroecker,academic,red hat,DEU,gh:akkudoktor-eos/eos
ss89,unknown,,,gh:akkudoktor-eos/eos
ssalonen,unknown,,FIN,gh:adamgreenhall/minpower
sscherfke,unknown,,,gh:rwl/pypower
sschlueters,unknown,,,gh:oemof/oemof-solph
sseypt,industry,steve seypt software development,DEU,gh:akkudoktor-eos/eos
sshin23,academic,massachusetts institute of technology,USA,"gh:lanl-ansi/powermodels.jl,gh:leonardgoeke/anymod.jl,gh:prep-next/prep-shot"
sshyran,professional,independent contractor,UKR,gh:leonardgoeke/anymod.jl
ssmil,unknown,,,gh:temoaproject/temoa
ssonniaa,unknown,,,gh:energyinnovation/eps-us
ssshah86,unknown,,,"gh:calliope-project/calliope,gh:oemof/oemof-solph,gh:pypsa/pypsa,gh:sanpen/veragrid,gh:tum-ens/urbs"
sstroemer,academic,ait austrian institute of technology gmbh,AUT,"gh:ait-energy/iesopt.jl,gh:antaressimulatorteam/antares_simulator,gh:calliope-project/calliope"
ssushant0011,unknown,,,gh:akkudoktor-eos/eos
staabm,academic,,DEU,gh:akkudoktor-eos/eos
stadsc,unknown,,,"gh:pielube/messpy,gh:sanpen/veragrid"
stadt-land-energie-projekt,unknown,,,gh:oemof/oemof-solph
standon41,unknown,,,"gh:matpower/matpower,gh:matpower/most"
stanlee321,industry,deepmicrosystems.com,BOL,"gh:adamgreenhall/minpower,gh:e2niee/pandapower,gh:pypsa/pypsa,gh:sanpen/veragrid"
stardado,unknown,,DEU,gh:akkudoktor-eos/eos
stargieg,unknown,,DEU,gh:akkudoktor-eos/eos
starlight1540,unknown,,,gh:akkudoktor-eos/eos
staudtMarius,unknown,,,"gh:ie3-institute/powersystemdatamodel,gh:ie3-institute/simona"
stbilodeau,unknown,,,gh:slacgismo/tess
stealthmaster007,unknown,,,gh:susantoj/pypower-dynamics
stefango79,unknown,,,gh:akkudoktor-eos/eos
stefanheinrichsen,unknown,,DEU,gh:akkudoktor-eos/eos
stefanomoret,academic,imperial college london,,gh:energyscope/energyscope
stefansc1,academic,reiner lemoine institute,,gh:oemof/oemof-solph
steffen-vogel-opalrt,industry,opal-rt-germany,DEU,"gh:sogno-platform/dpsim,gh:villasframework/node"
steffen746,unknown,,,gh:natlabrockies/pysam
steffenGit,unknown,,,gh:oemof/oemof-solph
steffenkaminski,unknown,,,"gh:pypsa/pypsa,gh:spine-tools/spineopt.jl"
stellarland,unknown,,,gh:natlabrockies/paraemt_public
stephen-stack-code,unknown,,,gh:energyinnovation/eps-us
steve9825679,industry,studio.29.ohlsdorf mag. dr. stefan krejci,AUT,gh:akkudoktor-eos/eos
stevenrchun,professional,tapestryenergy,,"gh:ames-market/psst,gh:genxproject/genx.jl,gh:grid2op/grid2op,gh:lanl-ansi/powermodels.jl,gh:sanpen/veragrid"
stevleibelt,academic,bazzline.net,DEU,gh:akkudoktor-eos/eos
stgreensl,unknown,,,gh:eiagov/bluesky
stherm,unknown,,,gh:akkudoktor-eos/eos
stianchris,unknown,,,"gh:oemof/oemof-solph,gh:pypsa/pypsa"
stillyslalom,research,los alamos national laboratory,,gh:genxproject/genx.jl
stinsong4100,unknown,,,gh:genxproject/genx.jl
stjordanis,professional,,GRC,"gh:juliaenergy/powerdynamics.jl,gh:lanl-ansi/powermodels.jl,gh:nrel-sienna/powersimulations.jl,gh:nrel-sienna/powersimulationsdynamics.jl,gh:openipsl/openipsl"
stlamoureux1,unknown,,,gh:erf-model/erf
stlazaroy,professional,aspete.gr,GRC,"gh:matpower/matpower,gh:openipsl/openipsl"
stlorenz,unknown,,DEU,gh:akkudoktor-eos/eos
stoecklm,unknown,,,"gh:e2niee/pandapower,gh:fzj-iek3-vsa/fine,gh:leonardgoeke/anymod.jl,gh:nrel-sienna/powersimulations.jl,gh:oemof/oemof-solph,gh:pypsa/pypsa,gh:rwl/pypower,gh:tum-ewk/opentumflex"
strangeli,unknown,,,gh:juliaenergy/powerdynamics.jl
strasskirchner,unknown,,,gh:akkudoktor-eos/eos
strene,academic,"sintef digital, applied computational science group",NOR,gh:highres-model/highres-europe
stritti,industry,sybit-gmbh,DEU,gh:akkudoktor-eos/eos
stroitzsch,unknown,,,"gh:mesmo-dev/mesmo,gh:pnnl/tesp"
stsch83,unknown,,,gh:akkudoktor-eos/eos
studarus,unknown,,,gh:adamgreenhall/minpower
stueja,unknown,,,gh:akkudoktor-eos/eos
stuenergy,unknown,,,gh:onsset/onsset
stuffsearcher,unknown,,,"gh:e2niee/pandapower,gh:eiagov/bluesky,gh:energy-modelling-toolkit/dispa-set,gh:etsap-times/times_model,gh:genxproject/genx.jl,gh:irena-flextool/flextool,gh:osemosys/osemosys,gh:powergridmodel/power-grid-model,gh:pypsa/pypsa"
stumbaumr,professional,godmodelabs,DEU,gh:akkudoktor-eos/eos
stv0g,industry,opal-rt-germany,DEU,"gh:sanpen/veragrid,gh:sogno-platform/dpsim,gh:villasframework/node"
stvsd1314,unknown,,,gh:curent/andes
suan12,academic,,,gh:idaholab/hybrid
subbamaggus,unknown,,,gh:akkudoktor-eos/eos
suchada-hn,unknown,,,"gh:akkudoktor-eos/eos,gh:antaressimulatorteam/antares_simulator,gh:calliope-project/calliope,gh:esmap-world-bank-group/epm,gh:ipese/reho,gh:quintel/etengine,gh:sanpen/veragrid,gh:transition-zero/tz-osemosys"
sudomakeflies,unknown,,,gh:natlabrockies/emerge
sugandhachauhan,unknown,,,gh:tulipaenergy/tulipaenergymodel.jl
suleimanshehu,unknown,,NER,gh:juliaenergy/powerdynamics.jl
sultan-long,unknown,,,gh:akkudoktor-eos/eos
sumathil,research,los alamos national laboratory,,gh:gridoptics/gridpack
sungsy,academic,,DEU,gh:assume-framework/assume
sunhan01,unknown,,,gh:openipsl/openipsl
sunlightxz,academic,,MAR,gh:akkudoktor-eos/eos
sunmy974-lab,unknown,,,gh:curent/andes
sunnyccshine,unknown,,,"gh:ancillaryservicesacquisitionmodel/asam,gh:e2niee/pandapower,gh:psrenergy/sddpdso.jl,gh:reegis/deflex"
sunspearless,unknown,,FRA,gh:akkudoktor-eos/eos
sunstars-123,unknown,,,gh:drafproject/draf
supersmuu,unknown,,,gh:akkudoktor-eos/eos
supoqiaji,unknown,,,"gh:oemof/oemof-solph,gh:tum-ens/urbs"
supsi-dacd-isaac,unknown,,,gh:calliope-project/calliope
susantoj,industry,ampere labs,AUS,"gh:curent/andes,gh:e2niee/pandapower,gh:rwl/pypower,gh:sanpen/veragrid,gh:sogno-platform/dpsim,gh:susantoj/pypower-dynamics,gh:switch-model/switch,gh:unsw-ceem/nempy"
sushi86,unknown,,,gh:akkudoktor-eos/eos
sushmit0109,unknown,,,gh:openipsl/openipsl
suvayu,academic,,,"gh:calliope-project/calliope,gh:spine-tools/spineopt.jl,gh:tulipaenergy/tulipaenergymodel.jl"
suzukiyou,unknown,,,gh:rwl/pypower
svalcken,unknown,,,gh:akkudoktor-eos/eos
sven-n,unknown,,,gh:akkudoktor-eos/eos
svenbutzelaar,unknown,,,gh:tulipaenergy/tulipaenergymodel.jl
svenkrefeld,industry,8mylez,DEU,gh:akkudoktor-eos/eos
svenroettjer,unknown,,DEU,gh:akkudoktor-eos/eos
svenz,unknown,,,gh:akkudoktor-eos/eos
swang22,unknown,,,"gh:genxproject/genx.jl,gh:hope-model-project/hope"
swatchy2dot0,unknown,,DEU,gh:akkudoktor-eos/eos
sweaty1172,unknown,,,"gh:natlabrockies/pysam,gh:natlabrockies/sam"
switchblade11,unknown,,,gh:oemof/oemof-solph
swodesh-2001,academic,,,gh:susantoj/pypower-dynamics
swordaaaa,unknown,,,"gh:genxproject/genx.jl,gh:lanl-ansi/powermodels.jl,gh:marvinler/pypownet,gh:pypsa/pypsa"
swqoo2,unknown,,,gh:calliope-project/calliope
swsong,unknown,,,"gh:openipsl/openipsl,gh:pypsa/pypsa"
syalsm,unknown,,,gh:natlabrockies/pysam
sycraft,unknown,,,"gh:ames-market/psst,gh:e2niee/pandapower,gh:lanl-ansi/powermodels.jl,gh:pypsa/pypsa,gh:rwl/pypower,gh:sanpen/veragrid"
syedsaqline,unknown,,,gh:natlabrockies/hopp
syedyasserali,academic,"fossee, iit bombay",IND,"gh:dynawo/dynawo,gh:energy-modelling-toolkit/dispa-set,gh:juliaenergy/powerdynamics.jl,gh:openipsl/openipsl,gh:sanpen/veragrid"
sylaarven,unknown,,,gh:arthurrinaldi/grimsel
sylvlecl,utility,reseau de transport d'electricite,FRA,"gh:antaressimulatorteam/antares_simulator,gh:dynawo/dynawo,gh:e2niee/pandapower,gh:grid2op/grid2op,gh:powsybl/powsybl-core,gh:powsybl/powsybl-open-loadflow,gh:powsybl/pypowsybl"
sylvmara,unknown,,,gh:antaressimulatorteam/antares_simulator
symbiotic-engineering,academic,,USA,gh:genxproject/genx.jl
symrex,unknown,,,gh:akkudoktor-eos/eos
synhmmy,unknown,,,gh:openipsl/openipsl
syrkis,academic,,ITA,gh:rwl/pypower
sysrun,unknown,,DEU,gh:akkudoktor-eos/eos
sz73,unknown,,,
szhan311,unknown,,,gh:curent/andes
szz65,academic,zhejiang university,CHN,gh:natlabrockies/pysam
t-busch,industry,forschungszentrum julich gmbh,DEU,gh:fzj-iek3-vsa/fine
t-gross,unknown,,,gh:fzj-iek3-vsa/fine
t-kwasnik,unknown,,,gh:natlabrockies/reopt_api
t-ober,academic,ie3-institute,DEU,"gh:e2niee/pandapower,gh:ie3-institute/powersystemdatamodel,gh:ie3-institute/simona,gh:powsybl/powsybl-core,gh:pypsa/pypsa,gh:sanpen/veragrid"
t-w3nz,unknown,,,gh:akkudoktor-eos/eos
t0r0X,unknown,,DEU,gh:akkudoktor-eos/eos
t0rsp4m,unknown,,,gh:akkudoktor-eos/eos
t1b00,unknown,,CHE,gh:ie3-institute/simona
t1user,unknown,,,gh:akkudoktor-eos/eos
t3mschm2d,unknown,,,gh:akkudoktor-eos/eos
t785634,unknown,,,gh:akkudoktor-eos/eos
tFaster,professional,open text,DEU,gh:akkudoktor-eos/eos
ta7mid,industry,nordicimaginglab via cefalo,BGD,gh:gridoptics/gridpack
tadren,unknown,,,"gh:e2niee/pandapower,gh:rwl/pypower"
tah-allotrope,unknown,,,"gh:natlabrockies/reopt.jl,gh:osemosys/osemosys,gh:sei-international/nemomod.jl"
taigeras,unknown,,,gh:genxproject/genx.jl
takadoshikito,unknown,,,gh:akkudoktor-eos/eos
takahiro-prog,unknown,,,"gh:lanl-ansi/powermodels.jl,gh:nrel-sienna/powersimulations.jl,gh:oemof/oemof-solph,gh:pypsa/pypsa"
taksuparth,academic,sprinklr,,gh:rwl/pypower
tala-ghaddar,unknown,,,gh:fzj-iek3-vsa/fine
talha965,unknown,,,gh:matpower/most
tamarm,unknown,,,gh:temoaproject/temoa
tamas-borbath,academic,ku leuven,BEL,"gh:genxproject/genx.jl,gh:natlabrockies/pras,gh:nrel-sienna/powersimulations.jl"
tangdou1,unknown,,,"gh:matpower/matpower,gh:pypsa/pypsa,gh:rwl/pypower,gh:sanpen/veragrid"
tanhaoly,unknown,,,"gh:e2niee/pandapower,gh:pypsa/pypsa,gh:rwl/pypower,gh:susantoj/pypower-dynamics"
tanjeetsarkar,industry,,,gh:akkudoktor-eos/eos
tank723,unknown,,,"gh:gridoptics/gridpack,gh:pnnl/exago"
tanzeli1982,academic,,,gh:erf-model/erf
tanzhongtan,professional,Guo Wang (Su Zhou )Cheng Shi Neng Yuan Yan Jiu Yuan ,,gh:matpower/most
taoyuanwei,academic,,,gh:etsap-times/times_model
taozuoqiao,unknown,,,gh:genxproject/genx.jl
tarskul,unknown,,,"gh:spine-tools/spineopt.jl,gh:tulipaenergy/tulipaenergymodel.jl"
tatigabd,unknown,,,gh:openipsl/openipsl
tatssuki,unknown,,JPN,gh:juliaenergy/powerdynamics.jl
taylorreid21,unknown,,,gh:natlabrockies/hopp
tback,professional,legal-os,DEU,gh:akkudoktor-eos/eos
tbaptistal,academic,eth zurich,CHE,gh:spine-tools/spineopt.jl
tbeu,unknown,,,"gh:openipsl/openipsl,gh:sanpen/veragrid"
tbittar,unknown,,,gh:antaressimulatorteam/antares_simulator
tblanke,professional,"sij, fh aachen",DEU,gh:oemof/oemof-solph
tbors,unknown,,,gh:oemof/oemof-solph
tbrumm,academic,kuehne + nagel,DEU,gh:akkudoktor-eos/eos
tbrumue,academic,eth zurich,CHE,gh:arthurrinaldi/grimsel
tbugfinder,unknown,,,gh:akkudoktor-eos/eos
tburandt,professional,volueinsight,DEU,"gh:fzj-iek3-vsa/fine,gh:osemosys/osemosys,gh:pypsa/pypsa"
tcharsol,unknown,,,gh:natlabrockies/reopt_api
tchigher,unknown,,,"gh:akkudoktor-eos/eos,gh:lanl-ansi/powermodels.jl,gh:nrel-sienna/powersimulations.jl"
tdobermann,academic,london school of economics (lse),GBR,gh:onsset/onsset
tdsimao,academic,tu eindhoven,NLD,gh:adgefficiency/energy-py
tduecker,industry,borgwarner engineering systems,DEU,gh:akkudoktor-eos/eos
team-consulting-ase,unknown,,,gh:akkudoktor-eos/eos
techfort,industry,techfort,IRL,gh:adgefficiency/energy-py
techheimwerker,unknown,,DEU,gh:akkudoktor-eos/eos
techpirat-de,unknown,,DEU,gh:akkudoktor-eos/eos
techsuhi,unknown,,,gh:akkudoktor-eos/eos
tedeler,academic,,,gh:akkudoktor-eos/eos
tehDroidX,unknown,,,gh:akkudoktor-eos/eos
teissler,industry,timo eissler it-solutions gmbh,DEU,gh:akkudoktor-eos/eos
telumo,industry,librus,JPN,gh:oemof/oemof-solph
temcdrm,unknown,,USA,"gh:ames-market/psst,gh:gridoptics/gridpack,gh:matpower/matpower,gh:pnnl/tesp,gh:rwl/pypower"
temuulenby,unknown,,,"gh:natlabrockies/pysam,gh:natlabrockies/sam"
teodemi,unknown,,,gh:eiagov/bluesky
terdt,unknown,,,gh:akkudoktor-eos/eos
terigenbuaa,academic,,,"gh:nlr-distribution-suite/erad,gh:pypsa/pypsa"
terrancelu92,unknown,,,gh:openipsl/openipsl
tessi,industry,remotecom,DEU,gh:akkudoktor-eos/eos
test-o-u,unknown,,,"gh:adamgreenhall/minpower,gh:adgefficiency/energy-py,gh:gh:adgefficiency/energy-py-linear,gh:ahalev/python-microgrid,gh:ait-energy/iesopt.jl,gh:akkudoktor-eos/eos,gh:ames-market/psst,gh:ancillaryservicesacquisitionmodel/asam,gh:andrewlyden/pylesa,gh:antaressimulatorteam/antares_simulator,gh:arras-energy/gridlabd,gh:arthurrinaldi/grimsel,gh:assume-framework/assume,gh:autarky-power/minigrid-jcc,gh:balmorelcommunity/balmorel,gh:behrangshirizadeh/eoles_elecres,gh:behrangshirizadeh/eoles_mv,gh:bje-/nemo,gh:blue-marble/gridpath,gh:breakthrough-energy/reise.jl,gh:btu-enerecon/em.power-invest,gh:caaficus/bewhere-model,gh:calliope-project/calliope,gh:changgang/steps,gh:chengts95/rustpower,gh:chrisyeh96/sustaingym,gh:critical-infrastructure-systems-lab/pownet,gh:csenkpiel/inve2st,gh:curent/andes,gh:derrickoswald/cimapplication,gh:dgusain1/energysim,gh:drafproject/draf,gh:dss-extensions/dss_capi,gh:dynawo/dynawo,gh:e2niee/pandapower,gh:e3-/resolve,gh:eiagov/bluesky,gh:electa-git/flexplan.jl,gh:elseviersoftwarex/softx_2020_61,gh:emlab/emlab-generation,gh:emma-model/emma,gh:energy-modelling-toolkit/dispa-set,gh:energyinnovation/eps-us,gh:energymodelsx/energymodelsbase.jl,gh:energyscope/energyscope,gh:energysystemsmodellinglab/muse_os,gh:epgoxford/open,gh:epri-dev/opender,gh:epri-dev/opendss-c,gh:erf-model/erf,gh:etsap-times/times_model,gh:fabmid/open-energy-cell-simulation,gh:flexiblepower/powermatcher,gh:flexigis/flexigis,gh:flixopt/flixopt,gh:fraukewiese/renpass,gh:frkunz/stelmod,gh:future-power-networks/simplus-grid-tool,gh:fzj-iek3-vsa/fine,gh:g-pst/inertia,gh:genxproject/genx.jl,gh:gmlc-dispatches/dispatches,gh:grid-parity-exchange/egret,gh:grid2op/chronix2grid,gh:grid2op/grid2op,gh:gridoptics/gridpack,gh:highres-model/highres-europe,gh:hope-model-project/hope,gh:idaholab/heron,gh:idaholab/hybrid,gh:ie3-institute/powersystemdatamodel,gh:ie3-institute/simona,gh:iee-tugraz/lego,gh:iit-energysystemmodels/openmaster,gh:iit-energysystemmodels/opensduc,gh:iit-energysystemmodels/opentepes,gh:iit-energysystemmodels/starlite,gh:inwe-boku/medea,gh:ipese/reho,gh:irena-flextool/flextool,gh:irpsim/irpopt,gh:juliaenergy/joulia.jl,gh:juliaenergy/powerdynamics.jl,gh:kiedanski/pymarket,gh:lanl-ansi/powermodels.jl,gh:lanl-ansi/powermodelsannex.jl,gh:leonardgoeke/anymod.jl,gh:lkruitwagen/global-fossil-fuel-supply-chain,gh:lukasbarner/hydrogenmod.jl,gh:lvorspel/digripy,gh:macroenergy/macroenergy.jl,gh:manuvarkey/gelectrical,gh:marvinler/pypownet,gh:matpower/matpower,gh:matpower/most,gh:mbheinen/bpa-ipf-tsp,gh:mesmo-dev/mesmo,gh:microgrids-x/microgrids.py,gh:microgridspy/microgridspy,gh:mzy2240/esa,gh:natlabrockies/coral,gh:natlabrockies/emerge,gh:natlabrockies/gear-scoup,gh:natlabrockies/h2integrate,gh:natlabrockies/hopp,gh:natlabrockies/hybridbosse,gh:natlabrockies/mafrit,gh:natlabrockies/paraemt_public,gh:natlabrockies/pras,gh:natlabrockies/pysam,gh:natlabrockies/reeds-2.0,gh:natlabrockies/reopt.jl,gh:natlabrockies/rodeo,gh:natlabrockies/sam,gh:natlabrockies/wpgnn,gh:niclasmattsson/supergrid,gh:nlr-distribution-suite/erad,gh:nreca-bts/omf,gh:nrel-sienna/powersimulations.jl,gh:nrel-sienna/powersimulationsdynamics.jl,gh:nrel-sienna/powersystemsinvestments.jl,gh:oemof/oemof-solph,gh:oemof/oemof-thermal,gh:opencemorg/opencem,gh:openego/edisgo,gh:openego/ego,gh:openipsl/openipsl,gh:optimal2050/energyrt,gh:osemosys/osemosys,gh:pencleanenergy/match-model,gh:philipphaertel/emprise,gh:pielube/messpy,gh:pnnl/exago,gh:pnnl/tesp,gh:powergridmodel/power-grid-model,gh:powsybl/powsybl-core,gh:powsybl/powsybl-open-loadflow,gh:powsybl/pypowsybl,gh:prep-next/prep-shot,gh:psrenergy/sddpdso.jl,gh:pypsa/pypsa,gh:quintel/etengine,gh:quintel/etmodel,gh:rahmankhorramfar91/jpong,gh:rebase-energy/enflow,gh:reegis/deflex,gh:rheia-framework/rheia,gh:richard-weinhold/pomato,gh:rl-institut/multi-vector-simulator,gh:robbiemorrison/deeco,gh:romulus97/capow_py36,gh:roseautechnologies/roseau_load_flow,gh:rwl/pypower,gh:sanpen/veragrid,gh:sei-international/nemomod.jl,gh:simjunky/leelo,gh:slacgismo/tess,gh:sogno-platform/dpsim,gh:sogno-platform/pymfm,gh:soheilmohseni/pymicrogridcontrol,gh:sp-etx/friendlysam,gh:spf-ost/optihood,gh:spine-tools/spineopt.jl,gh:stanford-eao/bridges,gh:susantoj/pypower-dynamics,gh:switch-model/switch,gh:temoaproject/temoa,gh:thales1330/psp,gh:transient-official/transient-lib,gh:tulipaenergy/tulipaenergymodel.jl,gh:tum-ens/rivus,gh:tum-ens/urbs,gh:tum-ewk/ficus,gh:tum-ewk/opentumflex,gh:unsw-ceem/nempy,gh:upb-lea/electricgrid.jl,gh:uu-er/adopt-net0,gh:villasframework/node,gh:vub-hydr/revub,gh:yanzhaochang/psatools-python,gh:youngfaithful/capacityexpansion.jl,gh:zen-universe/zen-garden"
tetsu26,unknown,,JPN,"gh:calliope-project/calliope,gh:etsap-times/times_model,gh:pypsa/pypsa"
teuffel,unknown,,,gh:akkudoktor-eos/eos
tfBullet,unknown,,DEU,gh:akkudoktor-eos/eos
tfh8fe,academic,university of technology vienna,AUT,gh:ait-energy/iesopt.jl
tfoesch,unknown,,,gh:zen-universe/zen-garden
tgi-climact,professional,climact,,"gh:energy-modelling-toolkit/dispa-set,gh:pypsa/pypsa,gh:quintel/etengine,gh:quintel/etmodel"
tgilon,professional,open energy transition,BLR,"gh:energy-modelling-toolkit/dispa-set,gh:pypsa/pypsa,gh:quintel/etengine,gh:quintel/etmodel,gh:sei-international/nemomod.jl"
tgolubev,academic,thermoanalytics,USA,"gh:natlabrockies/pysam,gh:natlabrockies/sam"
tgowthambits,unknown,,,gh:natlabrockies/reopt_api
tgrelka,industry,indibit-eu,DEU,gh:akkudoktor-eos/eos
th1275,unknown,,,gh:curent/andes
thallesam,unknown,,BRA,"gh:curent/andes,gh:thales1330/psp"
thanever,academic,hku,HKG,"gh:anl-ceeesa/unitcommitment.jl,gh:curent/andes,gh:e2niee/pandapower,gh:future-power-networks/simplus-grid-tool,gh:genxproject/genx.jl,gh:grid-parity-exchange/egret,gh:grid2op/grid2op,gh:lanl-ansi/powermodels.jl,gh:mesmo-dev/mesmo,gh:natlabrockies/paraemt_public,gh:oemof/oemof-solph,gh:pnnl/exago,gh:pnnl/tesp,gh:pypsa/pypsa,gh:rwl/pypower,gh:switch-model/switch"
thanhtoan1196,unknown,,,gh:akkudoktor-eos/eos
thatKennedy,unknown,,USA,"gh:blue-marble/gridpath,gh:e2niee/pandapower,gh:macroenergy/macroenergy.jl,gh:pypsa/pypsa,gh:rwl/pypower,gh:sanpen/veragrid"
thatguy7,unknown,,DEU,"gh:e2niee/pandapower,gh:oemof/oemof-solph,gh:sanpen/veragrid"
thayzecosta,academic,university of campinas (unicamp),BRA,"gh:e2niee/pandapower,gh:pypsa/pypsa,gh:spine-tools/spineopt.jl"
the-question,unknown,,,gh:akkudoktor-eos/eos
thearthurchen,unknown,,,gh:powergridmodel/power-grid-model
thecom,unknown,,,gh:rwl/pypower
thedavidneufeld,academic,university of lethbridge,CAN,gh:rwl/pypower
thefactus,industry,,GBR,gh:natlabrockies/sam
thefechner,unknown,,DEU,gh:akkudoktor-eos/eos
thejang90,unknown,,,gh:adgefficiency/energy-py
themorlan,unknown,,,gh:akkudoktor-eos/eos
thempen,academic,technische hochschule ingolstadt,DEU,gh:akkudoktor-eos/eos
theodorska,unknown,,,gh:fzj-iek3-vsa/fine
theoweiss,unknown,,DEU,gh:akkudoktor-eos/eos
thesethtruth,industry,,NLD,"gh:calliope-project/calliope,gh:quintel/etengine,gh:quintel/etmodel"
theunafraid,unknown,,,gh:oemof/oemof-solph
thiagopbueno,professional,luizalabs,BRA,gh:adgefficiency/energy-py
thibaulttoujouse,unknown,,,gh:antaressimulatorteam/antares_simulator
thiesch,unknown,,,gh:akkudoktor-eos/eos
thillair,unknown,,IND,"gh:calliope-project/calliope,gh:pypsa/pypsa"
thiloms,unknown,,,gh:akkudoktor-eos/eos
thisdev,unknown,,,gh:akkudoktor-eos/eos
thisistheplace,industry,sharenergy,,gh:andrewlyden/pylesa
thllm,unknown,,,gh:akkudoktor-eos/eos
thobi85,unknown,,,gh:akkudoktor-eos/eos
thoernst,unknown,,,gh:akkudoktor-eos/eos
thomas-bouvier,academic,maison-de-la-simulation,FRA,gh:antaressimulatorteam/antares_simulator
thomasflynn918,unknown,,,gh:gridoptics/gridpack
thomasmaerki,unknown,,,gh:juliaenergy/joulia.jl
thomastu,industry,,USA,"gh:blue-marble/gridpath,gh:e2niee/pandapower,gh:natlabrockies/pysam,gh:oemof/oemof-solph,gh:pypsa/pypsa,gh:spine-tools/spineopt.jl,gh:tulipaenergy/tulipaenergymodel.jl,gh:tum-ens/urbs"
thomgeo,unknown,,,"gh:energy-modelling-toolkit/dispa-set,gh:pypsa/pypsa"
thommaa,industry,w&w informatik,DEU,gh:akkudoktor-eos/eos
thompson0012,academic,,,gh:akkudoktor-eos/eos
thomscode,government,,USA,gh:gridoptics/gridpack
thor-alexis,unknown,,,gh:etsap-times/times_model
thorade,professional,modelon,,"gh:dynawo/dynawo,gh:openipsl/openipsl,gh:temoaproject/temoa"
thorb97,unknown,,,gh:akkudoktor-eos/eos
thormeyc,unknown,,,gh:calliope-project/calliope
though14,academic,,,"gh:e2niee/pandapower,gh:matpower/most"
thtanhao,unknown,,,"gh:e2niee/pandapower,gh:rwl/pypower"
thuang,unknown,,,"gh:mzy2240/esa,gh:pnnl/tesp,gh:rwl/pypower,gh:sanpen/veragrid,gh:sogno-platform/dpsim,gh:susantoj/pypower-dynamics"
thuliuyang,unknown,,,gh:etsap-times/times_model
thunfischtoast,unknown,,,gh:ie3-institute/simona
thungsten,unknown,,,gh:akkudoktor-eos/eos
thuningsummer,unknown,,,"gh:e2niee/pandapower,gh:pypsa/pypsa,gh:rwl/pypower,gh:sanpen/veragrid,gh:susantoj/pypower-dynamics"
thuylinh-ceccs,unknown,,,gh:emlab/emlab-generation
thw1021,unknown,,,gh:adgefficiency/energy-py
tianwen1209,unknown,,,gh:mesmo-dev/mesmo
tianz1990,unknown,,,"gh:adgefficiency/energy-py,gh:ames-market/psst,gh:blue-marble/gridpath,gh:changgang/steps,gh:critical-infrastructure-systems-lab/pownet,gh:curent/andes,gh:future-power-networks/simplus-grid-tool,gh:grid-parity-exchange/egret,gh:natlabrockies/pras,gh:nreca-bts/omf,gh:nrel-sienna/powersimulationsdynamics.jl,gh:pypsa/pypsa,gh:sanpen/veragrid,gh:susantoj/pypower-dynamics,gh:switch-model/switch"
tianzehuang,unknown,,,gh:oemof/oemof-solph
tibeer,industry,berryit,DEU,gh:akkudoktor-eos/eos
tiberias-mme,unknown,,,gh:akkudoktor-eos/eos
tibz64,unknown,,,"gh:adgefficiency/energy-py,gh:gh:adgefficiency/energy-py-linear"
tiebehr,academic,,SWE,"gh:flixopt/flixopt,gh:fzj-iek3-vsa/fine"
tiernan-buckley,unknown,,,gh:assume-framework/assume
tiexinding,unknown,,,"gh:natlabrockies/h2integrate,gh:natlabrockies/reopt.jl"
tilcraemer,unknown,,,gh:oemof/oemof-solph
tiloburgey,professional,schwarzit,DEU,gh:akkudoktor-eos/eos
tilseb,unknown,,,"gh:balmorelcommunity/balmorel,gh:etsap-times/times_model"
tim-pankoke,industry,,DEU,gh:akkudoktor-eos/eos
tim-powersystems,professional,arpst-unimelb,,"gh:assume-framework/assume,gh:natlabrockies/pras"
timfpark,industry,microsoft,USA,gh:powergridmodel/power-grid-model
timgassmann,unknown,,,"gh:quintel/etmodel,gh:quintel/pyetm"
timhreha,unknown,,USA,"gh:natlabrockies/pysam,gh:natlabrockies/sam"
timitaiwo,academic,,GBR,gh:powergridmodel/power-grid-model
timmie,unknown,,,gh:adamgreenhall/minpower
timmoh,unknown,,,gh:akkudoktor-eos/eos
timmyfaraday,academic,elia,BEL,gh:lanl-ansi/powermodels.jl
timok-vtt,unknown,,,gh:irena-flextool/flextool
timonpapenfuss,unknown,,,"gh:andrewlyden/pylesa,gh:pielube/messpy"
timothedelion,industry,gitguardian,,gh:antaressimulatorteam/antares_simulator
timsliwinski-noaa,academic,csu / cira,USA,gh:erf-model/erf
timsterzizzle,unknown,,,gh:akkudoktor-eos/eos
timtroendle,professional,open energy transition,CHE,"gh:calliope-project/calliope,gh:pypsa/pypsa"
timyardley,unknown,,USA,"gh:lanl-ansi/powermodels.jl,gh:lanl-ansi/powermodelsannex.jl,gh:nreca-bts/omf,gh:nrel-sienna/powersimulations.jl,gh:nrel-sienna/powersimulationsdynamics.jl,gh:pnnl/tesp,gh:powsybl/powsybl-core,gh:rwl/pypower"
timziebart,professional,50hertz,,"gh:juliaenergy/powerdynamics.jl,gh:lanl-ansi/powermodels.jl,gh:nrel-sienna/powersimulations.jl,gh:pypsa/pypsa"
tinagaostrawberry,unknown,,,gh:natlabrockies/paraemt_public
tinegachris,industry,,KEN,"gh:calliope-project/calliope,gh:pypsa/pypsa,gh:yanzhaochang/psatools-python"
tingm417,unknown,,,gh:natlabrockies/reopt_api
tingyingwu2010,academic,shanghai university,CHN,gh:energy-modelling-toolkit/dispa-set
tinix84,academic,ntb buchs,CHE,"gh:pypsa/pypsa,gh:rwl/pypower"
tinrabuzin,unknown,,SWE,"gh:openipsl/openipsl,gh:pypsa/pypsa"
tintin305,industry,tetra tech es inc.,ZAF,"gh:antaressimulatorteam/antares_simulator,gh:e2niee/pandapower,gh:etsap-times/times_model,gh:macroenergy/macroenergy.jl,gh:pypsa/pypsa"
titsitits,professional,laborelec,BEL,gh:oemof/oemof-solph
tixtuck,unknown,,DEU,gh:akkudoktor-eos/eos
tj800x,industry,,USA,gh:adamgreenhall/minpower
tjaen,unknown,,,gh:akkudoktor-eos/eos
tkelman,unknown,,USA,"gh:lanl-ansi/powermodels.jl,gh:lanl-ansi/powermodelsannex.jl"
tkiraly,professional,commsignia,HUN,gh:powergridmodel/power-grid-model
tklatzer,academic,graz university of technology,AUT,gh:iee-tugraz/lego
tklein,unknown,,,gh:akkudoktor-eos/eos
tkli,unknown,,,gh:rwl/pypower
tkoym,unknown,,,gh:natlabrockies/hopp
tli-fluid,unknown,,,gh:erf-model/erf
tllsngnzlz,unknown,,,gh:temoaproject/temoa
tmakowka,industry,,DEU,gh:akkudoktor-eos/eos
tmigot,academic,,CAN,"gh:genxproject/genx.jl,gh:nrel-sienna/powersimulations.jl,gh:tulipaenergy/tulipaenergymodel.jl"
tmorstyn,academic,university of oxford,GBR,gh:epgoxford/open
tnatsikas,unknown,,,gh:antaressimulatorteam/antares_simulator
tobehn,unknown,,,gh:akkudoktor-eos/eos
tobiasd123,unknown,,,gh:akkudoktor-eos/eos
tobiasdierich,professional,codelayerhq,DEU,gh:akkudoktor-eos/eos
tobiaswigger,unknown,,,gh:akkudoktor-eos/eos
tobijdc,professional,dynatrace,AUT,gh:akkudoktor-eos/eos
tobik176,unknown,,,gh:akkudoktor-eos/eos
tobilinz,unknown,,DEU,gh:akkudoktor-eos/eos
tobirohrer,academic,fraunhofer institute for solar energy systems (ise),DEU,"gh:adgefficiency/energy-py,gh:ahalev/python-microgrid,gh:assume-framework/assume,gh:energy-modelling-toolkit/dispa-set,gh:microgrids-x/microgrids.py,gh:microgridspy/microgridspy,gh:oemof/oemof-solph"
toblerfe,unknown,,,gh:zen-universe/zen-garden
toby-coleman,academic,,,"gh:calliope-project/calliope,gh:pypsa/pypsa"
tobyjunker,unknown,,USA,gh:gridoptics/gridpack
todorovski-m,academic,"faculty of electrical engineering and it, ss. cyril and methodius university in skopje",MKD,"gh:curent/andes,gh:matpower/matpower,gh:pypsa/pypsa"
tohn,professional,cps-it,DEU,gh:akkudoktor-eos/eos
tokorte,unknown,,,gh:spine-tools/spineopt.jl
tom-43,academic,,DEU,gh:akkudoktor-eos/eos
tomalrussell,academic,university of oxford,GBR,gh:epgoxford/open
tombax7,unknown,,,gh:powergridmodel/power-grid-model
tomcatxx,unknown,,,gh:akkudoktor-eos/eos
tomdeallycat,research,national renewable energy laboratory,USA,gh:calliope-project/calliope
tomdewilde,unknown,,BEL,gh:akkudoktor-eos/eos
tomharvey,unknown,,ESP,"gh:adgefficiency/energy-py,gh:gh:adgefficiency/energy-py-linear"
tomissg,unknown,,,gh:assume-framework/assume
tomlschmidt,professional,mscg,DEU,gh:akkudoktor-eos/eos
tomorrowblue,unknown,,,"gh:e2niee/pandapower,gh:natlabrockies/paraemt_public,gh:nrel-sienna/powersimulationsdynamics.jl,gh:sanpen/veragrid,gh:sogno-platform/dpsim"
tomrfitz,academic,,USA,gh:genxproject/genx.jl
tomschelo,unknown,,,gh:mesmo-dev/mesmo
tomww,professional,"selfemployed, just ask.",USA,gh:akkudoktor-eos/eos
tomzac19,academic,politecnico di milano,ITA,gh:calliope-project/calliope
tongatt19,unknown,,,gh:lanl-ansi/powermodelsannex.jl
tongyuanwu,academic,the university of hong kong,HKG,gh:energysystemsmodellinglab/muse_os
toniojero,unknown,,,"gh:genxproject/genx.jl,gh:pypsa/pypsa"
tonyju,unknown,,,"gh:adamgreenhall/minpower,gh:pypsa/pypsa,gh:sanpen/veragrid"
topfdrummer,unknown,,DEU,gh:akkudoktor-eos/eos
topolskikevin,industry,,,gh:natlabrockies/hopp
topscoder,unknown,,DEU,gh:akkudoktor-eos/eos
torasgithubbell,unknown,,JPN,gh:breakthrough-energy/reise.jl
touchyoung,unknown,,,"gh:oemof/oemof-solph,gh:pypsa/pypsa"
touristkabajist,academic,university of edinburgh,GBR,gh:epgoxford/open
tphall,unknown,,,gh:pencleanenergy/match-model
trPowerGas,unknown,,,gh:richard-weinhold/pomato
traeu,unknown,,,gh:akkudoktor-eos/eos
trapplab,unknown,,,gh:akkudoktor-eos/eos
trasch,professional,outdooractive,DEU,gh:akkudoktor-eos/eos
trashsolid123,unknown,,,gh:akkudoktor-eos/eos
traskat,unknown,,,gh:akkudoktor-eos/eos
trendspotter,academic,,,gh:calliope-project/calliope
trevorb1,academic,simon fraser university,CAN,"gh:ait-energy/iesopt.jl,gh:akkudoktor-eos/eos,gh:assume-framework/assume,gh:bje-/nemo,gh:blue-marble/gridpath,gh:calliope-project/calliope,gh:chrisyeh96/sustaingym,gh:drafproject/draf,gh:e2niee/pandapower,gh:eiagov/bluesky,gh:energyscope/energyscope,gh:energysystemsmodellinglab/muse_os,gh:esmap-world-bank-group/epm,gh:etsap-times/times_model,gh:fzj-iek3-vsa/fine,gh:genxproject/genx.jl,gh:grid2op/grid2op,gh:iiasa/message_ix,gh:iit-energysystemmodels/opentepes,gh:irena-flextool/flextool,gh:juliaenergy/joulia.jl,gh:leonardgoeke/anymod.jl,gh:macroenergy/macroenergy.jl,gh:microgridspy/microgridspy,gh:natlabrockies/pras,gh:natlabrockies/reeds-2.0,gh:niclasmattsson/supergrid,gh:nrel-sienna/powersimulations.jl,gh:nrel-sienna/powersystemsinvestments.jl,gh:openego/edisgo,gh:pielube/messpy,gh:powsybl/powsybl-core,gh:prep-next/prep-shot,gh:pypsa/pypsa,gh:rebase-energy/enflow,gh:richard-weinhold/pomato,gh:rl-institut/multi-vector-simulator,gh:sanpen/veragrid,gh:sei-international/nemomod.jl,gh:spine-tools/spineopt.jl,gh:stanford-eao/bridges,gh:switch-model/switch,gh:temoaproject/temoa,gh:transition-zero/tz-osemosys,gh:tulipaenergy/tulipaenergymodel.jl,gh:tum-ens/urbs,gh:uu-er/adopt-net0,gh:youngfaithful/capacityexpansion.jl,gh:zen-universe/zen-garden"
treyess,unknown,,,gh:calliope-project/calliope
treymingee,unknown,,,gh:curent/andes
trho,unknown,,,gh:akkudoktor-eos/eos
trianguru,unknown,,,gh:akkudoktor-eos/eos
trifisch,unknown,,,"gh:akkudoktor-eos/eos,gh:pypsa/pypsa"
trifocals-hash,unknown,,,gh:akkudoktor-eos/eos
trilokpatil,unknown,,,gh:genxproject/genx.jl
trixing,industry,trixing gmbh,DEU,gh:akkudoktor-eos/eos
trizist,professional,https://www.universal.zone,PAK,gh:fzj-iek3-vsa/fine
trobob,unknown,,,gh:spine-tools/spineopt.jl
trulsf,professional,sintef,NOR,"gh:energymodelsx/energymodelsbase.jl,gh:natlabrockies/reopt.jl"
trungkien210493,unknown,,,gh:akkudoktor-eos/eos
trungtaxp,industry,,VNM,gh:akkudoktor-eos/eos
trusl,unknown,,,gh:spine-tools/spineopt.jl
tsakis,unknown,,DEU,"gh:oemof/oemof-solph,gh:tum-ens/urbs"
tsaoyu,industry,,,"gh:adgefficiency/energy-py,gh:calliope-project/calliope,gh:oemof/oemof-solph,gh:susantoj/pypower-dynamics"
tscherwath,unknown,,DEU,gh:oemof/oemof-solph
tse996,unknown,,,gh:rwl/pypower
tsmbland,academic,imperial college london,GBR,"gh:energysystemsmodellinglab/muse2,gh:energysystemsmodellinglab/muse_os"
tstoker31,unknown,,,gh:natlabrockies/reopt_api
tsufang,unknown,,,gh:etsap-times/times_model
ttolhurst,unknown,,,gh:gridfm/gridfm-graphkit
ttomasini,industry,ti&m ag,CHE,gh:akkudoktor-eos/eos
tttooommmeeekkk,unknown,,,gh:akkudoktor-eos/eos
tttor,unknown,,IDN,gh:genxproject/genx.jl
tttxxx,unknown,,CHN,gh:akkudoktor-eos/eos
tuanductran,industry,vnodesign,VNM,"gh:leonardgoeke/anymod.jl,gh:nrel-sienna/powersimulations.jl,gh:nrel-sienna/powersimulationsdynamics.jl"
tud-mchen6,unknown,,,gh:calliope-project/calliope
tugodxx,unknown,,CHN,gh:ie3-institute/simona
turbobeest,unknown,,USA,gh:nlr-distribution-suite/erad
turbozilla,unknown,,,gh:akkudoktor-eos/eos
tut666-27,unknown,,,gh:matpower/most
tuxbox,unknown,,,gh:akkudoktor-eos/eos
tuxify,unknown,,,"gh:ahalev/python-microgrid,gh:balmorelcommunity/balmorel,gh:fzj-iek3-vsa/fine,gh:natlabrockies/reopt.jl,gh:pencleanenergy/match-model"
tuyucheng777,unknown,,CHN,"gh:ie3-institute/powersystemdatamodel,gh:ie3-institute/simona,gh:powsybl/powsybl-core,gh:powsybl/powsybl-open-loadflow,gh:powsybl/pypowsybl"
twang96,financial,ecesis investment llc,,"gh:e2niee/pandapower,gh:lanl-ansi/powermodels.jl,gh:powergridmodel/power-grid-model,gh:pypsa/pypsa,gh:rwl/pypower,gh:sanpen/veragrid"
twe95,unknown,,,gh:assume-framework/assume
tweiss16,unknown,,,gh:genxproject/genx.jl
twm,unknown,,CAN,gh:natlabrockies/reopt_api
twodonkeys,unknown,,,"gh:akkudoktor-eos/eos,gh:calliope-project/calliope,gh:oemof/oemof-solph,gh:pypsa/pypsa"
ty-fi,unknown,,,"gh:eiagov/bluesky,gh:genxproject/genx.jl,gh:natlabrockies/reeds-2.0"
tyinpnnl,unknown,,,gh:gridoptics/gridpack
tylernisonoff,professional,asana,,gh:natlabrockies/pysam
tyneises,unknown,,,"gh:natlabrockies/pysam,gh:natlabrockies/sam"
typxxi,unknown,,,gh:akkudoktor-eos/eos
tyrael83,unknown,,,gh:akkudoktor-eos/eos
tyrasd,professional,"openstreetmap, giscience",,gh:oemof/oemof-solph
tyza66,academic,dalian university of technology,CHN,gh:rwl/pypower
tz8,unknown,,,gh:akkudoktor-eos/eos
tzeghnoun,unknown,,DZA,gh:adgefficiency/energy-py
tzf17,unknown,,,"gh:blue-marble/gridpath,gh:matpower/most,gh:susantoj/pypower-dynamics,gh:unsw-ceem/nempy"
tzhang0475,unknown,,,"gh:dynawo/dynawo,gh:idaholab/heron,gh:idaholab/hybrid,gh:natlabrockies/pysam,gh:natlabrockies/sam,gh:pypsa/pypsa"
tzipperle,academic,technical university of munich,DEU,"gh:calliope-project/calliope,gh:iiasa/message_ix,gh:tum-ens/urbs"
tzmara,unknown,,,gh:akkudoktor-eos/eos
u11c54,unknown,,,gh:pielube/messpy
u2yu,unknown,,,gh:curent/andes
u32luke,unknown,,,"gh:e2niee/pandapower,gh:lanl-ansi/powermodels.jl,gh:powergridmodel/power-grid-model,gh:pypsa/pypsa,gh:rwl/pypower"
ub1999,unknown,,,gh:fzj-iek3-vsa/fine
uditg20,academic,duke university,,gh:temoaproject/temoa
ugurkanates,industry,microsoft,CZE,gh:adgefficiency/energy-py
ulfmueller,unknown,,,"gh:e2niee/pandapower,gh:oemof/oemof-solph,gh:openego/edisgo,gh:openego/ego,gh:pypsa/pypsa"
ulich,unknown,,,gh:akkudoktor-eos/eos
um488,unknown,,,gh:richard-weinhold/pomato
umar-hashmi,academic,energyville,BEL,"gh:lanl-ansi/powermodels.jl,gh:mesmo-dev/mesmo"
umrath,unknown,,DEU,gh:akkudoktor-eos/eos
unExpectedBracket,unknown,,DEU,gh:akkudoktor-eos/eos
unimatrixZxero,unknown,,DEU,gh:akkudoktor-eos/eos
unique-uu,unknown,,,gh:akkudoktor-eos/eos
uniteddiversity,unknown,,,gh:andrewlyden/pylesa
unixversal,unknown,,,gh:akkudoktor-eos/eos
unizential,unknown,,,gh:akkudoktor-eos/eos
unndreay,unknown,,,gh:oemof/oemof-solph
unowiz,industry,interaction computing,GBR,gh:genxproject/genx.jl
upadhayaajay,unknown,,DEU,gh:oemof/oemof-solph
upsisworld,unknown,,,gh:akkudoktor-eos/eos
uqetmi,unknown,,,gh:genxproject/genx.jl
uralsol,unknown,,,gh:temoaproject/temoa
urfuchs,industry,dsb ccb solutions,,gh:akkudoktor-eos/eos
urhell,unknown,,,gh:akkudoktor-eos/eos
urosgluscevic,unknown,,MNE,gh:tulipaenergy/tulipaenergymodel.jl
usayamadx,industry,"usayama, inc.",JPN,gh:akkudoktor-eos/eos
user74656,unknown,,,gh:akkudoktor-eos/eos
userunkn4wn,unknown,,,"gh:akkudoktor-eos/eos,gh:curent/andes"
usmc2033,unknown,,,gh:akkudoktor-eos/eos
utkbr,unknown,,,gh:eiagov/bluesky
uvchik,academic,fraunhofer ifam,DEU,"gh:fraukewiese/renpass,gh:oemof/oemof-solph,gh:oemof/oemof-thermal,gh:reegis/deflex"
uwuebu,unknown,,UKR,gh:akkudoktor-eos/eos
uzziwizzle,unknown,,,gh:akkudoktor-eos/eos
v-a-kernel,unknown,,,gh:leonardgoeke/anymod.jl
vMarkus,unknown,,DEU,gh:akkudoktor-eos/eos
vaduraes,academic,,USA,"gh:natlabrockies/reeds-2.0,gh:temoaproject/temoa"
vagtsi,industry,automation hero,DEU,gh:akkudoktor-eos/eos
vakowal,unknown,,USA,gh:energyinnovation/eps-us
valenciaga1231,academic,university of ljubljana,SVN,"gh:curent/andes,gh:grid2op/grid2op"
valentimarco,academic,,ITA,gh:akkudoktor-eos/eos
valmathieu,academic,supergrid institute,FRA,"gh:antaressimulatorteam/antares_simulator,gh:e2niee/pandapower,gh:matpower/matpower,gh:powsybl/powsybl-open-loadflow,gh:pypsa/pypsa,gh:roseautechnologies/roseau_load_flow,gh:sanpen/veragrid"
valonsodev,industry,,,gh:akkudoktor-eos/eos
vamatya,unknown,,,gh:gridoptics/gridpack
vargastat,unknown,,,gh:antaressimulatorteam/antares_simulator
vari0nce,unknown,,,gh:akkudoktor-eos/eos
varris,unknown,,,gh:akkudoktor-eos/eos
varshadasoroju,industry,google,SGP,gh:epgoxford/open
varun701,unknown,,,gh:akkudoktor-eos/eos
vascomedici,unknown,,,gh:calliope-project/calliope
vbaderks,academic,,NLD,gh:powergridmodel/power-grid-model
vbetker,unknown,,,gh:akkudoktor-eos/eos
vcasalicchio,unknown,,,gh:oemof/oemof-solph
vcb,unknown,,,gh:natlabrockies/paraemt_public
vcpandya,unknown,,,gh:akkudoktor-eos/eos
vdmitriyev,unknown,,,gh:akkudoktor-eos/eos
vdueck,unknown,,,gh:akkudoktor-eos/eos
vee17,academic,,ZAF,gh:natlabrockies/pysam
velaia,industry,tfc.ai,,gh:akkudoktor-eos/eos
verenakppl,unknown,,,gh:assume-framework/assume
verene,unknown,,,gh:breakthrough-energy/reise.jl
veronicaguo,professional,opusonesolutions,CAN,gh:genxproject/genx.jl
vertexi,unknown,,,gh:curent/andes
verybusybusiness,unknown,,,gh:openipsl/openipsl
vessenar,unknown,,,"gh:calliope-project/calliope,gh:natlabrockies/sam,gh:oemof/oemof-solph"
vfrebet,unknown,,,gh:roseautechnologies/roseau_load_flow
vfreibaer,unknown,,,gh:akkudoktor-eos/eos
vialkoje,unknown,,DEU,gh:akkudoktor-eos/eos
vickybung1,unknown,,,"gh:ie3-institute/powersystemdatamodel,gh:ie3-institute/simona"
victor-guillot,unknown,,,gh:etsap-times/times_model
victor-sm,unknown,,,gh:akkudoktor-eos/eos
victoraguiar,academic,btg pactual,BRA,"gh:e2niee/pandapower,gh:susantoj/pypower-dynamics"
victoropp,industry,,GBR,gh:oemof/oemof-solph
vignkri,industry,hybrid greentech,DNK,"gh:balmorelcommunity/balmorel,gh:calliope-project/calliope"
vijay092,research,national renewable energy laboratory,USA,"gh:natlabrockies/h2integrate,gh:natlabrockies/hopp"
viki760,academic,,CHN,gh:rwl/pypower
vikibytes,academic,newsrecommender,IND,"gh:adamgreenhall/minpower,gh:e2niee/pandapower"
viktor-ktorvi,academic,rwth aachen university,DEU,"gh:e2niee/pandapower,gh:gridfm/gridfm-graphkit,gh:matpower/matpower,gh:pypsa/pypsa,gh:rwl/pypower"
viktorbezdek,professional,toptal,CZE,gh:akkudoktor-eos/eos
villiger,unknown,,CHE,gh:akkudoktor-eos/eos
vilterp,industry,pearl street technologies,USA,"gh:e2niee/pandapower,gh:genxproject/genx.jl,gh:lanl-ansi/powermodels.jl,gh:openipsl/openipsl,gh:pypsa/pypsa,gh:temoaproject/temoa"
vincent-huang,unknown,,,gh:antaressimulatorteam/antares_simulator
vincentkoppen,unknown,,,gh:powergridmodel/power-grid-model
vineetjnair9,academic,massachusetts institute of technology,USA,"gh:ames-market/psst,gh:anl-ceeesa/unitcommitment.jl,gh:chrisyeh96/sustaingym,gh:e2niee/pandapower,gh:genxproject/genx.jl,gh:hope-model-project/hope,gh:iiasa/message_ix,gh:juliaenergy/joulia.jl,gh:juliaenergy/powerdynamics.jl,gh:lanl-ansi/powermodels.jl,gh:macroenergy/macroenergy.jl,gh:matpower/matpower,gh:matpower/most,gh:natlabrockies/pysam,gh:natlabrockies/reeds-2.0,gh:natlabrockies/sam,gh:nrel-sienna/powersimulations.jl,gh:nrel-sienna/powersimulationsdynamics.jl,gh:pnnl/exago,gh:pnnl/tesp,gh:pypsa/pypsa,gh:rebase-energy/enflow,gh:rwl/pypower,gh:sanpen/veragrid"
vingrirr,unknown,,USA,gh:natlabrockies/reopt_api
viniciuscleff,unknown,,,gh:rwl/pypower
vinson-lee01,unknown,,CHN,"gh:irena-flextool/flextool,gh:spine-tools/spineopt.jl"
vinzenz-muser,unknown,,,gh:zen-universe/zen-garden
virtzilla,unknown,,,gh:akkudoktor-eos/eos
vishwacolours,unknown,,,gh:tum-ens/rivus
vitonzhangtt,unknown,,,"gh:e2niee/pandapower,gh:manuvarkey/gelectrical,gh:matpower/matpower,gh:pypsa/pypsa,gh:spine-tools/spineopt.jl"
viv89,unknown,,,gh:oemof/oemof-solph
vjacquot,unknown,,,gh:spf-ost/optihood
vjangle,unknown,,,gh:oemof/oemof-solph
vjuenemann,unknown,,,gh:akkudoktor-eos/eos
vladkz,unknown,,,gh:matpower/most
vlindorfer,unknown,,,gh:akkudoktor-eos/eos
vlmeg,unknown,,,gh:energy-modelling-toolkit/dispa-set
vo5tr0,unknown,,DEU,gh:akkudoktor-eos/eos
volviq,unknown,,,gh:akkudoktor-eos/eos
voomdoon,unknown,,DEU,gh:akkudoktor-eos/eos
vousmevoyess,unknown,,CHN,"gh:adgefficiency/energy-py,gh:e2niee/pandapower"
vrabant,professional,vrabtech,USA,gh:akkudoktor-eos/eos
vtulus,professional,syngenta,CHE,gh:calliope-project/calliope
vuviet2k3,unknown,,,gh:curent/andes
vw-bg,professional,brendle group,USA,gh:energyinnovation/eps-us
w-kenyon,industry,encoord,USA,gh:natlabrockies/paraemt_public
w0LG0r,unknown,,,gh:energy-modelling-toolkit/dispa-set
waal10,unknown,,,gh:akkudoktor-eos/eos
wacunningham,unknown,,,gh:idaholab/hybrid
wadx2019,academic,shanghaitech university,CHN,"gh:grid2op/grid2op,gh:rwl/pypower"
wafab112,unknown,,DEU,gh:pielube/messpy
waith,utility,,AUS,"gh:adgefficiency/energy-py,gh:gh:adgefficiency/energy-py-linear,gh:unsw-ceem/nempy"
walidzegal,unknown,,,"gh:curent/andes,gh:grid-parity-exchange/egret"
wallscheid,academic,siegen university,DEU,gh:upb-lea/electricgrid.jl
wallyborn,unknown,,,gh:akkudoktor-eos/eos
wang-s-77,unknown,,,gh:etsap-times/times_model
wang1202,research,pacific northwest national laboratory,,gh:erf-model/erf
wangcheng0825,unknown,,CHN,"gh:ames-market/psst,gh:e2niee/pandapower,gh:grid-parity-exchange/egret,gh:powsybl/pypowsybl,gh:pypsa/pypsa,gh:richard-weinhold/pomato"
wangcj05,government,idaho national laboratory,USA,"gh:adamgreenhall/minpower,gh:calliope-project/calliope,gh:idaholab/heron,gh:idaholab/hybrid,gh:pypsa/pypsa,gh:tum-ens/urbs"
wangdi-foxconn,unknown,,,gh:adgefficiency/energy-py
wanghy-anl,research,argonne national laboratory,USA,"gh:idaholab/heron,gh:idaholab/hybrid"
wangkun321,unknown,,,gh:openipsl/openipsl
wangnn,unknown,,,gh:energyscope/energyscope
wangshen2014,unknown,,,gh:rwl/pypower
wangtabn,unknown,,,gh:matpower/most
wangtingshao,unknown,,,gh:antaressimulatorteam/antares_simulator
wangwangsuibinbin,professional,Chang Sha Li Gong Da Xue ,,gh:rwl/pypower
wangwei357,unknown,,,"gh:natlabrockies/paraemt_public,gh:sogno-platform/dpsim"
wangxiao5791509,academic,anhui university (An Hui Da Xue ),CHN,gh:adgefficiency/energy-py
wangxiaowu-sudo,unknown,,,gh:curent/andes
wangxu12,unknown,,,"gh:curent/andes,gh:e2niee/pandapower,gh:energy-modelling-toolkit/dispa-set,gh:future-power-networks/simplus-grid-tool,gh:grid-parity-exchange/egret,gh:matpower/matpower,gh:natlabrockies/paraemt_public,gh:pypsa/pypsa,gh:sogno-platform/dpsim"
wangzhecheng,academic,peking university,,gh:breakthrough-energy/reise.jl
wangzhenassd,unknown,,DEU,"gh:curent/andes,gh:e2niee/pandapower,gh:grid2op/grid2op,gh:oemof/oemof-solph,gh:pypsa/pypsa,gh:rwl/pypower,gh:sanpen/veragrid,gh:susantoj/pypower-dynamics"
wanliofficial,unknown,,CHN,"gh:akkudoktor-eos/eos,gh:pypsa/pypsa"
wanni-xie,unknown,,,gh:rwl/pypower
wansongtai,unknown,,,gh:juliaenergy/powerdynamics.jl
ward-rei,unknown,,,gh:curent/andes
warlock016,unknown,,,gh:natlabrockies/pysam
warp4242,unknown,,,gh:akkudoktor-eos/eos
warren-oneill,professional,nabla analytics ab,SWE,gh:oemof/oemof-solph
wasinix,unknown,,,gh:akkudoktor-eos/eos
wasnertobias,unknown,,DEU,gh:akkudoktor-eos/eos
watare,unknown,,,gh:antaressimulatorteam/antares_simulator
waterarxiv,unknown,,,gh:natlabrockies/paraemt_public
watermelon802,unknown,,,gh:adgefficiency/energy-py
waytlion,unknown,,,gh:gridfm/gridfm-graphkit
wbelle3,unknown,,,gh:eiagov/bluesky
wbm-91,unknown,,,"gh:blue-marble/gridpath,gh:e2niee/pandapower,gh:genxproject/genx.jl,gh:juliaenergy/powerdynamics.jl,gh:natlabrockies/pysam,gh:natlabrockies/sam,gh:pypsa/pypsa,gh:richard-weinhold/pomato,gh:sanpen/veragrid"
wcallaha,research,national renewable energy laboratory,,gh:natlabrockies/reopt_api
wchatx,unknown,,USA,"gh:adgefficiency/energy-py,gh:gmlc-dispatches/dispatches,gh:lanl-ansi/powermodels.jl,gh:nrel-sienna/powersimulations.jl,gh:nrel-sienna/powersimulationsdynamics.jl"
wcoenraads,utility,tno,NLD,gh:tulipaenergy/tulipaenergymodel.jl
wd7512,unknown,,GBR,gh:assume-framework/assume
wdanieljordan,unknown,,USA,gh:pencleanenergy/match-model
wdong5,academic,uc merced,USA,"gh:curent/andes,gh:gridoptics/gridpack"
wdvorkin,unknown,,,gh:genxproject/genx.jl
web-coder-pro,unknown,,,gh:akkudoktor-eos/eos
web-sb,unknown,,,"gh:e2niee/pandapower,gh:rwl/pypower"
webkreation,unknown,,,gh:akkudoktor-eos/eos
webwanging,professional,cqsq,CHN,"gh:e2niee/pandapower,gh:matpower/matpower,gh:pypsa/pypsa,gh:rwl/pypower"
weggetor,industry,bitboxx solutions,DEU,gh:akkudoktor-eos/eos
weibezahn,academic,copenhagen business school,DNK,"gh:etsap-times/times_model,gh:juliaenergy/joulia.jl,gh:leonardgoeke/anymod.jl,gh:richard-weinhold/pomato,gh:spine-tools/spineopt.jl"
weigao-123,research,argonne national laboratory,USA,"gh:anl-ceeesa/unitcommitment.jl,gh:curent/andes,gh:e2niee/pandapower,gh:mzy2240/esa,gh:pypsa/pypsa,gh:sanpen/veragrid"
weigao266,academic,,CHN,"gh:e2niee/pandapower,gh:matpower/matpower,gh:rwl/pypower"
weiliw2,unknown,,GBR,gh:natlabrockies/reeds-2.0
weiting1029,academic,university of oxford,HKG,gh:rwl/pypower
wenbowangnrel,unknown,,,gh:natlabrockies/emerge
wenjingsu16,academic,pennsylvania state university,,"gh:pypsa/pypsa,gh:rwl/pypower"
wenting666,unknown,,,gh:upb-lea/electricgrid.jl
wenzhe-sys,unknown,,,gh:natlabrockies/reopt_api
werner-castro,professional,estudante,BRA,"gh:juliaenergy/powerdynamics.jl,gh:lanl-ansi/powermodels.jl,gh:nrel-sienna/powersimulations.jl"
weymann,industry,,,gh:akkudoktor-eos/eos
wfjvdham,unknown,,NLD,gh:powergridmodel/power-grid-model
wgustafson,government,pacific northwest national laboratory,USA,gh:erf-model/erf
whaoy123,unknown,,,gh:openipsl/openipsl
whart222,unknown,,,"gh:grid-parity-exchange/egret,gh:natlabrockies/reeds-2.0,gh:natlabrockies/reopt.jl"
whatIfTech,unknown,,,gh:calliope-project/calliope
whiffwhiff,unknown,,,"gh:nrel-sienna/powersimulationsdynamics.jl,gh:oemof/oemof-solph"
whisperingkahuna,unknown,,,gh:microgrids-x/microgrids.py
white-alistair,academic,technical university of munich,DEU,gh:juliaenergy/powerdynamics.jl
whiteg5,unknown,,,gh:adgefficiency/energy-py
whkwss,unknown,,,gh:curent/andes
whodued,unknown,,,gh:rwl/pypower
whoiszyc,academic,the university of texas at arlington,USA,"gh:curent/andes,gh:dynawo/dynawo,gh:e2niee/pandapower,gh:grid-parity-exchange/egret,gh:juliaenergy/powerdynamics.jl,gh:lanl-ansi/powermodels.jl,gh:matpower/matpower,gh:nrel-sienna/powersimulations.jl,gh:nrel-sienna/powersimulationsdynamics.jl,gh:pypsa/pypsa,gh:rwl/pypower,gh:sogno-platform/dpsim,gh:susantoj/pypower-dynamics,gh:thales1330/psp"
wholesalehud,unknown,,,gh:akkudoktor-eos/eos
wholmgren,professional,dnv,USA,"gh:blue-marble/gridpath,gh:calliope-project/calliope,gh:genxproject/genx.jl,gh:natlabrockies/pras,gh:natlabrockies/pysam,gh:pypsa/pypsa"
why1188,unknown,,,"gh:critical-infrastructure-systems-lab/pownet,gh:matpower/matpower,gh:rwl/pypower"
whynot-s,academic,imperial college london,GBR,"gh:curent/andes,gh:rwl/pypower"
whypeopletho,unknown,,,gh:akkudoktor-eos/eos
whysosocold,unknown,,,"gh:etsap-times/times_model,gh:pypsa/pypsa,gh:temoaproject/temoa"
wienans,unknown,,DEU,gh:akkudoktor-eos/eos
wienczny,unknown,,,gh:akkudoktor-eos/eos
wiersema1,unknown,,,gh:erf-model/erf
wilianguamancuenca,unknown,,,"gh:genxproject/genx.jl,gh:iit-energysystemmodels/opentepes,gh:sanpen/veragrid"
will-falk,unknown,,,gh:eiagov/bluesky
willalaski,unknown,,,gh:genxproject/genx.jl
willeforce,unknown,,,"gh:adamgreenhall/minpower,gh:ames-market/psst,gh:curent/andes,gh:e2niee/pandapower,gh:grid-parity-exchange/egret,gh:pypsa/pypsa,gh:sanpen/veragrid,gh:switch-model/switch,gh:tum-ens/urbs"
william-xue,professional,Zhong Ri Zhi Yuan Zhe Xie Hui ,CHN,"gh:e2niee/pandapower,gh:powergridmodel/power-grid-model,gh:pypsa/pypsa"
williamhobbs,industry,southern company,USA,"gh:natlabrockies/pysam,gh:natlabrockies/sam,gh:pencleanenergy/match-model"
willjschmitt,academic,achillea research,USA,gh:curent/andes
willnbs,unknown,,,"gh:oemof/oemof-solph,gh:pypsa/pypsa,gh:tum-ens/urbs"
willtmakinen78,academic,princeton university,,gh:genxproject/genx.jl
willu47,professional,open energy transition,GBR,"gh:adgefficiency/energy-py,gh:calliope-project/calliope,gh:curent/andes,gh:e2niee/pandapower,gh:energy-modelling-toolkit/dispa-set,gh:epgoxford/open,gh:epri-dev/opendss-c,gh:etsap-times/times_model,gh:fzj-iek3-vsa/fine,gh:grid2op/grid2op,gh:iiasa/message_ix,gh:ipese/reho,gh:onsset/onsset,gh:osemosys/osemosys,gh:pypsa/pypsa,gh:sei-international/nemomod.jl,gh:temoaproject/temoa,gh:transition-zero/tz-osemosys"
willyspinner,industry,,,gh:natlabrockies/paraemt_public
wilson-ricks,unknown,,,gh:genxproject/genx.jl
windrad6,unknown,,,gh:villasframework/node
winfotiker,unknown,,,gh:akkudoktor-eos/eos
winnux,unknown,,,"gh:chengts95/rustpower,gh:curent/andes,gh:e2niee/pandapower,gh:future-power-networks/simplus-grid-tool,gh:matpower/matpower,gh:pnnl/exago,gh:powergridmodel/power-grid-model,gh:pypsa/pypsa,gh:rwl/pypower,gh:thales1330/psp"
winonecheng,unknown,,TWN,gh:adgefficiency/energy-py
winterran,unknown,,,"gh:adamgreenhall/minpower,gh:pypsa/pypsa,gh:rwl/pypower,gh:sanpen/veragrid,gh:susantoj/pypower-dynamics"
wired7053,unknown,,,"gh:e2niee/pandapower,gh:natlabrockies/pysam"
wjulien888-tech,unknown,,,gh:ait-energy/iesopt.jl
wlbleaboy,industry,,CHN,gh:powergridmodel/power-grid-model
wldevries,professional,silverfit,,gh:tulipaenergy/tulipaenergymodel.jl
wlongxiang,unknown,,NLD,gh:powergridmodel/power-grid-model
wlrnco,unknown,,,"gh:calliope-project/calliope,gh:flixopt/flixopt,gh:oemof/oemof-solph,gh:pypsa/pypsa,gh:tum-ens/urbs"
wmeingott,unknown,,,gh:akkudoktor-eos/eos
wo0lien,unknown,,,gh:oemof/oemof-solph
wohltat,unknown,,,gh:akkudoktor-eos/eos
woimpc,unknown,,,gh:rwl/pypower
wolfbunke,unknown,,DEU,"gh:oemof/oemof-solph,gh:openego/edisgo,gh:openego/ego,gh:pypsa/pypsa"
wolferlT3,unknown,,,gh:akkudoktor-eos/eos
wolve82,unknown,,,gh:akkudoktor-eos/eos
wookay,professional,factorcat,,gh:leonardgoeke/anymod.jl
woongabs16,unknown,,,"gh:grid-parity-exchange/egret,gh:microgrids-x/microgrids.py,gh:pnnl/exago,gh:powergridmodel/power-grid-model"
wooyoungp,unknown,,,"gh:genxproject/genx.jl,gh:juliaenergy/powerdynamics.jl,gh:pypsa/pypsa"
worseliz,unknown,,,"gh:gmlc-dispatches/dispatches,gh:idaholab/heron"
woshimanong1990,unknown,,NOR,gh:akkudoktor-eos/eos
wowotou1998,academic,shanghaitech university,,"gh:e2niee/pandapower,gh:grid2op/grid2op,gh:pypsa/pypsa,gh:rwl/pypower,gh:sanpen/veragrid"
woww-go,unknown,,,gh:antaressimulatorteam/antares_simulator
wperkins,research,pacific northwest national laboratory,USA,"gh:gridoptics/gridpack,gh:pnnl/exago"
wpf0221,unknown,,,"gh:pypsa/pypsa,gh:susantoj/pypower-dynamics"
wpschill,unknown,,,gl:diw-evu/dieter_public/dieterpy
wrgunther,unknown,,,gh:genxproject/genx.jl
wroldwiedbwe,unknown,,,gh:calliope-project/calliope
wscullin,unknown,,,gh:gridoptics/gridpack
wsjj717,unknown,,,gh:powergridmodel/power-grid-model
wsqstar,industry,,CHN,gh:calliope-project/calliope
wu-k-l,unknown,,,gh:rwl/pypower
wuan03,unknown,,,"gh:lanl-ansi/powermodels.jl,gh:matpower/matpower,gh:rwl/pypower"
wuyou33,unknown,,,"gh:calliope-project/calliope,gh:e2niee/pandapower,gh:frkunz/stelmod,gh:grid-parity-exchange/egret,gh:lanl-ansi/powermodels.jl,gh:matpower/matpower,gh:matpower/most,gh:nreca-bts/omf,gh:osemosys/osemosys,gh:pnnl/tesp,gh:pypsa/pypsa,gh:switch-model/switch,gh:tum-ens/urbs"
wwwuFei,unknown,,,gh:calliope-project/calliope
wwy050822-svg,unknown,,,gh:oemof/oemof-solph
wxh-7,unknown,,,gh:matpower/most
wxttty1113,unknown,,,gh:rwl/pypower
wyatty,industry,,,"gh:curent/andes,gh:gridoptics/gridpack,gh:oemof/oemof-solph,gh:pnnl/tesp"
wyh199612,unknown,,,gh:vub-hydr/revub
wyi-tea,unknown,,,gh:rwl/pypower
wyywwi,academic,huazhong university of science and technology,CHN,"gh:bje-/nemo,gh:richard-weinhold/pomato"
wyzdwdz,unknown,,,gh:rwl/pypower
wzhscu,unknown,,,"gh:e2niee/pandapower,gh:rwl/pypower"
x-oli,unknown,,,gh:akkudoktor-eos/eos
x2q,unknown,,DNK,gh:akkudoktor-eos/eos
x2ss,unknown,,CHN,gh:curent/andes
xDrak0,unknown,,,gh:akkudoktor-eos/eos
xSedy9,unknown,,,gh:akkudoktor-eos/eos
xabrantes,unknown,,,gh:adamgreenhall/minpower
xaellison,unknown,,USA,gh:breakthrough-energy/reise.jl
xamid1g,unknown,,,gh:akkudoktor-eos/eos
xaviercallens,unknown,,,"gh:natlabrockies/pysam,gh:natlabrockies/sam"
xavijoba,unknown,,,gh:spf-ost/optihood
xb00dx,unknown,,USA,"gh:adamgreenhall/minpower,gh:matpower/matpower,gh:matpower/most,gh:mzy2240/esa,gh:pypsa/pypsa"
xbw7433937,academic,hunan university of finance and economics,,gh:etsap-times/times_model
xdChen-me,unknown,,,gh:curent/andes
xenigmax,professional,"mpi-molgen, fu-berlin",KOR,gh:oemof/oemof-solph
xerophileshark,unknown,,NLD,gh:openipsl/openipsl
xgfs,industry,google,USA,gh:curent/andes
xh2012,academic,,,gh:rwl/pypower
xhyuuuu,unknown,,,"gh:dgusain1/energysim,gh:mesmo-dev/mesmo,gh:pielube/messpy,gh:pypsa/pypsa,gh:spine-tools/spineopt.jl"
xia-admin,unknown,,,"gh:curent/andes,gh:dynawo/dynawo,gh:matpower/matpower,gh:microgridspy/microgridspy"
xia471735-coder,unknown,,,gh:calliope-project/calliope
xiangao1,unknown,,,"gh:gmlc-dispatches/dispatches,gh:grid-parity-exchange/egret"
xiaobaidiyiren,unknown,,,gh:oemof/oemof-solph
xiaobao1234xiao,unknown,,,"gh:akkudoktor-eos/eos,gh:dynawo/dynawo,gh:epri-dev/opender,gh:natlabrockies/sam,gh:sanpen/veragrid"
xiaoguozhi,academic,university of kent,GBR,"gh:adgefficiency/energy-py,gh:lanl-ansi/powermodels.jl,gh:nrel-sienna/powersimulations.jl"
xiaojiangsi,unknown,,,gh:curent/andes
xiaojielin,unknown,,,gh:oemof/oemof-solph
xiaoyaodashe,academic,stony brook university,USA,"gh:curent/andes,gh:natlabrockies/paraemt_public"
xiaweijie1996,academic,delft university of technology,,"gh:gridfm/gridfm-graphkit,gh:rebase-energy/enflow"
xiayu0813,unknown,,,"gh:curent/andes,gh:sanpen/veragrid"
xiliumz,industry,,IDN,gh:akkudoktor-eos/eos
ximex,industry,ms.gis gmbh,AUT,gh:akkudoktor-eos/eos
xinglu-pnnl,government,,USA,gh:openipsl/openipsl
xinyang-che,academic,utrecht university,NLD,gh:tulipaenergy/tulipaenergymodel.jl
xinyang1991728,unknown,,,gh:curent/andes
xiong-p,academic,,,"gh:anl-ceeesa/unitcommitment.jl,gh:lanl-ansi/powermodels.jl,gh:lanl-ansi/powermodelsannex.jl"
xiongdl,unknown,,,"gh:curent/andes,gh:natlabrockies/paraemt_public,gh:sogno-platform/dpsim"
xiongjiederek,unknown,,,gh:etsap-times/times_model
xizhike,unknown,,,gh:curent/andes
xjlcode,unknown,,,gh:curent/andes
xknex,unknown,,,gh:akkudoktor-eos/eos
xlxs4,unknown,,,"gh:genxproject/genx.jl,gh:juliaenergy/powerdynamics.jl,gh:nrel-sienna/powersimulations.jl,gh:nrel-sienna/powersimulationsdynamics.jl"
xmattyshea,unknown,,USA,"gh:genxproject/genx.jl,gh:pencleanenergy/match-model,gh:pypsa/pypsa,gh:romulus97/capow_py36"
xqmoo8,unknown,,,gh:rwl/pypower
xqneko,academic,university of exeter,GBR,"gh:curent/andes,gh:microgridspy/microgridspy,gh:oemof/oemof-solph"
xrixhon,unknown,,,gh:energyscope/energyscope
xsiviso,unknown,,,gh:akkudoktor-eos/eos
xtsun98,academic,,,gh:epgoxford/open
xubosong,unknown,,,"gh:changgang/steps,gh:grid2op/grid2op,gh:matpower/matpower,gh:nrel-sienna/powersimulations.jl,gh:rwl/pypower,gh:yanzhaochang/psatools-python"
xuhuachi,unknown,,,gh:pielube/messpy
xujin20506,professional,sjtu,CHN,"gh:changgang/steps,gh:gridoptics/gridpack,gh:sogno-platform/dpsim"
xukkx,unknown,,,gh:genxproject/genx.jl
xunyuw,unknown,,CHN,"gh:calliope-project/calliope,gh:e2niee/pandapower,gh:juliaenergy/powerdynamics.jl,gh:lkruitwagen/global-fossil-fuel-supply-chain,gh:oemof/oemof-solph,gh:powsybl/powsybl-core,gh:pypsa/pypsa,gh:rwl/pypower,gh:sanpen/veragrid"
xuqingyu,academic,princeton university,USA,gh:genxproject/genx.jl
xuran-xu,academic,the hong kong polytechnic university,CHN,gh:powergridmodel/power-grid-model
xurongrong2023,academic,southern university of science and technology,CHN,"gh:genxproject/genx.jl,gh:natlabrockies/reeds-2.0"
xuwkk,academic,imperial college london,GBR,"gh:curent/andes,gh:grid2op/grid2op,gh:matpower/matpower,gh:nrel-sienna/powersimulationsdynamics.jl,gh:rwl/pypower,gh:sanpen/veragrid,gh:spine-tools/spineopt.jl,gh:susantoj/pypower-dynamics"
xuzhiqi1997,unknown,,,"gh:curent/andes,gh:e2niee/pandapower,gh:nrel-sienna/powersimulationsdynamics.jl"
xwen-github,unknown,,,gh:etsap-times/times_model
xwu123,unknown,,,gl:dlr-ve/esy/amiris/amiris
xxhou8,unknown,,,gh:energyinnovation/eps-us
xxxxxhc,unknown,,,gh:mesmo-dev/mesmo
xyuan,unknown,,,gh:erf-model/erf
xyzdbb,unknown,,,gh:akkudoktor-eos/eos
xzflin,professional,zju,CHN,"gh:adgefficiency/energy-py,gh:blue-marble/gridpath,gh:calliope-project/calliope,gh:flexiblepower/powermatcher,gh:gridoptics/gridpack,gh:nreca-bts/omf,gh:oemof/oemof-solph,gh:pnnl/tesp,gh:pypsa/pypsa,gh:tum-ens/urbs"
xzhan103,unknown,,,gh:curent/andes
y0unghwanhwang,unknown,,,gh:energyinnovation/eps-us
yabata,unknown,,DEU,"gh:tum-ens/rivus,gh:tum-ens/urbs,gh:tum-ewk/ficus"
yadudoc,academic,university of chicago,USA,gh:curent/andes
yahbluez,unknown,,DEU,gh:akkudoktor-eos/eos
yakpet2000,unknown,,,gh:assume-framework/assume
yama519,unknown,,DEU,"gh:mesmo-dev/mesmo,gh:pypsa/pypsa"
yamidibarra,academic,,DEU,gh:drafproject/draf
yamilbknsu,academic,university of toronto,CAN,gh:temoaproject/temoa
yanbec,unknown,,DEU,gh:akkudoktor-eos/eos
yanchang-liang,unknown,,,"gh:curent/andes,gh:e2niee/pandapower,gh:epgoxford/open,gh:future-power-networks/simplus-grid-tool,gh:grid2op/grid2op,gh:natlabrockies/paraemt_public,gh:openipsl/openipsl,gh:powsybl/powsybl-core,gh:pypsa/pypsa,gh:rwl/pypower,gh:sanpen/veragrid,gh:sogno-platform/dpsim"
yang-new,unknown,,,"gh:adamgreenhall/minpower,gh:ames-market/psst,gh:blue-marble/gridpath,gh:e2niee/pandapower,gh:future-power-networks/simplus-grid-tool,gh:grid2op/grid2op,gh:gridoptics/gridpack,gh:idaholab/heron,gh:marvinler/pypownet,gh:matpower/matpower,gh:natlabrockies/sam,gh:openego/edisgo,gh:openego/ego,gh:sanpen/veragrid"
yangmingmei,academic,xi'an jiaotong univercity,,"gh:curent/andes,gh:grid2op/grid2op,gh:lanl-ansi/powermodels.jl,gh:natlabrockies/h2integrate,gh:pypsa/pypsa"
yangzhaogit,unknown,,,gh:mesmo-dev/mesmo
yannickkirste,unknown,,,gh:akkudoktor-eos/eos
yanzhaochang,unknown,,,"gh:changgang/steps,gh:yanzhaochang/psatools-python"
yapanliu,academic,fraunhofer usa,USA,"gh:akkudoktor-eos/eos,gh:matpower/matpower"
yashsamit,unknown,,,gh:temoaproject/temoa
yasirroni,academic,university of melbourne | arpst-unimelb,AUS,"gh:ames-market/psst,gh:anl-ceeesa/unitcommitment.jl,gh:changgang/steps,gh:curent/andes,gh:e2niee/pandapower,gh:epri-dev/opender,gh:future-power-networks/simplus-grid-tool,gh:genxproject/genx.jl,gh:grid-parity-exchange/egret,gh:gridoptics/gridpack,gh:juliaenergy/powerdynamics.jl,gh:lanl-ansi/powermodels.jl,gh:matpower/matpower,gh:matpower/most,gh:mzy2240/esa,gh:natlabrockies/paraemt_public,gh:natlabrockies/pras,gh:nrel-sienna/powersimulations.jl,gh:nrel-sienna/powersimulationsdynamics.jl,gh:osemosys/osemosys,gh:pnnl/exago,gh:pnnl/tesp,gh:powergridmodel/power-grid-model,gh:powsybl/powsybl-core,gh:powsybl/powsybl-open-loadflow,gh:pypsa/pypsa,gh:rwl/pypower,gh:sanpen/veragrid,gh:sogno-platform/dpsim"
yasser508,unknown,,,gh:pielube/messpy
yassinuaimee,academic,,,gh:pypsa/pypsa
yaya-cloud,unknown,,,"gh:future-power-networks/simplus-grid-tool,gh:matpower/matpower,gh:natlabrockies/mafrit,gh:sogno-platform/dpsim"
yayima,unknown,,CHN,"gh:blue-marble/gridpath,gh:curent/andes,gh:dynawo/dynawo,gh:genxproject/genx.jl,gh:grid-parity-exchange/egret,gh:microgridspy/microgridspy,gh:natlabrockies/pysam,gh:natlabrockies/sam,gh:powergridmodel/power-grid-model,gh:powsybl/powsybl-core,gh:pypsa/pypsa,gh:switch-model/switch"
yazidmunsari,unknown,,,gh:powergridmodel/power-grid-model
ychoi-atop,professional,atop cloud,,"gh:assume-framework/assume,gh:powsybl/powsybl-core,gh:pypsa/pypsa"
ycrossx,unknown,,,gh:assume-framework/assume
yeesian,professional,googlers,,"gh:lanl-ansi/powermodels.jl,gh:lanl-ansi/powermodelsannex.jl,gh:pypsa/pypsa"
yeus,industry,xyntopia llc,USA,"gh:natlabrockies/pysam,gh:natlabrockies/sam"
yeyida,unknown,,,"gh:energy-modelling-toolkit/dispa-set,gh:pypsa/pypsa"
yhc-05,unknown,,,gh:akkudoktor-eos/eos
yhcinhust,unknown,,,"gh:changgang/steps,gh:e2niee/pandapower,gh:mbheinen/bpa-ipf-tsp,gh:rwl/pypower,gh:susantoj/pypower-dynamics"
yhwu,unknown,,,"gh:gridoptics/gridpack,gh:lanl-ansi/powermodels.jl,gh:rwl/pypower"
yi-xin-w,unknown,,,"gh:pypsa/pypsa,gh:susantoj/pypower-dynamics"
yibaoj,academic,shandong university,CHN,"gh:blue-marble/gridpath,gh:curent/andes,gh:e2niee/pandapower,gh:genxproject/genx.jl,gh:grid-parity-exchange/egret,gh:lanl-ansi/powermodels.jl,gh:matpower/matpower,gh:natlabrockies/paraemt_public,gh:powsybl/pypowsybl,gh:pypsa/pypsa,gh:sanpen/veragrid,gh:sogno-platform/dpsim"
yicuer,unknown,,,gh:g-pst/inertia
yidan888,unknown,,,"gh:adgefficiency/energy-py,gh:grid2op/grid2op"
yidouqi,unknown,,,gh:energyinnovation/eps-us
yifanz1125,academic,imperial college london,,"gh:curent/andes,gh:future-power-networks/simplus-grid-tool"
yifueve,unknown,,,gh:genxproject/genx.jl
yijiangtian,unknown,,,gh:antaressimulatorteam/antares_simulator
yin-cell,unknown,,,gh:rahmankhorramfar91/jpong
yinyue01,unknown,,,"gh:chengts95/rustpower,gh:natlabrockies/paraemt_public,gh:sogno-platform/dpsim"
yiqiaowang-arch,academic,eth zurich,CHE,gh:calliope-project/calliope
yixingxu,unknown,,,gh:breakthrough-energy/reise.jl
yji0728,unknown,,,gh:akkudoktor-eos/eos
yjy18291405285,unknown,,,gh:genxproject/genx.jl
yliu250,unknown,,,gh:gridoptics/gridpack
yliuutk,unknown,,,gh:gridoptics/gridpack
ylm518,unknown,,,"gh:adamgreenhall/minpower,gh:e2niee/pandapower,gh:future-power-networks/simplus-grid-tool,gh:matpower/matpower,gh:pypsa/pypsa,gh:thales1330/psp"
ylp-fairy,unknown,,,gh:oemof/oemof-solph
ylu283,unknown,,,"gh:gmlc-dispatches/dispatches,gh:grid-parity-exchange/egret"
ymiftah,unknown,,,"gh:anl-ceeesa/unitcommitment.jl,gh:e2niee/pandapower,gh:genxproject/genx.jl,gh:grid2op/grid2op,gh:lanl-ansi/powermodels.jl,gh:nrel-sienna/powersimulations.jl,gh:sanpen/veragrid,gh:spine-tools/spineopt.jl,gh:unsw-ceem/nempy"
ymizero,unknown,,,gh:spine-tools/spineopt.jl
ymranx,industry,,IND,gh:akkudoktor-eos/eos
yogee11,unknown,,,gh:akkudoktor-eos/eos
yond4im,industry,heig-vd-ie,CHE,"gh:e2niee/pandapower,gh:fzj-iek3-vsa/fine,gh:ipese/reho,gh:pypsa/pypsa,gh:spf-ost/optihood"
yopuedoiralbano,unknown,,,"gh:assume-framework/assume,gh:grid-parity-exchange/egret,gh:lanl-ansi/powermodels.jl,gh:microgridspy/microgridspy,gh:nreca-bts/omf"
yorick-navara,unknown,,,gh:powergridmodel/power-grid-model
yoshimo,unknown,,,gh:akkudoktor-eos/eos
youjinyu,unknown,,,gh:oemof/oemof-solph
youlseol,unknown,,,gh:akkudoktor-eos/eos
younes2808,industry,,NOR,gh:curent/andes
youngGaf,professional,pixels-hub,,gh:onsset/onsset
youngsomehow,unknown,,,"gh:critical-infrastructure-systems-lab/pownet,gh:curent/andes,gh:marvinler/pypownet,gh:matpower/matpower,gh:natlabrockies/mafrit,gh:richard-weinhold/pomato"
yourliuyang,unknown,,,gh:etsap-times/times_model
yousefazizi1982,industry,,,"gh:lanl-ansi/powermodels.jl,gh:powergridmodel/power-grid-model"
youyoucloud2024,unknown,,,"gh:genxproject/genx.jl,gh:prep-next/prep-shot"
yovitza,unknown,,,gh:oemof/oemof-solph
yshime,unknown,,,gh:natlabrockies/pysam
ysnbogt,unknown,,,"gh:genxproject/genx.jl,gh:nrel-sienna/powersimulations.jl"
yu-sc,unknown,,,gh:rwl/pypower
yu-yikai,unknown,,,"gh:natlabrockies/paraemt_public,gh:pypsa/pypsa,gh:sogno-platform/dpsim"
yuanchs,industry,,,"gh:bje-/nemo,gh:changgang/steps,gh:curent/andes,gh:dss-extensions/dss_capi,gh:e2niee/pandapower,gh:gridoptics/gridpack,gh:juliaenergy/powerdynamics.jl,gh:lanl-ansi/powermodels.jl,gh:matpower/most,gh:mbheinen/bpa-ipf-tsp,gh:natlabrockies/paraemt_public,gh:nrel-sienna/powersimulationsdynamics.jl,gh:pypsa/pypsa,gh:sanpen/veragrid,gh:sogno-platform/dpsim"
yuanhao12,unknown,,,gh:openipsl/openipsl
yuanzhi0515,unknown,,,"gh:ahalev/python-microgrid,gh:chrisyeh96/sustaingym,gh:e2niee/pandapower,gh:genxproject/genx.jl,gh:grid2op/grid2op,gh:pypsa/pypsa,gh:rwl/pypower"
yuanzy97,industry,,,"gh:changgang/steps,gh:critical-infrastructure-systems-lab/pownet,gh:curent/andes,gh:dss-extensions/dss_capi,gh:epri-dev/opender,gh:juliaenergy/powerdynamics.jl,gh:matpower/matpower,gh:mbheinen/bpa-ipf-tsp,gh:natlabrockies/emerge,gh:nrel-sienna/powersimulationsdynamics.jl,gh:openipsl/openipsl,gh:pnnl/tesp,gh:pypsa/pypsa,gh:rwl/pypower,gh:sanpen/veragrid,gh:sogno-platform/dpsim"
yudylan,unknown,,,"gh:adgefficiency/energy-py,gh:energy-modelling-toolkit/dispa-set"
yuenxq,unknown,,,gh:erf-model/erf
yuesir,unknown,,,gh:akkudoktor-eos/eos
yunboyang,unknown,,,gh:oemof/oemof-solph
yuncailiao,unknown,,,gh:ait-energy/iesopt.jl
yunolog,unknown,,,gh:rwl/pypower
yunusemreerken,academic,pamukkale university,TUR,gh:mesmo-dev/mesmo
yunuskink,utility,pse healthy energy,,gh:genxproject/genx.jl
yunxiao24,unknown,,,gh:nlr-distribution-suite/erad
yuson95,unknown,,,"gh:balmorelcommunity/balmorel,gh:fzj-iek3-vsa/fine,gh:oemof/oemof-solph,gh:oemof/oemof-thermal"
yusufturhan07,unknown,,FRA,gh:adgefficiency/energy-py
yutian11,unknown,,,"gh:matpower/matpower,gh:matpower/most"
yuwh2333,unknown,,,gh:leonardgoeke/anymod.jl
yuxuguangdlut,unknown,,,"gh:energy-modelling-toolkit/dispa-set,gh:pypsa/pypsa"
yuzhang49,academic,"university of california, santa cruz",USA,"gh:curent/andes,gh:grid2op/grid2op,gh:lanl-ansi/powermodels.jl,gh:natlabrockies/paraemt_public"
yuzhangnju,academic,shanghai jiao tong university,CHN,"gh:etsap-times/times_model,gh:iiasa/message_ix"
yvesmbayi-ui,unknown,,,"gh:e2niee/pandapower,gh:powsybl/powsybl-open-loadflow,gh:powsybl/pypowsybl,gh:pypsa/pypsa,gh:roseautechnologies/roseau_load_flow"
ywan2679,unknown,,,"gh:curent/andes,gh:e2niee/pandapower,gh:electa-git/flexplan.jl,gh:epgoxford/open,gh:genxproject/genx.jl,gh:lanl-ansi/powermodels.jl,gh:mesmo-dev/mesmo,gh:natlabrockies/pras,gh:nrel-sienna/powersimulationsdynamics.jl,gh:nrel-sienna/powersystemsinvestments.jl,gh:opencemorg/opencem,gh:pypsa/pypsa"
ywangee,unknown,,,gh:powergridmodel/power-grid-model
yxq953,unknown,,,gh:akkudoktor-eos/eos
yybbhn,academic,,,gh:erf-model/erf
yydxlv,professional,jd,CHN,"gh:adgefficiency/energy-py,gh:grid2op/grid2op,gh:pypsa/pypsa"
yzhan496,unknown,,,gh:genxproject/genx.jl
yzhuold,academic,hong kong polytechnic university,HKG,"gh:future-power-networks/simplus-grid-tool,gh:openipsl/openipsl"
yzl5203,academic,christmas island,CHN,gh:akkudoktor-eos/eos
yzuizs,unknown,,,gh:genxproject/genx.jl
zackautocracy,unknown,,FRA,gh:akkudoktor-eos/eos
zacps,industry,,NZL,gh:assume-framework/assume
zaengler,unknown,,,gh:akkudoktor-eos/eos
zafzafzaf,unknown,,DEU,gh:akkudoktor-eos/eos
zaidmahmood,unknown,,,"gh:curent/andes,gh:matpower/matpower"
zaka41a,academic,,DEU,gh:assume-framework/assume
zamanashiq3,professional,gist,KOR,gh:adgefficiency/energy-py
zanellia,academic,,,"gh:dynawo/dynawo,gh:natlabrockies/paraemt_public,gh:powsybl/powsybl-open-loadflow,gh:sanpen/veragrid"
zaneselvans,professional,catalyst-cooperative,MEX,"gh:blue-marble/gridpath,gh:calliope-project/calliope,gh:curent/andes,gh:e2niee/pandapower,gh:eiagov/bluesky,gh:genxproject/genx.jl,gh:osemosys/osemosys,gh:pypsa/pypsa,gh:switch-model/switch,gh:temoaproject/temoa"
zappience,industry,,DEU,gh:akkudoktor-eos/eos
zaramessy,unknown,,,"gh:energymodelsx/energymodelsbase.jl,gh:lanl-ansi/powermodels.jl,gh:nrel-sienna/powersimulations.jl,gh:nrel-sienna/powersimulationsdynamics.jl,gh:nrel-sienna/powersystemsinvestments.jl"
zazaferjancsik,professional,kalavasta,NLD,gh:quintel/pyetm
zbb3211,unknown,,,gh:genxproject/genx.jl
zchaocoder,academic,,DNK,"gh:iiasa/message_ix,gh:pypsa/pypsa"
zebrajack,professional,pungke,CHN,gh:openipsl/openipsl
zebrassimo,unknown,,DEU,gh:akkudoktor-eos/eos
zeleih,unknown,,,gh:curent/andes
zengfengzengfeng,unknown,,,gh:genxproject/genx.jl
zeniconcombres,industry,,AUS,"gh:natlabrockies/paraemt_public,gh:opencemorg/opencem"
zenshuo100,unknown,,,"gh:ames-market/psst,gh:calliope-project/calliope,gh:critical-infrastructure-systems-lab/pownet,gh:e2niee/pandapower,gh:fzj-iek3-vsa/fine,gh:manuvarkey/gelectrical,gh:oemof/oemof-solph,gh:sanpen/veragrid,gh:thales1330/psp"
zeristor,unknown,,GBR,"gh:adgefficiency/energy-py,gh:e2niee/pandapower,gh:pypsa/pypsa"
zerohuanqing,unknown,,,gh:genxproject/genx.jl
zeronewb,unknown,,,gh:erf-model/erf
zhaiguangsong,unknown,,,gh:fzj-iek3-vsa/fine
zhang-quan87,unknown,,CHN,gh:natlabrockies/reopt_api
zhanghaoyang1993,academic,tu/e,NLD,"gh:emlab/emlab-generation,gh:kiedanski/pymarket"
zhanghx17,unknown,,,"gh:adamgreenhall/minpower,gh:ames-market/psst,gh:curent/andes,gh:e2niee/pandapower,gh:mbheinen/bpa-ipf-tsp,gh:pypsa/pypsa,gh:rwl/pypower,gh:sanpen/veragrid,gh:susantoj/pypower-dynamics,gh:switch-model/switch"
zhanglala99,professional,a*star,,gh:akkudoktor-eos/eos
zhangminmim,unknown,,,gh:erf-model/erf
zhangqiantamu,unknown,,,"gh:chrisyeh96/sustaingym,gh:curent/andes,gh:grid-parity-exchange/egret,gh:mzy2240/esa,gh:natlabrockies/pras"
zhangshixuan1987,government,,USA,gh:erf-model/erf
zhangyahui680,unknown,,,"gh:calliope-project/calliope,gh:tum-ens/urbs"
zhangyl03,unknown,,,"gh:calliope-project/calliope,gh:osemosys/osemosys,gh:tum-ens/urbs"
zhangzia,academic,binghamton university,,"gh:curent/andes,gh:nrel-sienna/powersimulationsdynamics.jl"
zhaopufeng,unknown,,BEN,gh:akkudoktor-eos/eos
zhdwwf,professional,ncepu,CHN,"gh:e2niee/pandapower,gh:genxproject/genx.jl,gh:manuvarkey/gelectrical,gh:matpower/matpower,gh:pypsa/pypsa,gh:sanpen/veragrid"
zhen0427,unknown,,,gh:powergridmodel/power-grid-model
zhengnan365,utility,,,gh:pielube/messpy
zhenzheniscrazy,unknown,,,gh:rwl/pypower
zhenzisong,unknown,,,gh:epgoxford/open
zhf026,academic,hunan university,CHN,gh:rwl/pypower
zhichuanma,academic,zhejiang university - ecole polytechnique - university of exeter,GBR,"gh:energyscope/energyscope,gh:ipese/reho,gh:pypsa/pypsa"
zhimaerfan,unknown,,,"gh:adgefficiency/energy-py,gh:gh:adgefficiency/energy-py-linear,gh:e2niee/pandapower,gh:pypsa/pypsa"
zhiwei-roy-0803,academic,"nanyang technological university, singapore",SGP,gh:mesmo-dev/mesmo
zhouk2020,unknown,,,"gh:grid2op/grid2op,gh:pielube/messpy"
zhoupeng1982,unknown,,,"gh:mbheinen/bpa-ipf-tsp,gh:natlabrockies/paraemt_public,gh:sogno-platform/dpsim"
zhouxiangni,academic,city university of hong kong,HKG,gh:rwl/pypower
zhsain,unknown,,,"gh:natlabrockies/h2integrate,gh:natlabrockies/hopp,gh:pypsa/pypsa"
zhugang-hub,unknown,,,gh:richard-weinhold/pomato
zhui99,unknown,,,gh:curent/andes
zhukeyu250712,unknown,,,gh:adgefficiency/energy-py
zhuohui25,unknown,,,gh:energyinnovation/eps-us
zhuwenxing,research,milvus-io mmga-lab,CHN,gh:adgefficiency/energy-py
ziermmar,unknown,,,gh:akkudoktor-eos/eos
zijin2,unknown,,,gh:adgefficiency/energy-py
zilinxiao,unknown,,,"gh:e2niee/pandapower,gh:rwl/pypower"
zilinzhuang,unknown,,USA,gh:curent/andes
zinzli,unknown,,,gh:fzj-iek3-vsa/fine
zisuo,unknown,,,gh:etsap-times/times_model
zixiaoo,unknown,,,"gh:rwl/pypower,gh:sanpen/veragrid"
zizaijiyigong,unknown,,,"gh:grid2op/chronix2grid,gh:grid2op/grid2op,gh:gridfm/gridfm-graphkit"
zizigoolooasipasi,unknown,,,gh:epgoxford/open
zjtone,unknown,,,gh:rwl/pypower
zkschmitz,unknown,,,"gh:natlabrockies/reeds-2.0,gh:pencleanenergy/match-model,gh:switch-model/switch"
zldong1987,unknown,,,gh:rwl/pypower
zlopez101,unknown,,,gh:pencleanenergy/match-model
zmuen,professional,ekotrope,USA,gh:ie3-institute/simona
zmughal,academic,,USA,gh:antaressimulatorteam/antares_simulator
zockr,unknown,,DEU,gh:akkudoktor-eos/eos
zoe2121,unknown,,,gh:adgefficiency/energy-py
zoe667,academic,massachusetts institute of technology,,"gh:genxproject/genx.jl,gh:hope-model-project/hope"
zoefarre,unknown,,,gh:roseautechnologies/roseau_load_flow
zoke,unknown,,,gh:genxproject/genx.jl
zolanaj,government,national renewable energy laboratory,USA,gh:natlabrockies/reopt.jl
zoltanmaric,utility,1.21 gigawatts | equilibrium energy,HRV,"gh:calliope-project/calliope,gh:e2niee/pandapower,gh:pypsa/pypsa"
zorko1000,unknown,,,gh:akkudoktor-eos/eos
zoudehupowersystem,industry,,,"gh:chengts95/rustpower,gh:mbheinen/bpa-ipf-tsp"
zouzijian,unknown,,,gh:akkudoktor-eos/eos
zq535,unknown,,,gh:energyinnovation/eps-us
zqq123321,unknown,,,gh:tum-ewk/ficus
zrg1993,unknown,,,"gh:macroenergy/macroenergy.jl,gh:powergridmodel/power-grid-model,gh:powsybl/pypowsybl,gh:pypsa/pypsa,gh:slacgismo/tess"
zsl01,unknown,,,gh:rwl/pypower
zszalan98,unknown,,,"gh:genxproject/genx.jl,gh:nrel-sienna/powersimulations.jl"
zthatch,utility,ls power,USA,gh:natlabrockies/reopt_api
zubairzakir,unknown,,,"gh:akkudoktor-eos/eos,gh:pypsa/pypsa,gh:sei-international/nemomod.jl,gh:temoaproject/temoa"
zuolengleng,unknown,,,gh:richard-weinhold/pomato
zuolion,unknown,,,"gh:openipsl/openipsl,gh:transient-official/transient-lib"
zvalasksa,unknown,,,gh:openipsl/openipsl
zwarag,academic,raiffeisensoftware segmentationvault,AUT,gh:akkudoktor-eos/eos
zwiebo,unknown,,,"gh:energy-modelling-toolkit/dispa-set,gh:etsap-times/times_model,gh:iiasa/message_ix,gh:inwe-boku/medea,gh:oemof/oemof-solph,gh:pypsa/pypsa"
zxc135781,professional,moefront,CHN,gh:akkudoktor-eos/eos
zxdi,unknown,,,gh:idaholab/hybrid
zxy7777,unknown,,,gh:curent/andes
zxzzf,unknown,,,gh:curent/andes
zypher22,unknown,,,"gh:calliope-project/calliope,gh:e2niee/pandapower,gh:grid-parity-exchange/egret,gh:natlabrockies/pysam,gh:natlabrockies/sam,gh:tum-ens/urbs"
zyx53040,unknown,,,gh:powergridmodel/power-grid-model
zzccaadd,unknown,,,gh:curent/andes
zzmycx1,unknown,,,gh:upb-lea/electricgrid.jl
zzwz02,unknown,,,gh:erf-model/erf
zzx-xju,unknown,,CHN,gh:epgoxford/open
zzzoom,academic,universidad nacional de cordoba,ARG,gh:gridoptics/gridpack
zzzzty29,academic,tsinghua university,CHN,gh:genxproject/genx.jl
